name,kegg,cls,fc,logfc,pval,mean_natto,mean_soy,direction,model_id,model_name,compartment,ex_lb,ex_ub,pathways_s2,constraint_type
N-Acetyl-L-histidine,C02997,Carboxylic acids and derivatives,1455.3357,10.5071,0.022032,0.179663,0.000123,natto_up,M_cpd00119_e,L-Histidine_C6H9N3O2,Extracellular,5.2536,1000.0,ABC transporters - Glycine max (soybean) | Aminoacyl-tRNA biosynthesis - Glycine max (soybean) | Biosynthesis of amino acids - Glycine max (soybean) | Biosynthesis of secondary metabolites - Glycine max (soybean) | Histidine metabolism - Glycine max (soybean) | Metabolic pathways - Glycine max (soybean) | beta-Alanine metabolism - Glycine max (soybean),secretion
"Guanosine 3',5'-cyclic monophosphate",C00942,Nucleotide and its derivates,287.3774,8.1668,0.02884,0.008377,2.9e-05,natto_up,M_cpd02740_c,Guanosine_3'-diphosphate 5'-triphosphate_C10H13N5O20P5,Cytosol,4.0834,1000.0,,secretion
D-Xylulose,C00310,Carbohydrates,220.4675,7.7844,0.044336,0.030778,0.00014,natto_up,M_cpd00259_c,D-Xylulose_C5H10O5,Cytosol,3.8922,1000.0,Metabolic pathways - Glycine max (soybean),secretion
7-Methylguanine,C02242,Imidazopyrimidines,165.1878,7.368,0.034794,0.05609,0.00034,natto_up,M_cpd00207_e,Guanine_C5H5N5O,Extracellular,3.684,1000.0,,secretion
L-Lysine;L-Glutamine,C00047;C00064,Amino acid and derivatives;amino acids,118.2028,6.8851,0.016548,1.435423,0.012144,natto_up,M_cpd00039_e,L-Lysine_C6H15N2O2,Extracellular,3.4426,1000.0,"2-Oxocarboxylic acid metabolism - Glycine max (soybean) | ABC transporters - Glycine max (soybean) | Aminoacyl-tRNA biosynthesis - Glycine max (soybean) | Biosynthesis of amino acids - Glycine max (soybean) | Biosynthesis of secondary metabolites - Glycine max (soybean) | Biotin metabolism - Glycine max (soybean) | Lysine biosynthesis - Glycine max (soybean) | Lysine degradation - Glycine max (soybean) | Metabolic pathways - Glycine max (soybean) | Tropane, piperidine and pyridine alkaloid biosynthesis - Glycine max (soybean)",secretion
Adenine,C00147,Nucleotide and its derivates,118.0367,6.8831,0.036755,0.043219,0.000366,natto_up,M_cpd00128_e,Adenine_C5H5N5,Extracellular,3.4415,1000.0,Metabolic pathways - Glycine max (soybean) | Purine metabolism - Glycine max (soybean) | Zeatin biosynthesis - Glycine max (soybean),secretion
L-Ornithine,C01602;C00077,Amino acid and derivatives;amino acids,97.7059,6.6104,0.025043,0.152505,0.001561,natto_up,M_cpd00064_e,L-Ornithine_C5H13N2O2,Extracellular,3.3052,1000.0,2-Oxocarboxylic acid metabolism - Glycine max (soybean) | ABC transporters - Glycine max (soybean) | Arginine and proline metabolism - Glycine max (soybean) | Arginine biosynthesis - Glycine max (soybean) | Biosynthesis of amino acids - Glycine max (soybean) | Biosynthesis of secondary metabolites - Glycine max (soybean) | Biosynthesis of secondary metabolites - other antibiotics - Glycine max (soybean) | Biosynthesis of secondary metabolites - unclassified - Glycine max (soybean) | Glutathione metabolism - Glycine max (soybean) | Metabolic pathways - Glycine max (soybean),secretion
N-Acetylarylamine,C07565,Benzene and substituted derivatives,91.2165,6.5112,0.042835,0.053904,0.000591,natto_up,M_cpd00196_c,Acetyl_phosphate_C2H4O5P,Cytosol,3.2556,1000.0,,secretion
(S)-2-Acetolactate,C06010,Keto acids and derivatives,82.303,6.3629,0.025097,0.033506,0.000407,natto_up,M_cpd00668_c,2-Acetolactate_C5H7O4,Cytosol,3.1814,1000.0,"2-Oxocarboxylic acid metabolism - Glycine max (soybean) | Biosynthesis of amino acids - Glycine max (soybean) | Biosynthesis of secondary metabolites - Glycine max (soybean) | Butanoate metabolism - Glycine max (soybean) | C5-Branched dibasic acid metabolism - Glycine max (soybean) | Metabolic pathways - Glycine max (soybean) | Pantothenate and CoA biosynthesis - Glycine max (soybean) | Valine, leucine and isoleucine biosynthesis - Glycine max (soybean)",secretion
N6-Acetyl-L-lysine,C02727,Amino acid and derivatives,82.0102,6.3577,0.02246,0.23375,0.00285,natto_up,M_cpd00039_e,L-Lysine_C6H15N2O2,Extracellular,3.1789,1000.0,"2-Oxocarboxylic acid metabolism - Glycine max (soybean) | ABC transporters - Glycine max (soybean) | Aminoacyl-tRNA biosynthesis - Glycine max (soybean) | Biosynthesis of amino acids - Glycine max (soybean) | Biosynthesis of secondary metabolites - Glycine max (soybean) | Biotin metabolism - Glycine max (soybean) | Lysine biosynthesis - Glycine max (soybean) | Lysine degradation - Glycine max (soybean) | Metabolic pathways - Glycine max (soybean) | Tropane, piperidine and pyridine alkaloid biosynthesis - Glycine max (soybean)",secretion
L-Isoleucine;L-Leucine,C00407;C00123,Amino acid and derivatives,76.4445,6.2563,0.026028,0.254267,0.003326,natto_up,M_cpd00322_e,L-Isoleucine_C6H13NO2,Extracellular,3.1282,1000.0,"2-Oxocarboxylic acid metabolism - Glycine max (soybean) | ABC transporters - Glycine max (soybean) | Aminoacyl-tRNA biosynthesis - Glycine max (soybean) | Biosynthesis of amino acids - Glycine max (soybean) | Biosynthesis of secondary metabolites - Glycine max (soybean) | Cyanoamino acid metabolism - Glycine max (soybean) | Glucosinolate biosynthesis - Glycine max (soybean) | Metabolic pathways - Glycine max (soybean) | Tropane, piperidine and pyridine alkaloid biosynthesis - Glycine max (soybean) | Valine, leucine and isoleucine biosynthesis - Glycine max (soybean) | Valine, leucine and isoleucine degradation - Glycine max (soybean)",secretion
Isoleucine,C16434;C06418,Amino acid and derivatives,76.4445,6.2563,0.026028,0.254267,0.003326,natto_up,M_cpd00322_e,L-Isoleucine_C6H13NO2,Extracellular,3.1282,1000.0,"2-Oxocarboxylic acid metabolism - Glycine max (soybean) | ABC transporters - Glycine max (soybean) | Aminoacyl-tRNA biosynthesis - Glycine max (soybean) | Biosynthesis of amino acids - Glycine max (soybean) | Biosynthesis of secondary metabolites - Glycine max (soybean) | Cyanoamino acid metabolism - Glycine max (soybean) | Glucosinolate biosynthesis - Glycine max (soybean) | Metabolic pathways - Glycine max (soybean) | Tropane, piperidine and pyridine alkaloid biosynthesis - Glycine max (soybean) | Valine, leucine and isoleucine biosynthesis - Glycine max (soybean) | Valine, leucine and isoleucine degradation - Glycine max (soybean)",secretion
Phloretic acid;Ethylparaben;3-(2-Hydroxyphenyl)propanoic acid,C01744;C01198,Phenols;Phenylpropanoic acids,72.3636,6.1772,0.022761,0.783704,0.01083,natto_up,M_cpd00430_c,Phenyl_acetate_C8H8O2,Cytosol,3.0886,1000.0,,secretion
L-Phenylalanine;D-(+)-Phenylalanine;DL-Phenylalanine,C00079;C02265;C02057,Amino acid and derivatives;Phenols;amino acids,68.7491,6.1033,0.023673,7.529274,0.109518,natto_up,M_cpd00066_c,L-Phenylalanine_C9H11NO2,Cytosol,3.0516,1000.0,"2-Oxocarboxylic acid metabolism - Glycine max (soybean) | ABC transporters - Glycine max (soybean) | Aminoacyl-tRNA biosynthesis - Glycine max (soybean) | Biosynthesis of amino acids - Glycine max (soybean) | Biosynthesis of secondary metabolites - Glycine max (soybean) | Cyanoamino acid metabolism - Glycine max (soybean) | Glucosinolate biosynthesis - Glycine max (soybean) | Metabolic pathways - Glycine max (soybean) | Phenylalanine metabolism - Glycine max (soybean) | Phenylalanine, tyrosine and tryptophan biosynthesis - Glycine max (soybean) | Tropane, piperidine and pyridine alkaloid biosynthesis - Glycine max (soybean)",secretion
Stachyose,C01613,Organooxygen compounds,0.0155,-6.0157,0.034995,0.000731,0.047287,soy_up,M_cpd01133_c,Stachyose_C24H42O21,Cytosol,-1000.0,-3.0078,Galactose metabolism - Glycine max (soybean) | Metabolic pathways - Glycine max (soybean),uptake
D-Maltose,C00208,Carbohydrates,0.0181,-5.7914,0.001502,0.016276,0.901411,soy_up,M_cpd00179_e,Maltose_C12H22O11,Extracellular,-1000.0,-2.8957,ABC transporters - Glycine max (soybean) | Metabolic pathways - Glycine max (soybean),uptake
Phenethylamine,C05332,Benzene and substituted derivatives,55.355,5.7906,0.01423,0.018381,0.000332,natto_up,M_cpd03161_e,Phenethylamine_C8H12N,Extracellular,2.8953,1000.0,Metabolic pathways - Glycine max (soybean) | Phenylalanine metabolism - Glycine max (soybean),secretion
L-Histidine,C00135,Amino acid and derivatives;amino acids,34.4703,5.1073,0.027905,0.511827,0.014848,natto_up,M_cpd00119_e,L-Histidine_C6H9N3O2,Extracellular,2.5536,1000.0,ABC transporters - Glycine max (soybean) | Aminoacyl-tRNA biosynthesis - Glycine max (soybean) | Biosynthesis of amino acids - Glycine max (soybean) | Biosynthesis of secondary metabolites - Glycine max (soybean) | Histidine metabolism - Glycine max (soybean) | Metabolic pathways - Glycine max (soybean) | beta-Alanine metabolism - Glycine max (soybean),secretion
Leukotriene F4,C06462,Fatty Acyls,0.0293,-5.0938,0.045121,5.1e-05,0.001753,soy_up,M_cpd03540_c,Leukotriene_D4_C25H39N2O6S,Cytosol,-1000.0,-2.5469,Metabolic pathways - Glycine max (soybean),uptake
N6-isopentenyladenosine,,phytohormone,30.5668,4.9339,0.026615,0.00138,4.5e-05,natto_up,M_cpd00113_c,Isopentenyl_diphosphate_C5H10O7P2,Cytosol,2.4669,1000.0,,secretion
N-Acetyl-l-leucine,C02710,Amino acid and derivatives,26.2115,4.7121,0.037516,0.004362,0.000166,natto_up,M_cpd00107_e,L-Leucine_C6H13NO2,Extracellular,2.3561,1000.0,"2-Oxocarboxylic acid metabolism - Glycine max (soybean) | ABC transporters - Glycine max (soybean) | Aminoacyl-tRNA biosynthesis - Glycine max (soybean) | Biosynthesis of amino acids - Glycine max (soybean) | Biosynthesis of secondary metabolites - Glycine max (soybean) | Glucosinolate biosynthesis - Glycine max (soybean) | Metabolic pathways - Glycine max (soybean) | Valine, leucine and isoleucine biosynthesis - Glycine max (soybean) | Valine, leucine and isoleucine degradation - Glycine max (soybean)",secretion
Proline;L-Proline,C00148,Amino acid and derivatives;amino acids,25.98,4.6993,0.005749,0.955155,0.036765,natto_up,M_cpd01293_e,5-Oxoproline_C5H6NO3,Extracellular,2.3497,1000.0,ABC transporters - Glycine max (soybean) | Aminoacyl-tRNA biosynthesis - Glycine max (soybean) | Arginine and proline metabolism - Glycine max (soybean) | Biosynthesis of amino acids - Glycine max (soybean) | Biosynthesis of secondary metabolites - Glycine max (soybean) | Glutathione metabolism - Glycine max (soybean) | Metabolic pathways - Glycine max (soybean),secretion
Glycine,C00037,Alkaloids;amino acids,25.9722,4.6989,0.012762,0.001363,5.2e-05,natto_up,M_cpd00033_e,Glycine_C2H5NO2,Extracellular,2.3494,1000.0,"ABC transporters - Glycine max (soybean) | Aminoacyl-tRNA biosynthesis - Glycine max (soybean) | Biosynthesis of amino acids - Glycine max (soybean) | Biosynthesis of secondary metabolites - Glycine max (soybean) | Carbon metabolism - Glycine max (soybean) | Cyanoamino acid metabolism - Glycine max (soybean) | Glutathione metabolism - Glycine max (soybean) | Glycine, serine and threonine metabolism - Glycine max (soybean) | Glyoxylate and dicarboxylate metabolism - Glycine max (soybean) | Lysine degradation - Glycine max (soybean) | Metabolic pathways - Glycine max (soybean) | Phosphonate and phosphinate metabolism - Glycine max (soybean) | Porphyrin and chlorophyll metabolism - Glycine max (soybean) | Purine metabolism - Glycine max (soybean) | Vancomycin resistance - Glycine max (soybean)",secretion
Glutathione oxidized,C00127,Amino acid and derivatives,25.0163,4.6448,0.036077,0.000639,2.6e-05,natto_up,M_cpd00042_c,Glutathione_C10H16N3O6S,Cytosol,2.3224,1000.0,,secretion
L-Valine,C00183,Amino acid and derivatives;amino acids,23.5757,4.5592,0.009681,0.180053,0.007637,natto_up,M_cpd00156_e,L-Valine_C5H11NO2,Extracellular,2.2796,1000.0,"2-Oxocarboxylic acid metabolism - Glycine max (soybean) | ABC transporters - Glycine max (soybean) | Aminoacyl-tRNA biosynthesis - Glycine max (soybean) | Biosynthesis of amino acids - Glycine max (soybean) | Biosynthesis of secondary metabolites - Glycine max (soybean) | Cyanoamino acid metabolism - Glycine max (soybean) | Glucosinolate biosynthesis - Glycine max (soybean) | Metabolic pathways - Glycine max (soybean) | Pantothenate and CoA biosynthesis - Glycine max (soybean) | Valine, leucine and isoleucine biosynthesis - Glycine max (soybean) | Valine, leucine and isoleucine degradation - Glycine max (soybean)",secretion
Adenosine 5'-monophosphate,C00020,Nucleotide and its derivates,0.0546,-4.1957,0.043894,0.015895,0.291282,soy_up,M_cpd00700_e,Adenosine_2'-phosphate_C10H13N5O7P,Extracellular,-1000.0,-2.0979,,uptake
Cytidine,C00475,Nucleotide and its derivates,17.8346,4.1566,0.030357,0.004383,0.000246,natto_up,M_cpd01991_e,Cytidine_2'-phosphate_C9H13N3O8P,Extracellular,2.0783,1000.0,ABC transporters - Glycine max (soybean) | Metabolic pathways - Glycine max (soybean) | Pyrimidine metabolism - Glycine max (soybean),secretion
DL-Alanine;L-Alanine,C01401;C00041,Alkaloids;Amino acid and derivatives;amino acids,17.7254,4.1477,0.045386,0.054682,0.003085,natto_up,M_cpd00035_e,L-Alanine_C3H7NO2,Extracellular,2.0739,1000.0,"ABC transporters - Glycine max (soybean) | Alanine, aspartate and glutamate metabolism - Glycine max (soybean) | Aminoacyl-tRNA biosynthesis - Glycine max (soybean) | Biosynthesis of amino acids - Glycine max (soybean) | Carbon fixation in photosynthetic organisms - Glycine max (soybean) | Carbon metabolism - Glycine max (soybean) | Cyanoamino acid metabolism - Glycine max (soybean) | Cysteine and methionine metabolism - Glycine max (soybean) | Metabolic pathways - Glycine max (soybean) | Taurine and hypotaurine metabolism - Glycine max (soybean) | Vancomycin resistance - Glycine max (soybean)",secretion
5'-Deoxyadenosine,C05198,Nucleotide and its derivates,17.2036,4.1046,0.037001,0.006252,0.000363,natto_up,M_cpd03091_c,5'-Deoxyadenosine_C10H13N5O3,Cytosol,2.0523,1000.0,ABC transporters - Glycine max (soybean) | Metabolic pathways - Glycine max (soybean) | Purine metabolism - Glycine max (soybean),secretion
(S)-2-Aceto-2-hydroxybutanoate,C06006,Keto acids and derivatives,16.6648,4.0587,0.01754,0.015206,0.000912,natto_up,M_cpd00498_c,2-Aceto-2-hydroxybutanoate_C6H9O4,Cytosol,2.0294,1000.0,"2-Oxocarboxylic acid metabolism - Glycine max (soybean) | Biosynthesis of amino acids - Glycine max (soybean) | Biosynthesis of secondary metabolites - Glycine max (soybean) | Metabolic pathways - Glycine max (soybean) | Valine, leucine and isoleucine biosynthesis - Glycine max (soybean)",secretion
Glucosamine,C00329,Carbohydrates,16.386,4.0344,0.042495,0.000665,4.1e-05,natto_up,M_cpd03488_c,Undecaprenyl-diphospho-N-acetylmuramoyl-(N-acetylglucosamine)-L-_alanyl-D-glutaminyl-L-lysyl-D-alanyl-D-alanine_C94H155N9O25P2,Cytosol,2.0172,1000.0,Amino sugar and nucleotide sugar metabolism - Glycine max (soybean) | Metabolic pathways - Glycine max (soybean),secretion
Galactose 1-phosphate,C00446;C03384,Organooxygen compounds,14.9434,3.9014,0.044495,0.009979,0.000668,natto_up,M_cpd00208_e,Lactose_C12H22O11,Extracellular,1.9507,1000.0,Amino sugar and nucleotide sugar metabolism - Glycine max (soybean) | Galactose metabolism - Glycine max (soybean) | Metabolic pathways - Glycine max (soybean),secretion
Glycerophosphocholine,C00670,Cholines,0.0748,-3.74,0.000255,3.2e-05,0.000423,soy_up,M_cpd00098_e,Choline_C5H14NO,Extracellular,-1000.0,-1.87,,uptake
L-Homoserine,C00263,Amino acid and derivatives,12.2237,3.6116,0.033652,0.068145,0.005575,natto_up,M_cpd00227_c,L-Homoserine_C4H9NO3,Cytosol,1.8058,1000.0,"Biosynthesis of amino acids - Glycine max (soybean) | Biosynthesis of secondary metabolites - Glycine max (soybean) | Cysteine and methionine metabolism - Glycine max (soybean) | Glycine, serine and threonine metabolism - Glycine max (soybean) | Lysine biosynthesis - Glycine max (soybean) | Metabolic pathways - Glycine max (soybean) | Sulfur metabolism - Glycine max (soybean)",secretion
L-Threonine,C00188,Amino acid and derivatives;amino acids,12.2237,3.6116,0.033652,0.068145,0.005575,natto_up,M_cpd00161_e,L-Threonine_C4H9NO3,Extracellular,1.8058,1000.0,"ABC transporters - Glycine max (soybean) | Aminoacyl-tRNA biosynthesis - Glycine max (soybean) | Biosynthesis of amino acids - Glycine max (soybean) | Biosynthesis of secondary metabolites - Glycine max (soybean) | Glycine, serine and threonine metabolism - Glycine max (soybean) | Metabolic pathways - Glycine max (soybean) | Monobactam biosynthesis - Glycine max (soybean) | Porphyrin and chlorophyll metabolism - Glycine max (soybean) | Valine, leucine and isoleucine biosynthesis - Glycine max (soybean)",secretion
Sulfuretin,C08730,Flavonoids,10.3874,3.3768,0.039481,0.008948,0.000861,natto_up,M_cpd00074_c,Sulfur_S,Cytosol,1.6884,1000.0,,secretion
"5-Phenyl-1,3-oxazinane-2,4-dione",C16596,Benzene and substituted derivatives,10.3332,3.3692,0.018169,0.000505,4.9e-05,natto_up,M_cpd00430_c,Phenyl_acetate_C8H8O2,Cytosol,1.6846,1000.0,,secretion
Porphobilinogen,C00931,Organonitrogen compounds,10.2316,3.355,0.001067,7.1e-05,7e-06,natto_up,M_cpd00689_c,Porphobilinogen_C10H13N2O4,Cytosol,1.6775,1000.0,Biosynthesis of secondary metabolites - Glycine max (soybean) | Metabolic pathways - Glycine max (soybean) | Porphyrin and chlorophyll metabolism - Glycine max (soybean),secretion
Indole-3-acetic acid,C00954,phytohormone,8.9955,3.1692,0.002146,0.00229,0.000255,natto_up,M_cpd00359_c,Indole_C8H7N,Cytosol,1.5846,1000.0,"Biosynthesis of secondary metabolites - Glycine max (soybean) | Metabolic pathways - Glycine max (soybean) | Phenylalanine, tyrosine and tryptophan biosynthesis - Glycine max (soybean) | Tryptophan metabolism - Glycine max (soybean)",secretion
Pseudouridine 5'-phosphate,C01168,Organooxygen compounds,0.1185,-3.0776,0.002514,0.000218,0.001839,soy_up,M_cpd00249_e,Uridine_C9H12N2O6,Extracellular,-1000.0,-1.5388,Metabolic pathways - Glycine max (soybean) | Pyrimidine metabolism - Glycine max (soybean),uptake
Tropine acetate;3-Acetoxytropane,C12452;C12453,Alkaloids,7.8852,2.9792,0.006851,0.00458,0.000581,natto_up,M_cpd00029_e,Acetate_C2H3O2,Extracellular,1.4896,1000.0,,secretion
Deoxyadenosine,C00559,Nucleotide and its derivates,5.8119,2.539,0.008577,0.000145,2.5e-05,natto_up,M_cpd00438_e,Deoxyadenosine_C10H13N5O3,Extracellular,1.2695,1000.0,ABC transporters - Glycine max (soybean) | Metabolic pathways - Glycine max (soybean) | Purine metabolism - Glycine max (soybean),secretion
2-Hydroxyethanesulfonate,C05123,Organic acids,0.1787,-2.4844,0.000262,0.000295,0.001648,soy_up,M_cpd03048_e,2-Hydroxyethanesulfonate_C2H5O4S,Extracellular,-1000.0,-1.2422,Metabolic pathways - Glycine max (soybean) | Taurine and hypotaurine metabolism - Glycine max (soybean),uptake
Hyperoside;Quercetin 3-galactoside,C10073,Flavonoids,5.5775,2.4796,0.004503,0.000134,2.4e-05,natto_up,M_cpd00313_c,Quercetin_C15H9O7,Cytosol,1.2398,1000.0,,secretion
Nicotinamide,C00153,Alkaloids,5.4093,2.4355,0.009088,0.004168,0.00077,natto_up,M_cpd00133_c,Nicotinamide_C6H6N2O,Cytosol,1.2177,1000.0,Metabolic pathways - Glycine max (soybean) | Nicotinate and nicotinamide metabolism - Glycine max (soybean),secretion
4-Aminobutanoic acid,C00334,Organic acids and derivatives,0.1927,-2.3755,0.013098,0.000144,0.000745,soy_up,M_cpd00211_c,Butanoic_acid_C4H7O2,Cytosol,-1000.0,-1.1877,,uptake
2'-Deoxyuridine;Deoxyuridine,C00526,Nucleotide and its derivates,4.9277,2.3009,0.001258,0.000673,0.000137,natto_up,M_cpd00412_c,Deoxyuridine_C9H12N2O5,Cytosol,1.1505,1000.0,ABC transporters - Glycine max (soybean) | Metabolic pathways - Glycine max (soybean) | Pyrimidine metabolism - Glycine max (soybean),secretion
S-Lactoylglutathione,C03451,Carboxylic acids and derivatives,4.8272,2.2712,0.019741,0.000114,2.4e-05,natto_up,M_cpd02182_c,(R)-S-Lactoylglutathione_C13H20N3O8S,Cytosol,1.1356,1000.0,Metabolic pathways - Glycine max (soybean) | Pyruvate metabolism - Glycine max (soybean),secretion
Phosphorylcholine,C00588,Cholines,0.2175,-2.2007,0.006979,0.003362,0.015456,soy_up,M_cpd00098_e,Choline_C5H14NO,Extracellular,-1000.0,-1.1004,,uptake
Raffinose,C00492,Organooxygen compounds,0.2194,-2.1886,0.00405,0.003312,0.015098,soy_up,M_cpd00382_e,Raffinose_C18H32O16,Extracellular,-1000.0,-1.0943,ABC transporters - Glycine max (soybean) | Galactose metabolism - Glycine max (soybean) | Metabolic pathways - Glycine max (soybean),uptake
L-Citruline;L-Citrulline,C00327,Amino acid and derivatives;amino acids,4.5337,2.1807,0.011963,0.041836,0.009228,natto_up,M_cpd00274_e,L-Citrulline_C6H13N3O3,Extracellular,1.0903,1000.0,,secretion
Cyanidin-3-O-rhamnoside chloride,,Flavonoids,3.8531,1.946,0.000812,0.000337,8.7e-05,natto_up,M_cpd00099_c,Chloride_Cl,Cytosol,0.973,1000.0,,secretion
L-Arginine,C00062,Amino acid and derivatives;amino acids,3.8167,1.9323,0.002458,0.944885,0.247564,natto_up,M_cpd03535_e,L-Arginine_phosphate_C6H14N4O5P,Extracellular,0.9662,1000.0,ABC transporters - Glycine max (soybean) | Aminoacyl-tRNA biosynthesis - Glycine max (soybean) | Arginine and proline metabolism - Glycine max (soybean) | Arginine biosynthesis - Glycine max (soybean) | Biosynthesis of amino acids - Glycine max (soybean) | Biosynthesis of secondary metabolites - Glycine max (soybean) | Biosynthesis of secondary metabolites - other antibiotics - Glycine max (soybean) | Metabolic pathways - Glycine max (soybean) | Monobactam biosynthesis - Glycine max (soybean),secretion
D-Serine,C00740,Alkaloids,3.7827,1.9194,0.001257,0.007824,0.002068,natto_up,M_cpd00550_e,D-Serine_C3H7NO3,Extracellular,0.9597,1000.0,"Glycine, serine and threonine metabolism - Glycine max (soybean) | Metabolic pathways - Glycine max (soybean) | Vancomycin resistance - Glycine max (soybean)",secretion
L-Serine,C00065,Amino acid and derivatives;amino acids,3.7827,1.9194,0.001257,0.007824,0.002068,natto_up,M_cpd00054_e,L-Serine_C3H7NO3,Extracellular,0.9597,1000.0,"ABC transporters - Glycine max (soybean) | Aminoacyl-tRNA biosynthesis - Glycine max (soybean) | Biosynthesis of amino acids - Glycine max (soybean) | Biosynthesis of secondary metabolites - Glycine max (soybean) | Biosynthesis of secondary metabolites - other antibiotics - Glycine max (soybean) | Biosynthesis of secondary metabolites - unclassified - Glycine max (soybean) | Carbon metabolism - Glycine max (soybean) | Cyanoamino acid metabolism - Glycine max (soybean) | Cysteine and methionine metabolism - Glycine max (soybean) | Glycine, serine and threonine metabolism - Glycine max (soybean) | Glyoxylate and dicarboxylate metabolism - Glycine max (soybean) | Metabolic pathways - Glycine max (soybean) | Monobactam biosynthesis - Glycine max (soybean) | Sulfur metabolism - Glycine max (soybean) | Vancomycin resistance - Glycine max (soybean)",secretion
Nicotinate ribonucleoside,C05841,Nicotinic acid derivatives,3.7517,1.9075,0.012464,0.000171,4.6e-05,natto_up,M_cpd00873_c,Nicotinate_D-ribonucleotide_C11H13NO9P,Cytosol,0.9538,1000.0,,secretion
"1D-Myo-inositol 1,4-bisphosphate",C01220,Organooxygen compounds,3.3235,1.7327,0.000814,0.000653,0.000197,natto_up,M_cpd02484_c,1D-myo-Inositol_3-phosphate_C6H12O9P,Cytosol,0.8663,1000.0,Metabolic pathways - Glycine max (soybean),secretion
3-Methylindole,C08313,Alkaloids,3.2963,1.7208,0.041723,0.03405,0.01033,natto_up,M_cpd02274_e,Methyl_beta-D-galactoside_C7H14O6,Extracellular,0.8604,1000.0,"Biosynthesis of secondary metabolites - Glycine max (soybean) | Metabolic pathways - Glycine max (soybean) | Phenylalanine, tyrosine and tryptophan biosynthesis - Glycine max (soybean) | Tryptophan metabolism - Glycine max (soybean)",secretion
L-Asparagine,C00152,Amino acid and derivatives;amino acids,3.2808,1.7141,0.00321,0.010162,0.003097,natto_up,M_cpd00132_e,L-Asparagine_C4H8N2O3,Extracellular,0.857,1000.0,"Alanine, aspartate and glutamate metabolism - Glycine max (soybean) | Aminoacyl-tRNA biosynthesis - Glycine max (soybean) | Biosynthesis of amino acids - Glycine max (soybean) | Biosynthesis of secondary metabolites - Glycine max (soybean) | Cyanoamino acid metabolism - Glycine max (soybean) | Metabolic pathways - Glycine max (soybean)",secretion
Phenylacetyl-L-glutamine,C04148,Amino acid and derivatives,3.278,1.7128,0.028729,0.00027,8.2e-05,natto_up,M_cpd00053_e,L-Glutamine_C5H10N2O3,Extracellular,0.8564,1000.0,"ABC transporters - Glycine max (soybean) | Alanine, aspartate and glutamate metabolism - Glycine max (soybean) | Aminoacyl-tRNA biosynthesis - Glycine max (soybean) | Arginine biosynthesis - Glycine max (soybean) | Biosynthesis of amino acids - Glycine max (soybean) | Glyoxylate and dicarboxylate metabolism - Glycine max (soybean) | Metabolic pathways - Glycine max (soybean) | Nitrogen metabolism - Glycine max (soybean) | Purine metabolism - Glycine max (soybean) | Pyrimidine metabolism - Glycine max (soybean)",secretion
Methoxyindoleacetic acid,C05660,Indoles and derivatives,2.8528,1.5124,0.017886,0.006739,0.002362,natto_up,M_cpd00359_c,Indole_C8H7N,Cytosol,0.7562,1000.0,"Biosynthesis of secondary metabolites - Glycine max (soybean) | Metabolic pathways - Glycine max (soybean) | Phenylalanine, tyrosine and tryptophan biosynthesis - Glycine max (soybean) | Tryptophan metabolism - Glycine max (soybean)",secretion
Tryptophan;L-Tryptophan;D-Tryptophan,C00806;C00078;C00525,Alkaloids;Amino acid and derivatives;Indoles and derivatives;amino acids,2.8341,1.5029,0.041806,0.01552,0.005476,natto_up,M_cpd00065_e,L-Tryptophan_C11H12N2O2,Extracellular,0.7514,1000.0,"2-Oxocarboxylic acid metabolism - Glycine max (soybean) | Aminoacyl-tRNA biosynthesis - Glycine max (soybean) | Biosynthesis of amino acids - Glycine max (soybean) | Biosynthesis of secondary metabolites - Glycine max (soybean) | Glucosinolate biosynthesis - Glycine max (soybean) | Glycine, serine and threonine metabolism - Glycine max (soybean) | Metabolic pathways - Glycine max (soybean) | Phenylalanine, tyrosine and tryptophan biosynthesis - Glycine max (soybean) | Tryptophan metabolism - Glycine max (soybean)",secretion
alpha-D-Glucose;D-Tagatose,C00267;C00795,Carbohydrates;Organooxygen compounds,0.3777,-1.4047,0.014329,0.002147,0.005683,soy_up,M_cpd00521_c,dTDP-4-dehydro-6-deoxy-alpha-D-glucose_C16H22N2O15P2,Cytosol,-1000.0,-0.7024,Amino sugar and nucleotide sugar metabolism - Glycine max (soybean) | Biosynthesis of secondary metabolites - Glycine max (soybean) | Carbon metabolism - Glycine max (soybean) | Galactose metabolism - Glycine max (soybean) | Metabolic pathways - Glycine max (soybean),uptake
Thymidine,C00214,Nucleotide and its derivates,2.6261,1.3929,0.011422,0.000142,5.4e-05,natto_up,M_cpd00184_e,Thymidine_C10H14N2O5,Extracellular,0.6965,1000.0,Metabolic pathways - Glycine max (soybean) | Pyrimidine metabolism - Glycine max (soybean),secretion
5-oxoproline,C01879,Amino acid and derivatives,0.3858,-1.3742,0.02347,0.002717,0.007045,soy_up,M_cpd01293_e,5-Oxoproline_C5H6NO3,Extracellular,-1000.0,-0.6871,Glutathione metabolism - Glycine max (soybean) | Metabolic pathways - Glycine max (soybean),uptake
Indole,C00463,Alkaloids,2.5309,1.3397,0.041296,0.214528,0.084762,natto_up,M_cpd00359_c,Indole_C8H7N,Cytosol,0.6698,1000.0,"Biosynthesis of secondary metabolites - Glycine max (soybean) | Metabolic pathways - Glycine max (soybean) | Phenylalanine, tyrosine and tryptophan biosynthesis - Glycine max (soybean) | Plant hormone signal transduction - Glycine max (soybean) | Tryptophan metabolism - Glycine max (soybean)",secretion
N-p-Coumaroyl putrescine,C18326,Phenolamides,2.488,1.315,0.031759,0.000209,8.4e-05,natto_up,M_cpd00118_c,Putrescine_C4H14N2,Cytosol,0.6575,1000.0,,secretion
2-Isopropyl-3-oxosuccinate,C04236,Keto acids and derivatives,0.4034,-1.3099,0.008785,0.000949,0.002354,soy_up,M_cpd02605_c,(2S)-2-Isopropyl-3-oxosuccinate_C7H8O5,Cytosol,-1000.0,-0.6549,"2-Oxocarboxylic acid metabolism - Glycine max (soybean) | Biosynthesis of secondary metabolites - Glycine max (soybean) | Metabolic pathways - Glycine max (soybean) | Valine, leucine and isoleucine biosynthesis - Glycine max (soybean)",uptake
Uracil,C00106,Nucleotide and its derivates,0.4125,-1.2774,0.024449,0.00062,0.001502,soy_up,M_cpd00092_e,Uracil_C4H4N2O2,Extracellular,-1000.0,-0.6387,Metabolic pathways - Glycine max (soybean) | Pantothenate and CoA biosynthesis - Glycine max (soybean) | Pyrimidine metabolism - Glycine max (soybean) | beta-Alanine metabolism - Glycine max (soybean),uptake
Phosphonoacetate,C05682,Organic acids,2.349,1.2321,0.009676,0.000258,0.00011,natto_up,M_cpd00029_e,Acetate_C2H3O2,Extracellular,0.616,1000.0,Metabolic pathways - Glycine max (soybean) | Phosphonate and phosphinate metabolism - Glycine max (soybean),secretion
N-Acetyl-L-glutamic acid,C00624,Amino acid and derivatives,2.0844,1.0596,0.008184,0.000294,0.000141,natto_up,M_cpd00196_c,Acetyl_phosphate_C2H4O5P,Cytosol,0.5298,1000.0,,secretion
2-(2-Hydroxy-2-propyl)-5-methyl-5-vinyltetrahydrofuran,,Monoterpenoids,1.9771,0.9834,0.003061,0.000802,0.000406,natto_up,M_cpd02274_e,Methyl_beta-D-galactoside_C7H14O6,Extracellular,0.4917,1000.0,,secretion
Citronellyl acetate,C12298,Monoterpenoids,1.8278,0.8701,0.014987,0.00019,0.000104,natto_up,M_cpd00029_e,Acetate_C2H3O2,Extracellular,0.4351,1000.0,,secretion
Fingolimod hydrochloride,,Miscellaneous,1.7367,0.7964,0.03369,0.000223,0.000128,natto_up,M_cpd00099_c,Chloride_Cl,Cytosol,0.3982,1000.0,,secretion
Hypotaurine,C00519,Alkaloids,1.699,0.7647,0.048265,0.000114,6.7e-05,natto_up,M_cpd00210_e,Taurine_C2H7NO3S,Extracellular,0.3824,1000.0,Metabolic pathways - Glycine max (soybean) | Taurine and hypotaurine metabolism - Glycine max (soybean),secretion
