name,cas,kegg,formula,exact_mass,cls,q1,q3,ionmode,rt,mean_natto,mean_soy,vip,pval,qval,fc,logfc,direction,fc_abs
Benzocaine,94-09-7,C07527,C9H11NO2,165.078979,Benzene and substituted derivatives,166.1,120.0,+,3.04835,7.76231355286609,0.001117356977193,1.41900296163319,0.01837356656187,0.0629412119726078,6947.030994845,12.7621808187297,natto_up,6947.030994845
Strictosidine,20824-29-7,C03470,C27H34N2O9,530.22643300000004,Alkaloids,531.2,513.2,+,0.78905,0.00447139159410512,1.20603013225416e-06,1.42209647482441,0.013260985580613,0.0574399991077896,3707.52892031624,11.8562422310262,natto_up,3707.52892031624
Lecanoric acid,480-56-8,C02868,C16H14O7,318.07395500000001,Phenols,317.1,167.0,-,0.657066666667,0.000482443440034461,1.20603013225416e-06,1.41975054964502,0.0342107739602413,0.0724138013418506,400.026025164677,8.6439500526613,natto_up,400.026025164677
Turanose,547-25-1,C19636,C12H22O11,342.11621500000001,Fatty Acyls,365.1,203.1,+,0.78905,0.00151524904346054,0.210082317489791,1.41582104648814,0.014163611333238,0.0582871386007155,0.00721264436515069,-7.11525599425889,soy_up,138.64540512099788
Lactulose,4618-18-2,C07064,C12H22O11,342.11621500000001,Organooxygen compounds,365.1,203.1,+,0.772266666667,0.00151524904346054,0.210082317489791,1.41582104648814,0.014163611333238,0.0582871386007155,0.00721264436515069,-7.11525599425889,soy_up,138.64540512099788
D-Glutamine,5959-95-5,C00819,C5H10N2O3,146.069143,Carboxylic acids and derivatives,147.1,84.0,+,0.6584833333335,1.43542288586217,0.0121437248613829,1.41857587189872,0.0165480930956927,0.0610989803502061,118.202849804908,6.88512100828379,natto_up,118.202849804908
4-Hydroxybenzaldehyde,123-08-0,C00633,C7H6O2,122.03677999999999,Phenols,123.0,77.0,+,1.90510833333,0.948876865205389,0.00881680788085647,1.41347029033143,0.0387227576580128,0.07402758798025,107.62136115789,6.74982064850518,natto_up,107.62136115789
6-Aminocaproic acid,60-32-2,C02378,C6H13NO2,131.094629,Fatty Acyls,132.1,41.0,+,1.8374,0.411227644499157,0.00404408451542159,1.40184441940094,0.0485000618597359,0.0779698147757013,101.686214254671,6.66798029399939,natto_up,101.686214254671
Beta-Elemonic acid,28282-25-9,,C30H46O3,454.344695,Triterpenoids,455.4,409.3,+,4.67891666667,0.000122381109417404,1.20603013225416e-06,1.41585637481111,0.0396438308849408,0.0743273277938852,101.474338115139,6.66497111959973,natto_up,101.474338115139
5-Aminovaleric acid,660-88-8,C00431,C5H11NO2,117.078979,Amino acid and derivatives,118.1,55.1,+,1.10791666667,0.426322320370429,0.00475891812261767,1.4176366229819,0.0151934942561603,0.0595352765824232,89.5838737683363,6.48516714716642,natto_up,89.5838737683363
5-(3-Pyridyl)-2-hydroxytetrahydrofuran,53798-73-5,C19578,C9H11NO2,165.078979,Pyridines and derivatives,166.1,104.0,+,2.803,0.00755982797242225,0.00010761788823566,1.39036862811766,0.0186579092704378,0.0632044870391285,70.2469458968366,6.13436359801069,natto_up,70.2469458968366
L-Norleucine,327-57-1,C01933,C6H13NO2,131.094629,Amino acid and derivatives,132.1,86.1,+,1.8128,0.227754406858524,0.00332616516770502,1.40921168681092,0.00430847590055026,0.0389719292062688,68.4735710270423,6.09747534857142,natto_up,68.4735710270423
cis-Aconitic acid,499-12-7;585-84-2,C00417,C6H6O6,174.01643999999999,Organic acids and derivatives,175.0,69.0,+,1.4555,0.00331492255942035,0.182575193726837,1.41346655291614,0.00895811026878723,0.0517689879037979,0.01815647838983,-5.78337178352315,soy_up,55.07675985008914
Glucoiberin,554-88-1,C08411,C11H21NO10S3,423.03276199999999,Organooxygen compounds,424.0,149.0,+,10.4652666667,0.00163209248131637,3.50527040507349e-05,1.39060045151459,0.00863170962863808,0.0511801190375597,46.5611006487287,5.54105325712184,natto_up,46.5611006487287
Practolol,6673-35-4,C11696,C14H22N2O3,266.16304300000002,Benzene and substituted derivatives,267.2,56.1,+,2.73586666667,0.000757273785976266,1.63599997796214e-05,1.416434905384,0.0320327214212951,0.0715120725774417,46.2881293506833,5.53257035483787,natto_up,46.2881293506833
trans-Zeatin-riboside,6025-53-2,C16431,C15H21N5O5,351.15429999999998,phytohormone,352.0,220.0,+,4.31,0.00253175185593823,5.91222449061719e-05,1.39205578420742,0.0140356999913038,0.0581722704630566,42.8223227984013,5.4202911484073,natto_up,42.8223227984013
Itaconic acid,97-65-4,C00490,C5H6O4,130.02661000000001,Fatty Acyls,131.0,85.0,+,0.520516666667,0.0391713098962206,0.00104546043594557,1.40992246609544,0.0340349486515421,0.0723444932708515,37.4679983569078,5.2275870018926,natto_up,37.4679983569078
Genistin,529-59-9,,21H20O10,432.10564699999998,flavonoids,433.3,270.8,+,6.62,0.0609775712748645,0.00167147864072025,1.37963124507829,0.0257532839773656,0.0682898869785871,36.48121476957,5.18908186476435,natto_up,36.48121476957
"Pyrogallol;1,2,3-Trihydroxybenzene",87-66-1,C01108,C6H6O3,126.031695,Phenols,127.0,81.0,+,3.52465,0.0102019025909585,0.00028572608683009,1.41457970263044,0.0323219015800756,0.0716374330813778,35.7051843048031,5.15806166011682,natto_up,35.7051843048031
Diallyl disulfide,2179-57-9,C08369,C6H10S2,146.022392,Miscellaneous,147.0,41.0,+,0.678083333333,0.00926584038721681,0.000260666322632089,1.40131238052275,0.031142095164947,0.0711142827925433,35.5467491682646,5.15164572299448,natto_up,35.5467491682646
trans-Zeatin,1637-39-4,C00371,C10H13N5O,219.11199999999999,phytohormone,220.0,136.0,+,3.41,0.00161842034257945,4.75415421942018e-05,1.41688631250927,0.0115678888624962,0.0555846278017193,34.0422348094723,5.08925384526938,natto_up,34.0422348094723
Tetrahymanol,2130-17-8,C06083,C31H54O,442.41746499999999,Triterpenoids,443.4,425.4,+,10.5734666667,0.00200396672880613,6.05883148128297e-05,1.34744239073105,0.0217381671900997,0.0657215733684641,33.0751356098418,5.047675166531,natto_up,33.0751356098418
L-Pipecolic acid,535-75-1;3105-95-1,C00408,C6H11NO2,129.078979,Amino acid and derivatives,130.1,84.1,+,0.68835,0.796522161450783,0.0256797979558632,1.41605458747539,0.0215351919692809,0.0655724855996238,31.0174621630511,4.95500874533097,natto_up,31.0174621630511
Pyrrolidonecarboxylic acid,4042-36-8,C02237,C5H7NO3,129.04259400000001,Carboxylic acids and derivatives,130.0,84.0,+,0.671566666667,0.796522161450783,0.0260912799919754,1.4163180146039,0.0215617783436824,0.0655921345913332,30.5282899764121,4.93207487501038,natto_up,30.5282899764121
Resokaempferol,2034-65-3,C10037,C15H10O5,270.05282499999998,Flavonoids,271.1,105.0,+,8.79448333333,0.0026600651464053,9.45711723036168e-05,1.30319594673952,0.0261950172149868,0.0685344072646128,28.1276532965592,4.81391728782996,natto_up,28.1276532965592
L-Malic acid,97-67-6,C00149,C4H6O5,134.021525,Hydroxy acids and derivatives,157.0,110.1,+,1.37645,0.000701570975745255,2.61921384185861e-05,1.36364624955889,0.000163969361957084,0.0227687080600513,26.7855554416059,4.74338330785893,natto_up,26.7855554416059
D-Proline,344-25-2,C00763,C5H9NO2,115.063329,Carboxylic acids and derivatives,116.1,70.1,+,0.755483333333,0.955154785010067,0.0367650327636213,1.41851074210731,0.00574871360066488,0.0442519275133114,25.9799791598495,4.69932836839857,natto_up,25.9799791598495
"NG,NG-Dimethylarginine dihydrochloride",220805-22-1;30315-93-6,C03626,C8H18N4O2,202.142976,Carboxylic acids and derivatives,203.2,70.1,+,0.7442,0.108018502600119,0.00420489762460378,1.39895926618547,0.0311403034016338,0.0711134641727534,25.6887354327199,4.68306396800475,natto_up,25.6887354327199
Taxifolin,480-18-2,C01617,C15H12O7,304.05829999999997,flavonoids,304.8,286.8,+,6.28,0.0166903036106117,0.000670491630725009,1.410613716931,0.0228619966601757,0.0665102536034314,24.8926352631193,4.63764706445031,natto_up,24.8926352631193
Spectinomycin,1695-77-8,C02078,C14H24N2O7,332.15835299999998,Dioxanes,333.2,98.1,+,2.23746666667,0.000797353434325213,3.39659070950543e-05,1.38224596444142,0.0313970313540766,0.0712299947976668,23.4751108543577,4.55306006548865,natto_up,23.4751108543577
Cytisine,485-35-8,C10763,C11H14N2O,190.110613,Alkaloids,191.1,44.1,+,1.21823458,0.000588691931855886,2.50975876827459e-05,1.39169736105287,0.0453178752407756,0.0759459700505179,23.4561161533704,4.55189224763426,natto_up,23.4561161533704
Crotonoside,1818-71-9,C08432,C10H13N5O5,283.09167000000002,Alkaloids,284.1,152.1,+,2.39745,0.341299017618456,0.0152747957200688,1.39828292687598,0.0465566745966134,0.0767304827587914,22.3439333574877,4.48181127067455,natto_up,22.3439333574877
Aminomalonic acid,1068-84-4,C00872,C3H5NO4,119.02185900000001,Organic acids,120.0,74.0,+,0.654783333333,0.00803328761397917,0.000399230245734341,1.40214741507251,0.0330394191264745,0.0719408097329139,20.1219414105332,4.33069760123495,natto_up,20.1219414105332
Benzaldehyde,100-52-7,C00261,C7H6O,106.041865,Phenols,107.0,79.0,+,2.81978333333,0.0454691741114736,0.00239282426849253,1.41597683116418,0.0220094721647639,0.0659175821336353,19.0023039761792,4.24810244678522,natto_up,19.0023039761792
1-Cinnamoylpyrrolidine,52438-21-8,,C13H15NO,201.115364,Alkaloids,202.1,72.1,+,7.06585,0.00103414628095566,5.45446007716131e-05,1.38468144599431,0.0400990883215213,0.0744712521048716,18.9596452504216,4.2448600654397,natto_up,18.9596452504216
Uplandicine,74202-10-1,C10412,C17H27NO7,357.17875400000003,Alkaloids,358.2,298.2,+,3.47205,0.000122086160265513,7.14131742351273e-06,1.24158457740475,0.0317800964844914,0.0714010593351878,17.0957476086339,4.09556560907048,natto_up,17.0957476086339
Cordycepin,73-03-0,C08431,C10H13N5O3,251.10184000000001,Nucleotide and its derivates,252.1,136.1,+,2.34785,0.0062515670068584,0.000374245355735601,1.36099725359956,0.0370618167261403,0.0734617997804548,16.7044611537545,4.06216154039506,natto_up,16.7044611537545
2-Picolinic acid,14639-25-9;98-98-6,C10164,C6H5NO2,123.03202899999999,Organic acids,124.0,78.0,+,1.3261,0.0448009272070311,0.00271936996153423,1.38667185664178,0.040067883809605,0.0744614739519988,16.474745194933,4.04218424698871,natto_up,16.474745194933
Genistein,446-72-0,C06563,C15H10O5,270.05279999999999,flavonoids,271.2,242.8,+,8.93,0.0346716336956399,0.00211426916327172,1.41084168258895,0.0291707446672391,0.0701656169083909,16.3988740402321,4.03552485653932,natto_up,16.3988740402321
DL-Norvaline,6600-40-4,C01826,C5H11NO2,117.078979,Amino acid and derivatives,118.1,72.1,+,1.05125,0.156729010932002,0.010350831497027,1.39413816265383,0.0450753410377919,0.0758838447444407,15.1416831562777,3.92045367975166,natto_up,15.1416831562777
Imperatorin,482-44-0,C09269,C16H14O4,270.08920999999998,Phenylpropanoids,271.1,203.0,+,8.89468333333,0.0017966072947261,0.000121608233450822,1.0786525858527,0.00276981587587216,0.0312902568600126,14.7737307231968,3.88496228227767,natto_up,14.7737307231968
Lucidin,478-08-0,C10369,C15H10O5,270.05282499999998,Anthraquinones,271.1,253.1,+,8.89468333333,0.0497045437499377,0.00356109270973494,1.407434868002,0.034811806829433,0.0726464003195521,13.9576663123824,3.80298584152106,natto_up,13.9576663123824
Hydroxypropanedioic acid,80-69-3,C02287,C3H4O5,120.005875,Carboxylic acids and derivatives,121.0,103.0,+,2.76943333333,0.0559738273371067,0.00440125663770621,1.4122169591558,0.0237887747464714,0.0671172037919434,12.7176922285265,3.66876499565727,natto_up,12.7176922285265
Homovanillic acid,306-08-1,C05582,C9H10O4,182.05790999999999,Phenols,183.1,77.0,+,1.8743,0.0146580034284004,0.00116646462694934,1.40349690463632,0.0114760574471675,0.0554723263449912,12.5661791105792,3.65147414351732,natto_up,12.5661791105792
Glycitein,40957-83-3,C14536,C16H12O5,284.06849999999997,flavonoids,285.3,269.8,+,7.91,0.0196960692007503,0.0017281390365319,1.40778727251099,0.0358762015150221,0.0730426086931216,11.3972711595458,3.51061653718477,natto_up,11.3972711595458
3-Galloylquinic acid,17365-11-6,C10834,C14H16O10,344.07434999999998,Phenols,345.1,153.0,+,2.90368333333,0.000401246659528847,3.5823120671288e-05,1.26522353468459,0.000699886622794833,0.024692747720638,11.2007734672441,3.48552645563704,natto_up,11.2007734672441
"Daidzein-4',7-diglucoside",53681-67-7,,C27H30O14,578.16355999999996,Flavonoids,579.2,399.1,+,5.94415,0.000156590333621409,1.44239512418865e-05,1.3893738291444,0.00192796467309493,0.0282682180328694,10.8562716966678,3.44045682710628,natto_up,10.8562716966678
Pelargonidin,7690-51-9;134-04-3,C05904,C15H10O5,270.05282499999998,Flavonoids,271.1,121.0,+,8.98363333333,0.00894759146470042,0.000899782586481981,1.38896245783952,0.0396067739126507,0.0743154918533857,9.94417051310606,3.31385103455446,natto_up,9.94417051310606
Neoeriocitrin,13241-32-2,C09805,C27H32O15,596.174125,Flavonoids,597.2,271.1,+,5.99175,0.000442148549647544,4.48314386246375e-05,1.34236443645774,0.00772984825171351,0.0493814671001392,9.86246623378616,3.30194845576664,natto_up,9.86246623378616
Betulalbuside A,64776-96-1,,C16H28O7,332.18350500000003,Monoterpenoids,333.2,153.1,+,4.19596666667,0.000209998918942667,2.20248007476849e-05,1.32759529364632,0.00683301719270671,0.0472935975966459,9.53465692372905,3.25318102838183,natto_up,9.53465692372905
Lupanine,550-90-3,C10772,C15H24N2O,248.188863,Alkaloids,249.2,136.1,+,2.95888333333,0.00055226647132862,6.46955570462443e-05,1.32685848547442,0.00630811823045486,0.0459017091294913,8.53638946077643,3.09362599859829,natto_up,8.53638946077643
Ethyl acrylate,140-88-5,C19238,C5H8O2,100.05243,Carboxylic acids and derivatives,101.1,55.0,+,1.73615,0.00948184686874583,0.00113741298419181,1.39769110896468,0.000417342136620697,0.0238768066842842,8.33632726241747,3.0594119151643,natto_up,8.33632726241747
Morroniside,25406-64-8,C17000,C17H26O11,406.147515,Iridoids,407.2,227.1,+,4.48674965,0.000278506540104908,3.73056197548645e-05,1.34657715680319,0.00644390982480128,0.0462753132733016,7.46553848816818,2.90024632548925,natto_up,7.46553848816818
Eriocitrin,13463-28-0,C09732,C27H32O15,596.174125,Flavonoids,597.2,271.1,+,5.93997726833333,0.000443857858157913,6.28418192039676e-05,1.26470248020332,0.0101290506395388,0.0536563277348081,7.06309689599007,2.82030088843243,natto_up,7.06309689599007
"4',7-Dihydroxyflavone",2196-14-7,C12123,C15H10O4,254.05790999999999,Flavonoids,255.1,213.1,+,7.68681666667,0.00134173716770863,0.00020072166206419,0.960124003888474,0.006136632079404,0.0454154791293696,6.68456585059335,2.7408338631555,natto_up,6.68456585059335
Naringenin,480-41-1,C00509,C15H12O5,272.06849999999997,flavonoids,273.3,152.8,+,8.86,0.00371511637237755,0.000591414548648547,1.40107493148089,0.0179898589314315,0.062576402613358,6.28174667137803,2.65116576353812,natto_up,6.28174667137803
Guanidineacetic acid,352-97-6,C00581,C3H7N3O2,117.053827,Amino acid and derivatives,118.1,43.0,+,1.10791666667,0.002094769406474,0.00033906082724438,1.23626868458704,0.0320989573799171,0.0715409465611586,6.17815223155869,2.62717541985014,natto_up,6.17815223155869
L-Theanine,3081-61-6,C01047,C7H14N2O3,174.10044300000001,Amino acid and derivatives,175.1,84.0,+,0.848766666667,0.0044110153962361,0.000761868764404418,1.34793887618001,0.0104471457248481,0.0541158919273794,5.78973125336666,2.53349638302736,natto_up,5.78973125336666
3-Hydroxy-4-methoxycinnamic acid;Isoferulic acid,537-73-5,C10470,C10H10O4,194.05790999999999,Phenylpropanoids,195.1,149.1,+,4.86728333333,0.000597587711427097,0.000117240014978427,1.25254664308371,0.00108761144256297,0.0251452213030405,5.09713097134162,2.34968542392751,natto_up,5.09713097134162
Streptozotocin,18883-66-4,C07313,C8H15N3O7,265.091002,Organooxygen compounds,266.1,140.1,+,0.71665,0.000495661295341225,0.000103228230866573,1.05995051695397,0.0327659090406721,0.0718264318819403,4.80160602560252,2.26351703450815,natto_up,4.80160602560252
Daidzin,552-66-9,C10216,C21H20O9,416.11070000000001,flavonoids,416.9,255.0,+,5.45,2.37074213482839,0.529805707186862,1.39490340769501,0.00226752800016454,0.0292485787359791,4.47473876303909,2.16180345974692,natto_up,4.47473876303909
Maltol,118-71-8,C11918,C6H6O3,126.031695,Flavonoids,127.0,43.0,+,0.8987,0.0028919764869372,0.0128049393537869,1.35167332664162,0.00183447472766803,0.0279494030556933,0.225848511034293,-2.14657269242707,soy_up,4.42774670251494
L-Glutamic acid,56-86-0,C00025,C5H9NO4,147.05315899999999;147.0532,Amino acid and derivatives;amino acids,148.1,84.0,+,0.66,0.660761842380137,0.159578346637246,1.38846211261706,0.00175299260200108,0.0276504800155342,4.14067357072061,2.04986547257854,natto_up,4.14067357072061
3-Hydroxypicolinic acid,874-24-8,C18620,C6H5NO3,139.02694399999999,Pyridines and derivatives,140.0,94.0,+,4.14561666667,0.000385342070515064,9.49254371922653e-05,1.29507230050791,0.0374141242591141,0.0735821251290554,4.05941844370523,2.0212730602976,natto_up,4.05941844370523
Anthranilic acid,118-92-3,C00108,C7H7NO2,137.04767899999999,Benzoic acid derivatives,138.1,120.0,+,2.87835,0.000316749995653697,8.14559479989031e-05,1.21344263498917,0.00386515347839817,0.0369533541308858,3.88860486477873,1.95925264475254,natto_up,3.88860486477873
Psoralidin,18642-23-4,C10523,C20H16O5,336.09977500000002,Coumarins,337.1,55.1,+,11.7986166667,0.00130606550914535,0.000339443941051024,1.36890823360906,0.000625875581957667,0.0245462329913479,3.8476618704737,1.94398202176267,natto_up,3.8476618704737
2-Keto-6-acetamidocaproate,,C05548,C8H13NO4,187.08445900000001,Keto acids and derivatives,188.1,100.1,+,1.47715,0.0017721429152337,0.000486436075357,1.27823507821004,0.0484030770481997,0.0779094111488481,3.64311572478072,1.86517282349561,natto_up,3.64311572478072
Vasicine,6159-55-3,C10733,C11H12N2O,188.09496300000001,Alkaloids,189.1,171.1,+,3.75961666667,0.0306919476665319,0.00867757364058224,1.29094120762987,0.0437377379558495,0.0755307792608186,3.53692736446459,1.82249659167023,natto_up,3.53692736446459
1-Kestose,470-69-9,C03661,C18H32O16,504.16904,Organooxygen compounds,527.2,203.1,+,0.738166666667,0.000583195723494119,0.00202525182387593,1.20912511394027,0.0239412779952319,0.0672135848462394,0.287962077909895,-1.79604926104474,soy_up,3.4726794835565324
Tabernanthine,83-94-3,C09274,C20H26N2O,310.20451300000002,Alkaloids,311.2,138.1,+,3.78616666667,0.000128973421052059,3.82461414756808e-05,1.10187100009528,0.0416429794805891,0.0749397322919188,3.372194320153,1.75368767288841,natto_up,3.372194320153
Mimosine,500-44-7,C04771,C8H10N2O4,198.06405799999999,Alkaloids,199.1,124.0,+,2.36581666667,0.000151333406694154,4.77143361245761e-05,1.33412018955677,0.017949084946549,0.062536974897719,3.1716548732658,1.66523579130754,natto_up,3.1716548732658
Galangin,548-83-4,C10044,C15H10O5,270.05282499999998,Flavonoids,271.1,153.0,+,11.0755398875,0.000365554589228428,0.000119996853453615,1.14296090049032,0.0454097988342324,0.0759693692596504,3.04636812305862,1.60709028759717,natto_up,3.04636812305862
Phendimetrazine,634-03-7,C07904,C12H17NO,191.13101399999999,Oxazinanes,192.1,91.1,+,10.5636666667,0.000116541229191862,0.000336963792312976,1.1592066338196,0.0354735467948244,0.0728950178391602,0.345856830468055,-1.53175314580904,soy_up,2.8913698152113403
Glycitin,40246-10-4,C16195,C22H22O10,446.12130000000002,flavonoids,447.4,284.9,+,5.57,0.747592816587278,0.283457970154278,1.3078788854154,0.0213238954625473,0.0654150085967083,2.63740270270187,1.39911787186013,natto_up,2.63740270270187
Ethyl caproate,123-66-0,,C8H16O2,144.11502999999999,Miscellaneous,145.1,57.1,+,0.7377,0.00220750318359096,0.00552309320115395,1.3131319293939,0.0122360585959415,0.0563632953476646,0.399686027954362,-1.32306095433635,soy_up,2.501963866783416
Pimelic acid,111-16-0,C02656,C7H12O4,160.07355999999999,Fatty Acyls,161.1,69.1,+,0.551616666667,0.0026945142411814,0.00646654746363026,1.29593893516764,0.00564063094577219,0.0439109135499867,0.416685140925065,-1.26297044072149,soy_up,2.3998935929895233
L-Homoglutamic acid,542-32-5;1118-90-7,C00956,C6H11NO4,161.06880899999999,Amino acid and derivatives,162.1,98.1,+,0.728116666667,0.000570732851714718,0.00128186281854951,1.1951354961522,0.0487318505367996,0.0781135781256925,0.445237074869314,-1.16735436406041,soy_up,2.2459944520422517
Genipin,6902-77-8,C09780,C11H14O5,226.084125,Iridoids,227.1,149.1,+,4.8505,0.00170707235280625,0.00383372915777652,1.28408380209963,0.0183543579533081,0.0629232128929068,0.445277243788476,-1.16722421118292,soy_up,2.2457918385675213
Morin,480-16-0,C10105,C15H10O7,302.04265500000002,Flavonoids,303.0,153.0,+,7.711908,4.40086958621018e-05,2.44763636434494e-05,1.24418354609863,0.0262771746176297,0.0685791673886591,1.79800792728783,0.846399381605214,natto_up,1.79800792728783
"1,2-Dimethoxybenzene",91-16-7,,C8H10O2,138.06808000000001,Phenols,139.1,51.0,+,0.755483333333,0.000435311124696026,0.000712612485978964,1.1428709419941,0.0402423521092824,0.0745159829097468,0.610866541438731,-0.711070872020909,soy_up,1.6370187793307036
Oleic acid;Vaccenic acid;Petroselinic acid,112-80-1;693-72-1;593-39-5,C00712;C08367;C08363,C18H34O2,282.25587999999999,Fatty Acyls,283.3,57.1,+,13.0279,0.0487783506788649,0.0308569350244515,1.24604635639444,0.0331492294377293,0.0719863007929735,1.58079053023938,0.660646209564579,natto_up,1.58079053023938
Artemisinin,63968-64-9,C09538,C15H22O5,282.146725,Sesquiterpenoids,283.2,110.1,+,13.0237666667,0.00827450146240794,0.00530589021615967,1.26663373721073,0.0254432673623587,0.0681142907551875,1.55949352989005,0.641077567194337,natto_up,1.55949352989005
"3,4-Dihydroxybenzaldehyde;Protocatechuic aldehyde; 3,4-Dihydroxybenzaldehyde",139-85-5,C16700,C7H6O3,138.03169500000001,Phenols,139.0,65.0,+,4.2924929625,0.000597340230790091,0.000861363225500329,1.37812985028879,0.00235962993462346,0.0294751194067054,0.693482392916324,-0.528068840997125,soy_up,1.4419976775396814
Phosphoric acid,7664-38-2,C00009,H3O4P,97.976896999999994,Organic acids,99.0,81.0,+,0.64835,0.0765657524048993,0.0625073811071078,1.23091298076673,0.0193125831786216,0.0637889488126744,1.22490737971732,0.292672665248853,natto_up,1.22490737971732
p-Octopamine,104-14-3,C04227,C8H11NO2,153.078979,Phenols,154.1,91.1,+,3.83576666667,0.294277215515753,0.26643373509707,1.27631128276373,0.0142935002323743,0.0584021314214055,1.10450433541585,0.143399081591041,natto_up,1.10450433541585
