reaction,baseline_flux
rxn01355,0.0
rxn05357,0.0
rxn00225,-10000.0
rxn05313,8349.273615590644
rxn01674,0.0
rxn05572,0.0
rxn01199,0.0
rxn10215,22.784764708651327
rxn01451,0.0
rxn00785,7.935359391647353
rxn05092,0.0
rxn00802,-9999.999999999965
rxn03638,0.0
rxn10318,0.08743551615502307
rxn05323,0.0
rxn03084,0.0
rxn05722,-226.02934318042674
rxn10195,2.2275683658306225
rxn03887,0.0
rxn00868,57.167923529348904
rxn00011,0.0
rxn02222,0.0
rxn00292,-407.1631249962752
rxn05147,0.0
rxn01675,0.0
rxn05252,0.0
rxn05691,0.0
rxn00016,0.0
rxn05676,10000.0
rxn05466,-10000.0
rxn05398,71.65981643005067
rxn00196,0.0
rxn08707,0.0
rxn05173,0.0
rxn01367,0.0
rxn05536,0.0
rxn05155,0.0
rxn10252,0.378768861667709
rxn04092,0.0
rxn00708,0.0
rxn01513,28.156937512951853
rxn02476,0.0
rxn02112,0.0
rxn09012,0.0
rxn05333,0.0
rxn01870,0.0
rxn05626,0.0
rxn01387,0.0
rxn01575,0.0
rxn01945,0.0
rxn09206,1.6971237423848002
rxn02342,0.0
rxn01737,-313.4839018075124
rxn00781,10000.0
rxn01133,0.0
rxn00973,0.0
rxn05544,0.0
rxn05630,-4041.814261556935
rxn05391,0.0
rxn03061,0.0
rxn02916,0.0
rxn05549,0.0
rxn05181,0.0
rxn05330,0.0
rxn01985,0.0
rxn03910,1.289160358421343
rxn02522,0.0
rxn00775,0.0
rxn00364,10000.0
rxn05483,0.0
rxn05616,116.49772733127752
rxn01444,21.395052326179044
rxn00816,0.0
rxn01259,0.0
rxn00515,0.0
rxn10243,0.0
rxn02011,124.88718684669207
rxn00702,0.0
rxn05577,-1541.9349601715014
rxn08471,0.0
rxn00369,-77.08364664332412
rxn05699,0.0
rxn02212,0.0
rxn05408,15.33639139412428
rxn10227,11.793888562167501
rxn05486,-3188.072917048345
rxn00917,0.0
rxn05502,-10000.0
rxn09113,0.8624024012720914
rxn02160,0.0
rxn02339,0.0
rxn10295,1.1199895252332817
rxn04821,0.0
rxn10304,0.1626098739950194
rxn02495,0.0
rxn01044,0.0
rxn05557,0.0
rxn00883,0.0
rxn01923,0.0
rxn01218,0.0
rxn00248,-2635.165360893981
rxn01297,10000.0
rxn05239,0.0
rxn05734,0.0
rxn01302,-10000.0
rxn10283,2.8150198991252724
rxn00373,0.0
rxn05422,15.336391394124284
rxn00979,0.0
rxn10322,0.46203633162722746
rxn05448,0.0
rxn00048,0.0
rxn10233,11.7938885621675
rxn07584,0.0
rxn05201,-10000.0
rxn05217,-10000.0
rxn03164,124.88718684669207
rxn00546,0.0
rxn05298,0.0
rxn03906,0.0
rxn00879,0.0
rxn01370,0.0
rxn02789,0.0
rxn05194,0.0
rxn03483,0.0
rxn05383,71.65981643005065
rxn01258,0.1841657654887633
rxn00830,0.18416576548876332
rxn05229,0.0
rxn05646,10000.0
rxn00321,0.0
rxn10042,10000.0
rxn05505,0.0
rxn09104,2.534508521088807
rxn00800,0.0
rxn01343,-7.935359391647353
rxn01520,4556.9488579456665
rxn05415,15.336391394124286
rxn00189,0.0
rxn10011,41.83153213522344
rxn10286,7.464578229556197
rxn05441,0.0
rxn00322,0.0
rxn10342,0.02598954365403155
rxn01819,0.0
rxn10201,93.45395057185023
rxn05426,15.336391394124282
rxn08297,-3.7953705314140964
rxn00902,0.0
rxn08764,0.0
rxn03852,9.726313359715885
rxn00503,-434.9432443759157
rxn10266,4.374672880218881
rxn03909,1.2891603584213427
rxn09264,0.0
rxn05187,0.0
rxn04745,0.0
rxn05328,0.0
rxn02314,-10000.00000000008
rxn00179,0.0
rxn10230,23.11116197641856
rxn02853,0.0
rxn05529,0.0
rxn05566,10000.0
rxn05307,9999.999999999902
rxn03991,-4999.999999999999
rxn05654,-10000.0
rxn02056,0.0
rxn01465,0.0
rxn05364,134.15538894070474
rxn05372,134.15538894070477
rxn05553,1774.040850411467
rxn05470,-10000.0
rxn00863,0.0
rxn09399,0.0
rxn00215,0.0
rxn10279,1.279672421496391
rxn09978,0.0
rxn00223,10000.0
rxn00405,0.0
rxn00459,10000.0
rxn10277,5.386162368838246
rxn02949,0.0
rxn10259,1.861135425638397
rxn10225,4.3661872615069575
rxn05031,0.0
rxn10217,26.13621028405902
rxn01800,0.0
rxn01011,2467.7020714343894
rxn09449,0.0
rxn02167,57.167923529348904
rxn00929,0.0
rxn05316,0.0
rxn08311,3.1828639939711323
rxn05419,15.336391394124286
rxn10288,1.766380596074587
rxn01504,71.65981643005067
rxn03975,0.0
rxn03436,0.0
rxn00423,0.0
rxn00818,-9686.516098192493
rxn05430,12.26513571516309
rxn03071,0.0
rxn01492,10000.000000000013
rxn10272,0.6585737278378514
rxn01101,10000.0
rxn04036,0.0
rxn00615,0.0
rxn05474,2467.70207143439
rxn03248,41.83153213522344
rxn08307,2.3222559085500203
rxn10193,2.227568365830622
rxn05621,0.0
rxn05315,0.0
rxn05518,0.0
rxn05341,0.0
rxn05145,-10000.0
rxn05477,0.0
rxn05727,0.0
rxn02201,0.0
rxn05717,-9999.999999999998
rxn10326,0.06480096932652095
rxn05412,0.0
rxn03690,0.0
rxn02988,0.0
rxn07307,0.0
rxn05460,8.999507033486353
rxn10281,0.9165066314161583
rxn00290,-2352.0050387441847
rxn10199,124.88718684669205
rxn05555,0.0
rxn05402,71.65981643005067
rxn03241,41.83153213522347
rxn00742,7287.524898520591
rxn10316,0.2407747582533149
rxn02159,0.0
rxn01706,0.0
rxn11397,-9999.999999999989
rxn09200,6.847370958399466
rxn02937,0.0
rxn01573,0.0
rxn10241,0.0
rxn10067,0.0
rxn05507,-10000.0
rxn00727,0.0
rxn03891,0.18416576548876332
rxn00212,0.0
rxn00649,0.0
rxn05603,0.0
rxn06076,21.36947545549792
rxn05413,15.336391394124284
rxn01763,-10000.000000000002
rxn02417,0.0
rxn05579,-10000.000000000002
rxn05348,0.0
rxn10299,0.01944215987696772
rxn02914,-10000.0
rxn01300,0.0
rxn00175,0.0
rxn01446,21.395052326463695
rxn04068,0.0
rxn05023,0.1841657654887633
rxn10247,0.6044601522987274
rxn05648,313.48390180751244
rxn05370,134.15538894070477
rxn10013,41.831532135223455
rxn05346,0.0
rxn05296,649.7508879232324
rxn05634,-7153.369509579888
rxn00950,0.0
rxn10264,1.1794075470068646
rxn10208,26.13621028405902
rxn09661,0.0
rxn05445,15.336391394124282
rxn10324,0.11203259594553404
rxn00418,0.0
rxn00621,576.0670328465162
rxn00558,0.0
rxn00671,0.0
rxn01406,0.0
rxn00715,0.0
rxn10340,0.11139710908164546
rxn00375,0.0
rxn00512,-10000.0
rxn01647,0.0
rxn05335,0.0
rxn01146,0.0
rxn00875,-10000.0
rxn00152,1.8434399184475667e-10
rxn10333,0.1237330305571297
rxn00143,-9999.81583423451
rxn05198,0.0
rxn00324,-10000.0
rxn00187,0.0
rxn05305,-399.90717779273956
rxn04133,0.0
rxn02875,0.0
rxn00881,0.0
rxn05247,0.0
rxn00737,0.0
rxn01200,7.935359391647352
rxn00501,0.0
rxn10044,0.0
rxn03841,0.0
rxn07845,0.0
rxn04454,0.0
rxn00193,124.88718684670813
rxn05561,-10000.000000000031
rxn05369,134.15538894070477
rxn05594,0.0
rxn01834,0.0
rxn02504,0.0
rxn01748,0.0
rxn00160,0.0
rxn05493,10000.0
rxn03481,-9999.999999999965
rxn01747,0.0
rxn01634,0.0
rxn01103,0.0
rxn09065,0.0
rxn05223,0.0
rxn01073,0.0
rxn05215,-9123.573449495714
rxn10293,1.040740575148353
rxn05641,0.0
rxn05534,0.0
rxn05732,35.35400705529109
rxn05381,45.56952941730265
rxn05446,15.336391394124282
rxn00912,0.0
rxn10330,0.030989330009625535
rxn00604,10000.0
rxn10062,10000.0
rxn05618,0.0
rxn05469,0.0
rxn05386,71.65981643005067
rxn05674,0.0
rxn05435,0.0
rxn05958,0.0
rxn01358,0.0
rxn00692,-4845.943270016334
rxn01678,0.0
rxn05559,-1648.899332327264
rxn03424,0.0
rxn03068,0.0
rxn01332,0.0
rxn12519,0.0
rxn00566,7217.313871387874
rxn05601,0.0
rxn07431,0.0
rxn08299,-1.3168895227721247
rxn05428,0.0
rxn00992,0.0
rxn10057,0.0
rxn05513,0.0
rxn01457,10000.0
rxn05361,134.1553889407047
rxn09208,6.847370958399467
rxn05567,-10000.00000000008
rxn00002,0.0
rxn10197,3.9974927357108943
rxn09988,0.0
rxn00467,9762.646000641536
rxn10060,0.0
rxn11399,0.0
rxn05629,9686.516098192493
rxn10261,0.2857447992684892
rxn05456,12.26513571516309
rxn04834,0.0
rxn10329,0.46119524607208084
rxn10232,5.01754260620264
rxn05149,0.0
rxn00206,0.0
rxn00300,0.0
rxn02186,0.0
rxn02288,0.0
rxn00907,9999.999999999998
rxn10297,0.2714912027272706
rxn05619,0.0
rxn05410,15.336391394124284
rxn00509,10000.0
rxn00205,10000.0
rxn06673,1191.979551852283
rxn00278,-10000.0
rxn00790,0.0
rxn02933,-134.15538894070468
rxn00100,0.49275685855561524
rxn05574,10000.0
rxn05569,320.1972375686394
rxn01018,0.0
rxn05656,0.0
rxn05204,0.0
rxn00060,0.0
rxn00806,0.0
rxn00006,4748.791539452422
rxn09202,2.3204615926990413
rxn02834,0.0
rxn05622,0.0
rxn03239,-35.3540070552911
rxn05570,0.0
rxn05334,0.0
rxn01053,10000.0
rxn05394,71.65981643005067
rxn01704,0.0
rxn02341,0.49275685855561524
rxn03175,0.0
rxn05716,0.0
rxn00199,0.0
rxn05661,10000.0
rxn05216,-10000.0
rxn02473,0.0
rxn05498,0.0
rxn00834,0.0
rxn10292,0.4427848178094264
rxn05500,-10000.0
rxn01518,-6820.0011623128685
rxn05649,0.0
rxn00926,0.0
rxn10219,6.132567857581544
rxn05207,7364.8346391060195
rxn00786,0.0
rxn03080,0.0
rxn05150,0.0
rxn01285,0.0
rxn01761,10000.0
rxn05199,0.0
bio00006,1229.6572443664504
rxn02297,0.0
rxn00607,7756.550657013843
rxn10320,0.4295143568282237
rxn05354,0.0
rxn01637,0.0
rxn01639,0.0
rxn05040,0.0
rxn01204,10000.0
rxn00379,0.0
rxn05760,0.0
rxn00105,0.0
rxn11407,0.0
rxn05495,0.0
rxn00350,0.0
rxn05378,134.15538894070477
rxn05326,0.0
rxn10300,0.030865970794870693
rxn09562,0.0
rxn05612,313.48390180749476
rxn00689,0.0
rxn05164,0.0
rxn05671,0.0
rxn00799,10000.0
rxn00313,0.0
rxn04132,0.0
rxn01122,10000.000000000005
rxn09944,0.0
rxn02791,0.0
rxn10206,22.784764708651327
rxn05376,134.15538894070477
rxn05342,0.0
rxn05455,3.071255678961195
rxn01972,124.88718684669206
rxn11402,0.0
rxn06510,41.83153213522346
rxn05550,0.0
rxn10278,9.126114707563232
rxn02866,71.65981643005067
rxn01489,0.0
rxn05344,0.0
rxn05511,0.0
rxn05387,71.65981643005065
rxn00676,134.1553889407025
rxn01281,0.0
rxn05733,0.0
rxn05350,0.0
rxn10339,0.0
rxn10226,5.01754260620264
rxn05476,0.0
rxn07430,0.0
rxn03246,-41.83153213522343
rxn10237,3.1867797145000933
rxn10255,-0.4383289334461606
rxn02166,0.0
rxn05679,7825.985590249715
rxn00704,-1.4540777067399895e-12
rxn00837,0.0
rxn00183,0.0
rxn05248,0.0
rxn02287,0.0
rxn00634,313.48390180751244
rxn04750,0.0
rxn10223,18.67163205450282
rxn03242,-41.831532135223455
rxn00710,0.0
rxn05532,9999.448350675188
rxn02762,0.0
rxn05539,0.0
rxn05437,0.0
rxn01555,0.0
rxn10210,6.132567857581544
rxn05482,0.0
rxn00256,0.0
rxn02503,0.0
rxn05748,-9.441500302853173e-11
rxn05349,0.0
rxn05064,0.0
rxn05463,8.999507033486514
rxn10240,0.0
rxn10280,3.795370531414097
rxn03094,0.0
rxn00285,-10000.0
rxn00547,-10000.0
rxn10275,4.811607480722509
rxn05597,0.0
rxn10046,0.0
rxn05374,0.0
rxn01989,0.0
rxn05506,10000.0
rxn04143,0.0
rxn01484,-10000.0
rxn00250,5294.052810192092
rxn10307,0.07595937102479987
rxn00545,-10000.000000000013
rxn01642,0.0
rxn01334,-7.935359391647351
rxn01847,0.0
rxn10308,0.017401125596478512
rxn05249,0.0
rxn01649,0.0
rxn05266,0.18416576548876326
rxn00203,0.0
rxn03409,0.0
rxn05192,0.0
rxn05724,0.0
rxn05184,0.0
rxn05672,-3.992465327098492e-11
rxn03931,0.0
rxn05200,-9931.11265550814
rxn00770,23.990243940427952
rxn01301,10000.000000000055
rxn00192,0.0
rxn05396,71.65981643005065
rxn10334,0.055857426256794886
rxn00910,7287.340732755037
rxn03407,0.0
rxn02286,124.88718684669206
rxn05363,134.1553889407047
rxn02474,0.0
rxn01682,0.0
rxn05324,0.0
rxn05714,0.0
rxn00611,10000.0
rxn00211,0.0
rxn00182,-10000.0
rxn02832,0.18416576548876332
rxn01292,-10000.000000000002
rxn05563,-2.156621356958544e-12
rxn00289,0.0
rxn10250,1.5980625547786391
rxn02727,0.0
rxn10302,0.1515075446670836
rxn03393,0.0
rxn10311,0.1357325178105553
rxn05388,71.65981643005065
rxn01486,0.1841657654887633
rxn05464,0.0
rxn04783,0.0
rxn07099,0.0
rxn02085,0.0
rxn05554,4174.636807795326
rxn05429,12.265135715163089
rxn05359,134.15538894070468
rxn01739,0.0
rxn10203,3.238762539966179
rxn00062,0.0
rxn05424,15.336391394124282
rxn00543,-1774.0408504114675
rxn00347,2352.00503874415
rxn01523,0.0
rxn02374,9762.646000641536
rxn05406,19.38739586193262
rxn05206,808.6226038953777
rxn05552,0.0
rxn01069,0.0
rxn05322,0.0
rxn05105,0.0
rxn02113,0.0
rxn10001,0.0
rxn07435,0.0
rxn05416,0.0
rxn00117,-8894.339545554592
rxn00102,-6414.3725456143675
rxn00804,0.0
rxn01521,0.0
rxn00097,0.0
rxn05458,-8.999507033486353
rxn05478,0.0
rxn05453,52.27242056811803
rxn01664,0.0
rxn06591,0.0
rxn00555,-320.19723756864147
rxn05541,0.0
rxn05547,0.0
rxn00414,0.0
rxn00126,0.18416576548876332
rxn01967,10000.0
rxn03012,0.0
rxn10048,0.0
rxn00260,-2658.8874492981204
rxn05219,0.0
rxn03885,9999.999999999947
rxn05488,-10000.0
rxn05319,0.0
rxn05244,331.82777846239475
rxn00955,-9999.81583423451
rxn10296,1.897451630830618
rxn05337,0.0
rxn05352,0.0
rxn03137,0.0
rxn00690,-9999.745668762489
rxn01114,0.0
rxn05367,134.15538894070474
rxn05365,134.15538894070474
rxn00527,0.0
rxn10285,0.4383289334461606
rxn01080,9999.999999999945
rxn10312,0.008324877916940417
rxn03445,0.0
rxn00355,313.4839018074926
rxn00159,0.0
rxn05653,0.0
rxn01390,0.0
rxn01868,0.0
rxn05546,0.0
rxn02508,0.0
rxn09111,2.534508521088807
rxn09949,0.0
rxn09188,-10000.0
rxn00734,7287.524898520591
rxn00127,0.0
rxn05300,10000.0
rxn01974,124.88718684669207
rxn03244,-41.83153213522344
rxn11404,0.0
rxn01644,124.88718684669206
rxn00740,0.0
rxn00394,-237.35399935846326
rxn01108,0.0
rxn01274,0.0
rxn05251,0.0
rxn00712,0.0
rxn05516,0.0
rxn05608,0.0
rxn10245,0.19578602644802623
rxn02008,124.88718684669207
rxn05439,0.0
rxn05299,100.45148727293174
rxn01256,216.30207058964407
rxn05385,71.65981643005065
rxn05339,0.0
rxn10268,5.036700666069868
rxn05443,0.0
rxn00166,0.0
rxn05580,0.0
rxn01128,-28.2624421045185
rxn05644,0.0
rxn02155,23.990243940427952
rxn10290,0.13411015722862793
rxn00915,0.0
rxn00575,0.0
rxn00299,0.0
rxn05514,-3.668067559945122
rxn00224,0.0
rxn00839,0.0
rxn00569,0.0
rxn00461,124.88718684669203
rxn00139,0.0
rxn05091,0.0
rxn02304,0.0
rxn00748,0.0
rxn05736,0.0
rxn05451,88.58585952340209
rxn05527,0.0
rxn01094,0.0
rxn10253,-2.815019899125273
rxn09940,0.0
rxn06077,0.0
rxn05434,0.0
rxn00283,10000.0
rxn00931,-197.58924501745562
rxn01508,-997.0829173557444
rxn03043,0.0
rxn03904,124.88718684669207
rxn10212,3.238762539966179
rxn00953,7287.524898520593
rxn05694,0.0
rxn10337,0.04088610337518448
rxn02465,0.0
rxn09348,0.0
rxn10235,13.634931388432948
rxn00137,0.3358304603516769
rxn10273,0.9611103329450909
rxn05432,12.26513571516309
rxn01139,0.0
rxn05417,15.336391394124284
rxn03643,-10000.0
rxn08468,0.0
rxn00549,0.0
rxn09355,0.0
rxn05681,-9999.999999999929
rxn03030,124.88718684669206
rxn00938,0.0
rxn05639,0.0
rxn10305,0.27550224628581443
rxn10221,16.16856144238638
rxn01679,0.0
rxn05214,0.0
rxn03437,0.0
rxn01871,0.0
rxn05697,0.0
rxn02320,0.0
rxn00882,0.0
rxn01257,0.0
rxn01648,0.0
rxn01684,0.0
rxn01045,-5589.251579071498
rxn05292,3.94597009717194
rxn10014,41.83153213522346
rxn05721,0.0
rxn05401,71.65981643005065
rxn10325,0.2658764893769139
rxn01265,-23.990243940427952
rxn03482,-4486.898685972334
rxn10332,0.8899619712957298
rxn05193,0.0
rxn01217,0.0
rxn01740,0.0
rxn07585,0.0
rxn05504,0.0
rxn04820,0.0
rxn05562,0.0
rxn00871,10000.0
rxn05491,3201.578055779086
rxn03250,41.83153213522343
rxn05371,134.15538894070477
rxn02507,0.0
rxn03901,124.88718684669205
rxn05195,0.0
rxn05347,0.0
rxn00416,0.0
rxn05338,0.0
rxn05039,0.0
rxn00165,0.0
rxn10239,0.0
rxn05202,0.0
rxn05297,8848.40403338107
rxn01129,0.0
rxn00376,0.0
rxn00513,0.0
rxn05226,7756.550657013825
rxn05665,-254.5382822777348
rxn10056,0.0
rxn05174,0.0
rxn05537,0.0
rxn10209,44.292929761701046
rxn00903,5589.251579071498
rxn00947,0.0
rxn01333,0.0
rxn05400,71.65981643005065
rxn05599,0.0
rxn10343,0.0
rxn05188,0.0
rxn05609,0.0
rxn10310,0.05775454145340344
rxn05560,10000.000000000002
rxn02161,10000.0
rxn05512,0.0
rxn00274,-9770.897836918199
rxn05233,0.0
rxn05442,0.0
rxn00838,0.0
rxn10265,1.8611354256383967
rxn00065,0.0
rxn00297,9.726313359715885
rxn11403,0.0
rxn10073,0.0
rxn05558,0.0
rxn01454,0.0
rxn05651,0.0
rxn05737,0.0
rxn02760,0.0
rxn09102,0.6251321661652205
rxn05468,1850.6182766299264
rxn00303,0.0
rxn03990,0.0
rxn05425,15.33639139412428
rxn00695,10000.0
rxn01434,-10000.0
rxn10234,0.8115541067659475
rxn00693,-7287.340732755036
rxn00122,0.0
rxn01314,0.0
rxn01859,3201.393890013595
rxn05565,0.0
rxn10202,13.17725001090237
rxn05640,-10000.0
rxn01116,9984.129281216705
rxn00337,124.88718684669207
rxn03908,1.289160358421343
rxn05585,0.0
rxn05436,134.15538894070477
rxn05211,0.0
rxn01452,-57.167923529348904
rxn05673,10000.0
rxn05747,7025.188726241427
rxn09177,0.49275685855561524
rxn01445,0.0
rxn02945,0.0
rxn00777,-15.870718783301065
rxn00409,9978.27097276625
rxn02889,-71.65981643005068
rxn05602,-10000.0
rxn06526,-10000.0
rxn01366,0.0
rxn01512,28.15693751295189
rxn05467,-10000.0
rxn01986,9999.999999999998
rxn10244,0.8138904555302438
rxn05568,10000.0
rxn08171,-10000.0
rxn01466,0.18416576548876332
rxn02185,0.0
rxn03406,0.0
rxn01925,1.1951467522547376e-12
rxn05358,134.15538894070468
rxn01106,-7532.297928565611
rxn07434,0.0
rxn01816,0.0
rxn02527,0.0
rxn02213,0.0
rxn00342,0.0
rxn08669,0.0
rxn00784,10000.0
rxn02200,0.0
rxn00361,0.0
rxn02804,35.3540070552911
rxn00293,0.0
rxn05542,0.0
rxn05397,71.65981643005065
rxn00616,0.0
rxn01480,0.0
rxn04308,0.0
rxn05740,10000.0
rxn01537,0.0
rxn10194,4.411026466991331
rxn03062,0.0
rxn01973,0.0
rxn05620,0.0
rxn00455,0.0
rxn00974,0.0
rxn00506,-124.88718684669206
rxn01388,0.0
rxn05421,15.336391394124284
rxn01775,-9999.999999999945
rxn05108,0.0
rxn05718,10000.000000000002
rxn05485,0.0
rxn02666,0.0
rxn00119,0.0
rxn10214,9.69369793096631
rxn01791,0.0
rxn05578,757.9478484569863
rxn00222,0.0
rxn01646,0.0
rxn03245,41.831532135223455
rxn01966,0.0
rxn05593,0.0
rxn05332,0.0
rxn02275,0.0
rxn01519,0.0
rxn05162,0.0
rxn05473,0.0
rxn11398,0.0
rxn03004,0.0
rxn00029,0.0
rxn03060,0.0
rxn05088,0.0
rxn10319,0.1827585457383103
rxn01143,-9931.11265550814
rxn02277,0.0
rxn10338,0.09607066118786205
rxn01132,10000.0
rxn09063,0.0
rxn09657,226.0293431804268
rxn01549,0.0
rxn05735,0.0
rxn00691,0.0
rxn09889,0.0
rxn01316,0.0
rxn05329,0.0
rxn04457,0.0
rxn10263,8.534308220171935
rxn01843,0.0
rxn05647,-10000.0
rxn10291,0.21179655725999558
rxn09340,0.0
rxn02825,0.0
rxn01964,0.0
rxn10207,1.5356278394805976
rxn08615,10000.0
rxn00559,10000.0
rxn05663,66.79439127850829
rxn10341,0.1886835262045656
rxn00994,0.0
rxn05180,0.0
rxn01225,0.0
rxn02264,0.0
rxn09979,-10000.000000000002
rxn10043,-1.577137235999365e-13
rxn00985,-7153.369509579888
rxn05427,15.336391394124286
rxn10269,8.534308220171935
rxn00623,0.0
rxn00452,0.0
rxn00440,226.02934318042674
rxn05627,10000.0
rxn01516,0.0
rxn10331,0.5253046561643702
rxn05471,78.08630916038052
rxn05447,15.336391394124282
rxn01750,0.0
rxn05392,71.65981643005065
rxn05399,71.65981643005065
rxn00161,0.0
rxn01857,-10000.0
rxn02046,0.0
rxn05231,1025.345359460263
rxn00808,313.4839018074926
rxn07432,0.0
rxn06335,0.0
rxn05209,-3289.082036382241
rxn02380,-4486.898685972335
rxn00474,0.0
rxn10058,1.5858889480695397
rxn00709,0.0
rxn05535,7426.896463980059
rxn11405,0.0
rxn05360,134.1553889407047
rxn00148,-10000.0
rxn00913,0.0
rxn00214,-313.4839018074926
rxn00874,41.831532135223426
rxn10061,0.0
rxn10537,0.0
rxn05525,9329.854017464388
rxn10200,37.38158022874009
rxn05197,-6820.001162312868
rxn05582,-10000.0
rxn03435,0.0
rxn00965,0.0
rxn01673,0.0
rxn10294,0.06413931535647223
rxn08100,0.0
rxn00085,10000.0
rxn12510,0.4927568585556153
rxn05340,0.0
rxn05438,0.0
rxn03842,0.0
rxn09109,0.6251321661652206
rxn00832,0.0
rxn05295,80.5425495060025
rxn00295,119.92478207132682
rxn10258,-1.766380596074587
rxn01352,-1.7060783512300646e-12
rxn05475,0.0
rxn10249,0.09364085847299393
rxn00022,-10000.0
rxn05289,10000.0
rxn11400,0.0
rxn10228,0.8115541067659477
rxn01977,0.0
rxn03249,-41.83153213522343
rxn05317,2204.310972657851
rxn05403,71.65981643005067
rxn09448,0.0
rxn00368,0.0
rxn08467,0.0
rxn01219,0.0
rxn01851,0.0
rxn00867,0.0
rxn01010,0.0
rxn09011,0.0
rxn10287,12.647459565110548
rxn00272,-2044.35188126683
rxn03838,0.0
rxn10327,0.09136992747409796
rxn10192,9.726313359715885
rxn01021,0.0
rxn05543,0.0
rxn01124,0.0
rxn10317,0.055324738738535335
rxn00213,0.0
rxn05237,0.0
rxn01127,-997.0829173557445
rxn03976,0.0
rxn05409,15.33639139412428
rxn02934,134.1553889407047
rxn05420,0.0
rxn10314,0.24668104792945583
rxn00743,0.0
rxn05484,6126.975627400779
rxn10282,1.3168895227721247
rxn00493,-216.30207058964405
rxn01145,0.0
rxn01208,0.0
rxn00173,10000.0
rxn10198,275.6891541869582
rxn04675,0.1841657654887633
rxn08309,9.381879479488273
rxn01509,21.395052326173346
rxn03240,35.3540070552911
rxn05414,15.336391394124286
rxn03892,0.18416576548876332
rxn00789,0.0
rxn05390,71.65981643005067
rxn05356,0.0
rxn05461,8.999507033486355
rxn05167,0.0
rxn10271,2.749620824515092
rxn10248,1.4205000486921233
rxn10242,0.0
rxn00817,0.0
rxn11703,0.0
rxn10059,0.0
rxn00772,-9999.815834234512
rxn00410,-9258.814935454335
rxn02895,0.0
rxn05611,0.0
rxn05160,0.0
rxn10216,1.5356278394805976
rxn02596,0.0
rxn01115,0.0
rxn02792,0.0
rxn05680,0.0
rxn02312,0.0
rxn05256,0.0
rxn06075,8953.28516508424
rxn00438,-226.02934318042676
rxn05405,19.38739586193262
rxn01109,0.0
rxn00679,0.0
rxn05351,0.0
rxn05368,134.15538894070477
rxn04724,0.0
rxn05221,-10000.0
rxn05304,0.0
rxn05362,134.1553889407047
rxn05635,0.0
rxn00568,0.0
rxn03869,0.0
rxn05480,0.0
rxn01013,0.0
rxn09210,2.3204615926990413
rxn10276,0.31496971869131823
rxn05327,0.0
rxn05423,15.336391394124286
rxn05487,-6404.76395795538
rxn10344,0.0
rxn00782,0.0
rxn05106,0.0
rxn00365,0.0
rxn05318,0.0
rxn05595,0.0
rxn10256,-7.464578229556197
rxn10474,0.0
rxn05404,19.387395861932617
rxn01000,216.3020705896441
rxn05462,8.999507033486516
rxn01138,10000.0
rxn01102,7532.29792856561
rxn10336,0.018896388805628116
rxn02305,0.0
rxn01867,10000.000000000002
rxn05303,9999.999999999894
rxn05479,3.875572857197412e-13
rxn01643,124.88718684669207
rxn01275,-10000.0
rxn10257,-12.647459565110548
rxn00589,0.0
rxn05267,0.18416576548876326
rxn05519,216.4862363551328
rxn02363,0.0
rxn05148,0.0
rxn02005,0.0
rxn11511,2.156621356958544e-12
rxn02296,0.0
rxn05551,0.0
rxn05481,0.0
rxn08775,0.0
rxn05533,0.0
rxn01653,0.0
rxn01507,0.0
rxn09198,1.6971237423848
rxn09341,0.0
rxn01362,0.0
rxn10211,13.17725001090237
rxn00227,0.0
rxn03932,0.0
rxn00231,0.0
rxn09106,0.8624024012720913
rxn10270,1.1794075470068646
rxn05598,0.0
rxn02929,-124.88718684669207
rxn10315,0.0353517604223195
rxn05450,0.0
rxn10045,7050.28396477504
rxn10205,9.69369793096631
rxn02196,0.0
rxn02402,0.0
rxn00239,77.3560157229513
rxn00612,-10000.0
rxn03243,41.83153213522346
rxn05418,15.336391394124286
rxn00711,0.0
rxn05375,134.15538894070477
rxn05531,1.423038295075137e-13
rxn00991,-71.65981643005067
rxn10309,0.02766610752729054
rxn10224,31.645470196590495
rxn05203,21.39505232646369
rxn04113,1.289160358421343
rxn05250,0.0
rxn10231,3.1867797145000933
rxn06023,0.3358304603516769
rxn05355,0.0
rxn00499,8350.846336435225
rxn02811,0.0
rxn05024,0.1841657654887633
rxn09992,-5513.101314027668
rxn10262,5.036700666069869
rxn00333,10000.0
rxn08469,0.0
rxn01286,10000.0
rxn05628,10000.0
rxn00422,-2467.7020714343894
rxn05610,0.0
rxn01705,-21.369475455497923
rxn02894,0.0
rxn10191,3.087718526893932
rxn01019,0.0
rxn00412,0.0
rxn03167,0.0
rxn05457,-1.3951543131866944e-15
rxn05526,0.0
rxn00908,0.0
rxn06586,0.0
rxn05700,0.0
rxn05573,2243.4493429861745
rxn03135,0.0
rxn00469,0.0
rxn05655,0.0
rxn00763,10000.0
rxn02061,0.0
rxn00686,-4557.203189183174
rxn00138,23.990243940427952
rxn05393,71.65981643005065
rxn01515,0.0
rxn00791,0.0
rxn05494,-9554.179753017786
rxn08040,9.726313359715885
rxn00338,0.0
rxn02831,0.1841657654887633
rxn01236,-10000.0
rxn07466,-124.88718684669205
rxn10298,0.08481880553901126
rxn03136,0.0
rxn01636,0.0
rxn05170,0.0
rxn05739,25.095238533518586
rxn00216,0.0
rxn05499,0.0
rxn05294,31.971088353527712
rxn05411,15.336391394124286
rxn01093,0.0
rxn05440,71.65981643005065
rxn00988,8407.320849714859
rxn10002,0.0
rxn10246,0.28307201628213435
rxn10321,0.026458682485902232
rxn03086,-124.88718684669206
rxn10260,4.374672880218881
rxn00778,10000.0
rxn06672,1191.9795518522833
rxn04082,-10000.000000000002
rxn05605,0.0
rxn04456,0.0
rxn05617,0.0
rxn04996,0.0
rxn01329,0.0
rxn00606,0.0
rxn02835,0.0
rxn05177,0.0
rxn02373,0.0
rxn01353,149.6965054775891
rxn02521,0.0
rxn05581,0.0
rxn00726,0.0
rxn10289,0.5834517042101754
rxn00608,0.0
rxn05159,0.0
rxn05287,0.1841657654887633
rxn10238,0.0
rxn00077,0.0
rxn00247,0.0
rxn05345,0.0
rxn05667,237.35399935846323
rxn05379,45.56952941730265
rxn10301,0.06444584431434791
rxn09450,0.0
rxn02177,0.0
rxn10218,44.292929761701046
rxn01213,0.18416576548876332
rxn03147,0.0
rxn10196,3.0877185268939313
rxn05384,71.65981643005065
rxn01917,0.0
rxn04885,0.0
rxn01100,-10000.0
rxn01211,10000.0
rxn02911,41.83153213522346
rxn03884,10000.0
rxn01602,-0.25433123750757675
rxn00670,-134.15538894070468
rxn10335,0.013868566264862573
rxn00371,0.0
rxn06991,1.289160358421343
rxn03644,-10000.0
rxn01176,0.0
rxn05389,71.65981643005065
rxn05444,19.38739586193262
rxn05431,12.26513571516309
rxn01603,0.0
rxn01241,7647.994961255868
rxn05382,45.56952941730265
rxn10229,13.63493138843295
rxn01522,-10000.0
rxn05515,0.0
rxn01107,0.0
rxn00836,0.0
rxn05643,-10000.000000000004
rxn03599,0.0
rxn05366,134.15538894070474
rxn03247,41.83153213522345
rxn01255,0.0
rxn01360,0.0
rxn03194,0.0
rxn05607,7756.550657013842
rxn06777,-41.83153213522346
rxn00178,-5998.147887441376
rxn10254,-6.616203266264936
rxn05545,0.0
rxn02175,0.49275685855561524
rxn03958,-1.2891603584213425
rxn07433,0.0
rxn01544,0.0
rxn00713,0.0
rxn00288,7647.994961255817
rxn06525,9998.7108396415
rxn11401,0.0
rxn10267,0.2857447992684892
rxn10012,41.83153213522345
rxn05433,0.0
rxn00132,0.0
rxn10274,2.047202241226951
rxn05373,134.15538894070477
rxn05183,0.0
rxn01790,0.0
rxn10323,0.7827702899898175
rxn10236,23.11116197641856
rxn03075,0.0
rxn05465,1191.979551852283
rxn01872,-7647.994961255869
rxn00747,-17.159879141788487
rxn05528,0.0
rxn05538,0.0
rxn05682,0.0
rxn10306,0.03947494872154954
rxn00707,0.0
rxn02285,124.88718684669205
rxn05452,45.569529417302654
rxn02007,0.0
rxn10010,41.831532135223426
rxn03108,0.0
rxn10222,1.0972989060344367
rxn05508,181.99522370729738
rxn00392,0.0
rxn00399,-4999.999999999999
rxn02400,0.0
rxn05564,10000.0
rxn10213,4.499753516743258
rxn01799,6820.001162312867
rxn01280,0.0
rxn00758,0.0
rxn10284,6.616203266264937
rxn05213,0.0
rxn00328,0.0
rxn05380,45.569529417302654
rxn00237,0.0
rxn01068,9770.897836918199
rxn05517,0.0
rxn10862,0.0
rxn08025,0.0
rxn01670,0.0
rxn05331,0.0
rxn00420,0.0
rxn05336,0.0
rxn02475,0.0
rxn00001,0.0
rxn00191,-10000.0
rxn01476,10000.0
rxn01304,0.0
rxn10313,0.14560125499094267
rxn05657,0.0
rxn05308,0.49275685855561535
rxn08295,-0.9165066314161583
rxn00147,0.0
rxn02795,0.0
rxn05395,71.65981643005065
rxn09989,0.0
rxn11395,-10000.0
rxn05312,0.0
rxn11921,0.0
rxn02774,0.0
rxn05325,0.0
rxn01268,0.0
rxn05172,0.0
rxn10251,2.7073609480665013
rxn05104,0.0
rxn10303,0.009300537160910534
rxn03057,0.0
rxn01510,126.7155642033405
rxn01621,10000.0
rxn01961,0.0
rxn00898,0.0
rxn10328,0.19625329620088547
rxn01210,0.0
rxn05501,-10000.0
rxn05185,0.0
rxn03408,124.88718684669206
rxn05116,0.0
rxn10220,6.878678031841035
rxn04748,0.0
rxn03907,1.2891603584213425
rxn00441,7647.994961255869
rxn01485,0.0
rxn01386,0.0
rxn05548,0.0
rxn04712,0.0
rxn09953,0.0
rxn01517,-8953.285165084242
rxn09067,0.0
rxn01987,0.0
rxn05540,0.0
rxn05571,-10000.000000000002
rxn00851,0.0
rxn00363,0.0
rxn00858,0.0
rxn04704,0.0
rxn05497,1125.9133542977547
rxn01629,0.0
rxn02268,4932.922305529688
rxn00552,0.0
rxn00346,0.0
rxn00831,0.0
rxn00827,0.0
rxn10204,4.499753516743258
rxn05645,0.0
rxn00269,9497.583078904658
rxn05454,19.38739586193262
rxn05625,9.441500302853175e-11
rxn01123,10000.000000000022
rxn10072,0.0
rxn00101,0.0
rxn05407,0.0
rxn02376,7647.994961255869
rxn05669,377.31034061702104
rxn08180,0.0
rxn02680,41.83153213522345
rxn03839,0.0
rxn05301,136.25276119750183
rxn08470,0.0
rxn05343,0.0
rxn01548,0.0
rxn05243,425.91170703367885
rxn05449,15.336391394124286
rxn01997,0.0
rxn05205,0.0
rxn05377,134.15538894070477
rxn05459,8.999507033486514
rxn05353,0.0
rxn01270,0.0
rxn05746,0.0
rxn05636,10000.0
rxn09996,0.0
rxn04464,-2423.664855174293
rxn10541,-7217.313871387874
rxn00897,10000.000000000002
rxn05085,0.0
rxn02270,-10000.0
rxn09925,0.0
rxn05472,9999.999999999985
rxn00762,-9999.448350675188
rxn11408,0.0
rxn05678,9999.999999999965
rxn09907,-7426.896463980059
rxn00396,10000.0
rxn00582,-9686.516098192491
rxn01903,0.0
rxn00787,-10000.00000000008
rxn00916,0.0
rxn01322,-6404.763957955381
rxn05255,0.25433123750757675
rxn00430,-10000.0
rxn00892,-10000.000000000002
rxn01813,10000.0
rxn00980,0.0
rxn03856,-10000.00000000008
rxn00327,0.0
rxn00539,0.0
rxn00141,10000.0
rxn01152,0.0
rxn00490,0.0
rxn05310,23.990243940427955
rxn00877,-15.33639139412428
rxn00751,-10000.000000000002
rxn00538,0.0
rxn09212,0.0
rxn01290,0.0
rxn00542,-8350.846336435225
EX_cpd02274_e,0.0
EX_cpd00765_e,0.0
EX_cpd00028_e,0.0
EX_cpd00073_e,-237.35399935846323
EX_cpd11599_e,0.0
EX_cpd00305_e,-226.02934318042674
EX_cpd01055_e,0.0
EX_cpd00588_e,-313.48390180751244
EX_cpd03805_e,0.0
EX_cpd00226_e,10000.0
EX_cpd00179_e,-7756.550657013842
EX_cpd00141_e,7153.369509579888
EX_cpd01665_e,0.0
EX_cpd00298_e,-7825.985590249715
EX_cpd00751_e,0.0
EX_cpd05240_e,0.0
EX_cpd01947_e,0.0
EX_cpd00001_e,0.0
EX_cpd11586_e,0.0
EX_cpd11595_e,0.0
EX_cpd00185_e,0.0
EX_cpd00079_e,0.0
EX_cpd00276_e,-320.1972375686394
EX_cpd11588_e,0.0
EX_cpd00550_e,0.0
EX_cpd00644_e,-0.49275685855561535
EX_cpd02241_e,0.0
EX_cpd11575_e,0.0
EX_cpd03696_e,10000.0
EX_cpd00367_e,0.0
EX_cpd01242_e,0.0
EX_cpd00023_e,-8848.40403338107
EX_cpd11577_e,0.0
EX_cpd00105_e,0.0
EX_cpd00092_e,6820.001162312867
EX_cpd00018_e,-1125.9133542977547
EX_cpd01553_e,-9999.999999999985
EX_cpd11579_e,0.0
EX_cpd00076_e,0.0
EX_cpd00988_e,0.0
EX_cpd00415_e,-9999.999999999965
EX_cpd01187_e,0.0
EX_cpd00041_e,10000.0
EX_cpd01217_e,0.0
EX_cpd00108_e,-10000.0
EX_cpd00064_e,-10000.0
EX_cpd00089_e,0.0
EX_cpd03198_e,-313.48390180749476
EX_cpd00009_e,10000.0
EX_cpd00274_e,0.0
EX_cpd00100_e,0.0
EX_cpd01171_e,10000.0
EX_cpd01981_e,0.0
EX_cpd00637_e,0.0
EX_cpd00035_e,9123.573449495712
EX_cpd10515_e,0.0
EX_cpd00162_e,0.0
EX_cpd00030_e,0.0
EX_cpd00311_e,0.0
EX_cpd00012_e,10000.0
EX_cpd00138_e,0.0
EX_cpd00119_e,-100.45148727293174
EX_cpd00054_e,-10000.0
EX_cpd00137_e,0.0
EX_cpd00314_e,0.0
EX_cpd00067_e,-10000.0
EX_cpd03161_e,0.0
EX_cpd04098_e,-10000.0
EX_cpd00084_e,0.0
EX_cpd00382_e,10000.0
EX_cpd00281_e,-10000.0
EX_cpd00609_e,0.0
EX_cpd00126_e,-78.08630916038052
EX_cpd00154_e,0.0
EX_cpd04761_e,0.0
EX_cpd00129_e,10000.0
EX_cpd05190_e,0.0
EX_cpd00870_e,0.0
EX_cpd00284_e,0.0
EX_cpd11597_e,0.0
EX_cpd00033_e,10000.0
EX_cpd00058_e,0.0
EX_cpd15471_e,0.0
EX_cpd00464_e,0.0
EX_cpd01012_e,0.0
EX_cpd08023_e,0.0
EX_cpd03454_e,0.0
EX_cpd00051_e,-10000.0
EX_cpd00421_e,10000.0
EX_cpd11574_e,0.0
EX_cpd00121_e,0.0
EX_cpd00432_e,0.0
EX_cpd00531_e,0.0
EX_cpd00169_e,0.0
EX_cpd00386_e,0.0
EX_cpd00541_e,0.0
EX_cpd03048_e,0.0
EX_cpd08306_e,0.0
EX_cpd00132_e,-181.99522370729738
EX_cpd00072_e,-4174.636807795326
EX_cpd00061_e,4041.814261556935
EX_cpd11416_c,1229.6572443664504
EX_cpd11584_e,0.0
EX_cpd03884_e,0.0
EX_cpd01200_e,-9686.516098192491
EX_cpd00652_e,0.0
EX_cpd00207_e,-21.39505232646369
EX_cpd01030_e,10000.0
EX_cpd00158_e,0.0
EX_cpd00218_e,-23.990243940427955
EX_cpd00182_e,0.0
EX_cpd01570_e,0.0
EX_cpd11592_e,0.0
EX_cpd00381_e,0.0
EX_cpd00047_e,1648.899332327264
EX_cpd00020_e,0.0
EX_cpd11581_e,0.0
EX_cpd10516_e,-3.94597009717194
EX_cpd01092_e,0.0
EX_cpd00393_e,-0.25433123750757675
EX_cpd00209_e,-10000.0
EX_cpd00053_e,10000.0
EX_cpd00492_e,3188.072917048345
EX_cpd00727_e,0.0
EX_cpd00395_e,0.0
EX_cpd00396_e,-10000.0
EX_cpd00104_e,0.0
EX_cpd00220_e,0.0
EX_cpd00793_e,226.02934318042674
EX_cpd00091_e,254.53828227773482
EX_cpd00249_e,0.0
EX_cpd00700_e,0.0
EX_cpd08376_e,0.0
EX_cpd11590_e,0.0
EX_cpd00971_e,-1.5036210623032762e-12
EX_cpd01939_e,0.0
EX_cpd00322_e,-331.8277784623947
EX_cpd00485_e,0.0
EX_cpd00085_e,0.0
EX_cpd00069_e,-136.25276119750183
EX_cpd00184_e,9931.11265550814
EX_cpd11594_e,-1.4230382950751372e-13
EX_cpd00266_e,0.0
EX_cpd00098_e,0.0
EX_cpd00654_e,0.0
EX_cpd00423_e,0.0
EX_cpd00063_e,-3.668067559945122
EX_cpd00046_e,-9329.854017464388
EX_cpd01572_e,0.0
EX_cpd00027_e,-10000.0
EX_cpd00235_e,-10000.0
EX_cpd11589_e,0.0
EX_cpd00164_e,-9999.999999999945
EX_cpd00106_e,10000.0
EX_cpd00159_e,10000.0
EX_cpd00060_e,0.0
EX_cpd00048_e,0.0
EX_cpd00036_e,10000.0
EX_cpd00117_e,9554.179753017786
EX_cpd00082_e,-10000.0
EX_cpd01415_e,0.0
EX_cpd01262_e,0.0
EX_cpd00142_e,-6126.975627400779
EX_cpd01622_e,-10000.000000000002
EX_cpd03724_e,0.0
EX_cpd03424_e,0.0
EX_cpd00186_e,0.0
EX_cpd00029_e,10000.0
EX_cpd00156_e,-377.31034061702104
EX_cpd00040_e,1541.9349601715014
EX_cpd00176_e,9999.99999999993
EX_cpd01132_e,0.0
EX_cpd00161_e,-10000.0
EX_cpd00075_e,-9.441500302853175e-11
EX_cpd00013_e,10000.0
EX_cpd00065_e,-66.79439127850829
EX_cpd00024_e,-10000.0
EX_cpd00232_e,6404.76395795538
EX_cpd00309_e,0.0
EX_cpd00039_e,-399.90717779273956
EX_cpd05158_e,0.0
EX_cpd00307_e,0.0
EX_cpd00244_e,0.0
EX_cpd00285_e,0.0
EX_cpd11591_e,-7426.89646398006
EX_cpd00254_e,-116.49772733127752
EX_cpd11582_e,0.0
EX_cpd00128_e,3201.578055779086
EX_cpd00457_e,-10000.000000000002
EX_cpd00157_e,-9999.448350675188
EX_cpd00239_e,7217.313871387874
EX_cpd00210_e,0.0
EX_cpd00738_e,10000.0
EX_cpd00034_e,0.0
EX_cpd00288_e,-10000.0
EX_cpd00149_e,0.0
EX_cpd11580_e,0.0
EX_cpd00216_e,-216.4862363551328
EX_cpd00438_e,-2204.310972657851
EX_cpd00107_e,-425.91170703367885
EX_cpd11583_e,0.0
EX_cpd01991_e,0.0
EX_cpd11596_e,0.0
EX_cpd00146_e,0.0
EX_cpd00007_e,-1850.6182766299264
EX_cpd00417_e,0.0
EX_cpd00989_e,0.0
EX_cpd00011_e,10000.0
EX_cpd00212_e,0.0
EX_cpd01571_e,0.0
EX_cpd00300_e,-10000.0
EX_cpd09878_e,0.0
EX_cpd11585_e,0.0
EX_cpd01048_e,10000.0
EX_cpd00205_e,-808.6226038953777
EX_cpd00280_e,-9999.999999999998
EX_cpd00208_e,0.0
EX_cpd08305_e,0.0
EX_cpd00080_e,-757.9478484569863
EX_cpd00482_e,-2467.70207143439
EX_cpd00540_e,10000.000000000002
EX_cpd11598_e,0.0
EX_cpd08928_e,0.0
EX_cpd00363_e,1774.040850411467
EX_cpd01293_e,0.0
EX_cpd00139_e,10000.0
EX_cpd00155_e,0.0
EX_cpd11593_e,0.0
EX_cpd00222_e,10000.0
EX_cpd00794_e,0.0
EX_cpd00130_e,-7364.8346391059995
EX_cpd00122_e,0.0
EX_cpd00224_e,10000.0
EX_cpd03535_e,10000.0
EX_cpd07061_e,0.0
EX_cpd03701_e,0.0
EX_cpd03727_e,0.0
EX_cpd00246_e,0.0
EX_cpd04097_e,0.0
EX_cpd01017_e,0.0
EX_cpd00681_e,0.0
EX_cpd11587_e,0.0
EX_cpd15585_e,9999.999999999989
EX_cpd11578_e,0.0
