reaction,baseline_flux,cfba_flux,delta_flux,abs_delta
EX_cpd00001_e,0.0,0.0,0.0,0.0
EX_cpd00007_e,-1850.6182766299264,-7905.400810609585,-6054.782533979659,6054.782533979659
EX_cpd00009_e,10000.0,10000.0,0.0,0.0
EX_cpd00011_e,10000.0,10000.0,0.0,0.0
EX_cpd00012_e,10000.0,10000.0,0.0,0.0
EX_cpd00013_e,10000.0,10000.0,0.0,0.0
EX_cpd00018_e,-1125.9133542977547,-8876.773273168003,-7750.859918870248,7750.859918870248
EX_cpd00020_e,0.0,0.0,0.0,0.0
EX_cpd00023_e,-8848.40403338107,-10000.0,-1151.59596661893,1151.59596661893
EX_cpd00024_e,-10000.0,-10000.0,0.0,0.0
EX_cpd00027_e,-10000.0,-10000.0,0.0,0.0
EX_cpd00028_e,0.0,0.0,0.0,0.0
EX_cpd00029_e,10000.0,10000.0,0.0,0.0
EX_cpd00030_e,0.0,0.0,0.0,0.0
EX_cpd00033_e,10000.0,10000.0,0.0,0.0
EX_cpd00034_e,0.0,0.0,0.0,0.0
EX_cpd00035_e,9123.573449495712,0.0,-9123.573449495712,9123.573449495712
EX_cpd00036_e,10000.0,10000.0,0.0,0.0
EX_cpd00039_e,-399.90717779273956,0.0,399.90717779273956,399.90717779273956
EX_cpd00040_e,1541.9349601715014,7275.692540785879,5733.757580614378,5733.757580614378
EX_cpd00041_e,10000.0,10000.0,0.0,0.0
EX_cpd00046_e,-9329.854017464388,-9380.625049277889,-50.771031813501395,50.771031813501395
EX_cpd00047_e,1648.899332327264,9421.888431458983,7772.989099131719,7772.989099131719
EX_cpd00048_e,0.0,0.0,0.0,0.0
EX_cpd00051_e,-10000.0,-10000.0,0.0,0.0
EX_cpd00053_e,10000.0,10000.0,0.0,0.0
EX_cpd00054_e,-10000.0,0.0,10000.0,10000.0
EX_cpd00058_e,0.0,0.0,0.0,0.0
EX_cpd00060_e,0.0,0.0,0.0,0.0
EX_cpd00061_e,4041.814261556935,10000.0,5958.185738443065,5958.185738443065
EX_cpd00063_e,-3.668067559945122,-3.390170535067919,0.2778970248772028,0.2778970248772028
EX_cpd00064_e,-10000.0,0.0,10000.0,10000.0
EX_cpd00065_e,-66.79439127850829,0.0,66.79439127850829,66.79439127850829
EX_cpd00067_e,-10000.0,-10000.0,0.0,0.0
EX_cpd00069_e,-136.25276119750183,-125.93009501175244,10.322666185749384,10.322666185749384
EX_cpd00072_e,-4174.636807795326,-1788.083694601421,2386.5531131939047,2386.5531131939047
EX_cpd00073_e,-237.35399935846323,0.0,237.35399935846323,237.35399935846323
EX_cpd00075_e,-9.441500302853175e-11,0.0,9.441500302853175e-11,9.441500302853175e-11
EX_cpd00076_e,0.0,0.0,0.0,0.0
EX_cpd00079_e,0.0,0.0,0.0,0.0
EX_cpd00080_e,-757.9478484569863,-10000.0,-9242.052151543014,9242.052151543014
EX_cpd00082_e,-10000.0,-10000.0,0.0,0.0
EX_cpd00084_e,0.0,0.0,0.0,0.0
EX_cpd00085_e,0.0,0.0,0.0,0.0
EX_cpd00089_e,0.0,0.0,0.0,0.0
EX_cpd00091_e,254.53828227773482,10000.000000000002,9745.461717722266,9745.461717722266
EX_cpd00092_e,6820.001162312867,0.0,-6820.001162312867,6820.001162312867
EX_cpd00098_e,0.0,0.0,0.0,0.0
EX_cpd00100_e,0.0,0.0,0.0,0.0
EX_cpd00104_e,0.0,0.0,0.0,0.0
EX_cpd00105_e,0.0,0.0,0.0,0.0
EX_cpd00106_e,10000.0,10000.0,0.0,0.0
EX_cpd00107_e,-425.91170703367885,0.0,425.91170703367885,425.91170703367885
EX_cpd00108_e,-10000.0,-289.734000194311,9710.26599980569,9710.26599980569
EX_cpd00117_e,9554.179753017786,1048.4154416933823,-8505.764311324405,8505.764311324405
EX_cpd00119_e,-100.45148727293174,0.0,100.45148727293174,100.45148727293174
EX_cpd00121_e,0.0,0.0,0.0,0.0
EX_cpd00122_e,0.0,0.0,0.0,0.0
EX_cpd00126_e,-78.08630916038052,0.0,78.08630916038052,78.08630916038052
EX_cpd00128_e,3201.578055779086,8665.928852815921,5464.3507970368355,5464.3507970368355
EX_cpd00129_e,10000.0,9849.329049487671,-150.670950512329,150.670950512329
EX_cpd00130_e,-7364.8346391059995,-2161.4778274774567,5203.356811628542,5203.356811628542
EX_cpd00132_e,-181.99522370729738,0.0,181.99522370729738,181.99522370729738
EX_cpd00137_e,0.0,0.0,0.0,0.0
EX_cpd00138_e,0.0,0.0,0.0,0.0
EX_cpd00139_e,10000.0,0.0,-10000.0,10000.0
EX_cpd00141_e,7153.369509579888,7988.792765276468,835.4232556965808,835.4232556965808
EX_cpd00142_e,-6126.975627400779,-10000.0,-3873.0243725992214,3873.0243725992214
EX_cpd00146_e,0.0,5.4434274887323246e-11,5.4434274887323246e-11,5.4434274887323246e-11
EX_cpd00149_e,0.0,0.0,0.0,0.0
EX_cpd00154_e,0.0,6255.474418254695,6255.474418254695,6255.474418254695
EX_cpd00155_e,0.0,-1.3797235426918495e-12,-1.3797235426918495e-12,1.3797235426918495e-12
EX_cpd00156_e,-377.31034061702104,0.0,377.31034061702104,377.31034061702104
EX_cpd00157_e,-9999.448350675188,-9999.490144263658,-0.04179358847068215,0.04179358847068215
EX_cpd00158_e,0.0,0.0,0.0,0.0
EX_cpd00159_e,10000.0,10000.0,0.0,0.0
EX_cpd00161_e,-10000.0,0.0,10000.0,10000.0
EX_cpd00162_e,0.0,0.0,0.0,0.0
EX_cpd00164_e,-9999.999999999945,-9999.999999999998,-5.275069270282984e-11,5.275069270282984e-11
EX_cpd00169_e,0.0,0.0,0.0,0.0
EX_cpd00176_e,9999.99999999993,10000.0,6.912159733474255e-11,6.912159733474255e-11
EX_cpd00179_e,-7756.550657013842,-3524.4202156089495,4232.130441404893,4232.130441404893
EX_cpd00182_e,0.0,0.0,0.0,0.0
EX_cpd00184_e,9931.11265550814,0.0,-9931.11265550814,9931.11265550814
EX_cpd00185_e,0.0,0.0,0.0,0.0
EX_cpd00186_e,0.0,-6137.280513139205,-6137.280513139205,6137.280513139205
EX_cpd00205_e,-808.6226038953777,-747.3604236877851,61.262180207592564,61.262180207592564
EX_cpd00207_e,-21.39505232646369,0.0,21.39505232646369,21.39505232646369
EX_cpd00208_e,0.0,0.0,0.0,0.0
EX_cpd00209_e,-10000.0,-9514.894615711295,485.10538428870495,485.10538428870495
EX_cpd00210_e,0.0,0.0,0.0,0.0
EX_cpd00212_e,0.0,0.0,0.0,0.0
EX_cpd00216_e,-216.4862363551328,-261.8189608736337,-45.332724518500925,45.332724518500925
EX_cpd00218_e,-23.990243940427955,-22.172715416687232,1.817528523740723,1.817528523740723
EX_cpd00220_e,0.0,0.0,0.0,0.0
EX_cpd00222_e,10000.0,10000.0,0.0,0.0
EX_cpd00224_e,10000.0,10000.0,0.0,0.0
EX_cpd00226_e,10000.0,10000.0,0.0,0.0
EX_cpd00232_e,6404.76395795538,6713.7312500863745,308.9672921309948,308.9672921309948
EX_cpd00235_e,-10000.0,-10000.0,0.0,0.0
EX_cpd00239_e,7217.313871387874,8354.580752170981,1137.266880783107,1137.266880783107
EX_cpd00244_e,0.0,0.0,0.0,0.0
EX_cpd00246_e,0.0,-1334.2413603388986,-1334.2413603388986,1334.2413603388986
EX_cpd00249_e,0.0,-361.3442025449985,-361.3442025449985,361.3442025449985
EX_cpd00254_e,-116.49772733127752,-107.67172527399754,8.826002057279979,8.826002057279979
EX_cpd00266_e,0.0,0.0,0.0,0.0
EX_cpd00274_e,0.0,0.0,0.0,0.0
EX_cpd00276_e,-320.1972375686394,-1801.7167836951035,-1481.519546126464,1481.519546126464
EX_cpd00280_e,-9999.999999999998,-9999.999999999998,0.0,0.0
EX_cpd00281_e,-10000.0,-10000.0,0.0,0.0
EX_cpd00284_e,0.0,0.0,0.0,0.0
EX_cpd00285_e,0.0,0.0,0.0,0.0
EX_cpd00288_e,-10000.0,-6586.777162048532,3413.222837951468,3413.222837951468
EX_cpd00298_e,-7825.985590249715,-396.8398771617189,7429.145713087996,7429.145713087996
EX_cpd00300_e,-10000.0,-8665.7586396611,1334.2413603388995,1334.2413603388995
EX_cpd00305_e,-226.02934318042674,0.0,226.02934318042674,226.02934318042674
EX_cpd00307_e,0.0,0.0,0.0,0.0
EX_cpd00309_e,0.0,0.0,0.0,0.0
EX_cpd00311_e,0.0,0.0,0.0,0.0
EX_cpd00314_e,0.0,6.610601311588539e-12,6.610601311588539e-12,6.610601311588539e-12
EX_cpd00322_e,-331.8277784623947,0.0,331.8277784623947,331.8277784623947
EX_cpd00363_e,1774.040850411467,9999.999999999998,8225.95914958853,8225.95914958853
EX_cpd00367_e,0.0,0.0,0.0,0.0
EX_cpd00381_e,0.0,0.0,0.0,0.0
EX_cpd00382_e,10000.0,0.0,-10000.0,10000.0
EX_cpd00386_e,0.0,0.0,0.0,0.0
EX_cpd00393_e,-0.25433123750757675,-0.2350628099010637,0.01926842760651304,0.01926842760651304
EX_cpd00395_e,0.0,0.0,0.0,0.0
EX_cpd00396_e,-10000.0,-10000.0,0.0,0.0
EX_cpd00415_e,-9999.999999999965,-10000.0,-3.456079866737127e-11,3.456079866737127e-11
EX_cpd00417_e,0.0,0.0,0.0,0.0
EX_cpd00421_e,10000.0,10000.0,0.0,0.0
EX_cpd00423_e,0.0,0.0,0.0,0.0
EX_cpd00432_e,0.0,0.0,0.0,0.0
EX_cpd00438_e,-2204.310972657851,0.0,2204.310972657851,2204.310972657851
EX_cpd00457_e,-10000.000000000002,-10000.000000000002,0.0,0.0
EX_cpd00464_e,0.0,0.0,0.0,0.0
EX_cpd00482_e,-2467.70207143439,-9999.999999999996,-7532.2979285656065,7532.2979285656065
EX_cpd00485_e,0.0,0.0,0.0,0.0
EX_cpd00492_e,3188.072917048345,2909.952772421326,-278.1201446270193,278.1201446270193
EX_cpd00531_e,0.0,0.0,0.0,0.0
EX_cpd00540_e,10000.000000000002,10000.000000000002,0.0,0.0
EX_cpd00541_e,0.0,0.0,0.0,0.0
EX_cpd00550_e,0.0,0.0,0.0,0.0
EX_cpd00588_e,-313.48390180751244,-10000.000000000002,-9686.51609819249,9686.51609819249
EX_cpd00609_e,0.0,0.0,0.0,0.0
EX_cpd00637_e,0.0,0.0,0.0,0.0
EX_cpd00644_e,-0.49275685855561535,-0.4554250311752675,0.03733182738034785,0.03733182738034785
EX_cpd00652_e,0.0,0.0,0.0,0.0
EX_cpd00654_e,0.0,-1.487275489379761e-12,-1.487275489379761e-12,1.487275489379761e-12
EX_cpd00681_e,0.0,0.0,0.0,0.0
EX_cpd00700_e,0.0,0.0,0.0,0.0
EX_cpd00727_e,0.0,0.0,0.0,0.0
EX_cpd00738_e,10000.0,10000.0,0.0,0.0
EX_cpd00751_e,0.0,0.0,0.0,0.0
EX_cpd00765_e,0.0,0.0,0.0,0.0
EX_cpd00793_e,226.02934318042674,0.0,-226.02934318042674,226.02934318042674
EX_cpd00794_e,0.0,0.0,0.0,0.0
EX_cpd00870_e,0.0,0.0,0.0,0.0
EX_cpd00971_e,-1.5036210623032762e-12,0.0,1.5036210623032762e-12,1.5036210623032762e-12
EX_cpd00988_e,0.0,0.0,0.0,0.0
EX_cpd00989_e,0.0,0.0,0.0,0.0
EX_cpd01012_e,0.0,0.0,0.0,0.0
EX_cpd01017_e,0.0,0.0,0.0,0.0
EX_cpd01030_e,10000.0,10000.0,0.0,0.0
EX_cpd01048_e,10000.0,10000.0,0.0,0.0
EX_cpd01055_e,0.0,0.0,0.0,0.0
EX_cpd01092_e,0.0,0.0,0.0,0.0
EX_cpd01132_e,0.0,0.0,0.0,0.0
EX_cpd01171_e,10000.0,10000.0,0.0,0.0
EX_cpd01187_e,0.0,0.0,0.0,0.0
EX_cpd01200_e,-9686.516098192491,0.0,9686.516098192491,9686.516098192491
EX_cpd01217_e,0.0,0.0,0.0,0.0
EX_cpd01242_e,0.0,0.0,0.0,0.0
EX_cpd01262_e,0.0,0.0,0.0,0.0
EX_cpd01293_e,0.0,0.0,0.0,0.0
EX_cpd01415_e,0.0,0.0,0.0,0.0
EX_cpd01553_e,-9999.999999999985,-9999.999999999936,4.9112713895738125e-11,4.9112713895738125e-11
EX_cpd01570_e,0.0,0.0,0.0,0.0
EX_cpd01571_e,0.0,0.0,0.0,0.0
EX_cpd01572_e,0.0,0.0,0.0,0.0
EX_cpd01622_e,-10000.000000000002,-10000.000000000002,0.0,0.0
EX_cpd01665_e,0.0,0.0,0.0,0.0
EX_cpd01939_e,0.0,0.0,0.0,0.0
EX_cpd01947_e,0.0,0.0,0.0,0.0
EX_cpd01981_e,0.0,0.0,0.0,0.0
EX_cpd01991_e,0.0,0.0,0.0,0.0
EX_cpd02241_e,0.0,0.0,0.0,0.0
EX_cpd02274_e,0.0,0.0,0.0,0.0
EX_cpd03048_e,0.0,0.0,0.0,0.0
EX_cpd03161_e,0.0,0.0,0.0,0.0
EX_cpd03198_e,-313.48390180749476,0.0,313.48390180749476,313.48390180749476
EX_cpd03424_e,0.0,0.0,0.0,0.0
EX_cpd03454_e,0.0,0.0,0.0,0.0
EX_cpd03535_e,10000.0,9780.628213124495,-219.37178687550477,219.37178687550477
EX_cpd03696_e,10000.0,10000.0,0.0,0.0
EX_cpd03701_e,0.0,0.0,0.0,0.0
EX_cpd03724_e,0.0,0.0,0.0,0.0
EX_cpd03727_e,0.0,0.0,0.0,0.0
EX_cpd03805_e,0.0,0.0,0.0,0.0
EX_cpd03884_e,0.0,0.0,0.0,0.0
EX_cpd04097_e,0.0,0.0,0.0,0.0
EX_cpd04098_e,-10000.0,-10000.0,0.0,0.0
EX_cpd04761_e,0.0,0.0,0.0,0.0
EX_cpd05158_e,0.0,0.0,0.0,0.0
EX_cpd05190_e,0.0,0.0,0.0,0.0
EX_cpd05240_e,0.0,0.0,0.0,0.0
EX_cpd07061_e,0.0,0.0,0.0,0.0
EX_cpd08023_e,0.0,0.0,0.0,0.0
EX_cpd08305_e,0.0,0.0,0.0,0.0
EX_cpd08306_e,0.0,0.0,0.0,0.0
EX_cpd08376_e,0.0,0.0,0.0,0.0
EX_cpd08928_e,0.0,-3895.5003486046935,-3895.5003486046935,3895.5003486046935
EX_cpd09878_e,0.0,0.0,0.0,0.0
EX_cpd10515_e,0.0,0.0,0.0,0.0
EX_cpd10516_e,-3.94597009717194,-3.6470188558608627,0.2989512413110771,0.2989512413110771
EX_cpd11416_c,1229.6572443664504,1136.4969946590409,-93.16024970740955,93.16024970740955
EX_cpd11574_e,0.0,0.0,0.0,0.0
EX_cpd11575_e,0.0,0.0,0.0,0.0
EX_cpd11577_e,0.0,0.0,0.0,0.0
EX_cpd11578_e,0.0,0.0,0.0,0.0
EX_cpd11579_e,0.0,0.0,0.0,0.0
EX_cpd11580_e,0.0,-4297.556091609535,-4297.556091609535,4297.556091609535
EX_cpd11581_e,0.0,0.0,0.0,0.0
EX_cpd11582_e,0.0,0.0,0.0,0.0
EX_cpd11583_e,0.0,0.0,0.0,0.0
EX_cpd11584_e,0.0,0.0,0.0,0.0
EX_cpd11585_e,0.0,0.0,0.0,0.0
EX_cpd11586_e,0.0,0.0,0.0,0.0
EX_cpd11587_e,0.0,0.0,0.0,0.0
EX_cpd11588_e,0.0,0.0,0.0,0.0
EX_cpd11589_e,0.0,0.0,0.0,0.0
EX_cpd11590_e,0.0,0.0,0.0,0.0
EX_cpd11591_e,-7426.89646398006,-8548.285126056626,-1121.388662076566,1121.388662076566
EX_cpd11592_e,0.0,0.0,0.0,0.0
EX_cpd11593_e,0.0,0.0,0.0,0.0
EX_cpd11594_e,-1.4230382950751372e-13,0.0,1.4230382950751372e-13,1.4230382950751372e-13
EX_cpd11595_e,0.0,0.0,0.0,0.0
EX_cpd11596_e,0.0,0.0,0.0,0.0
EX_cpd11597_e,0.0,0.0,0.0,0.0
EX_cpd11598_e,0.0,0.0,0.0,0.0
EX_cpd11599_e,0.0,0.0,0.0,0.0
EX_cpd15471_e,0.0,0.0,0.0,0.0
EX_cpd15585_e,9999.999999999989,7048.840431217839,-2951.15956878215,2951.15956878215
bio00006,1229.6572443664504,1136.4969946590409,-93.16024970740955,93.16024970740955
rxn00001,0.0,0.0,0.0,0.0
rxn00002,0.0,0.0,0.0,0.0
rxn00006,4748.791539452422,7698.240967249573,2949.4494277971517,2949.4494277971517
rxn00011,0.0,0.0,0.0,0.0
rxn00016,0.0,0.0,0.0,0.0
rxn00022,-10000.0,-10000.0,0.0,0.0
rxn00029,0.0,0.0,0.0,0.0
rxn00048,0.0,0.0,0.0,0.0
rxn00060,0.0,0.0,0.0,0.0
rxn00062,0.0,0.0,0.0,0.0
rxn00065,0.0,0.0,0.0,0.0
rxn00077,0.0,0.0,0.0,0.0
rxn00085,10000.0,7870.936911256273,-2129.0630887437273,2129.0630887437273
rxn00097,0.0,10000.0,10000.0,10000.0
rxn00100,0.49275685855561524,0.45542503117526745,-0.03733182738034779,0.03733182738034779
rxn00101,0.0,0.0,0.0,0.0
rxn00102,-6414.3725456143675,-10000.0,-3585.6274543856325,3585.6274543856325
rxn00105,0.0,0.0,0.0,0.0
rxn00117,-8894.339545554592,-7282.520092698136,1611.8194528564563,1611.8194528564563
rxn00119,0.0,-8069.160268395765,-8069.160268395765,8069.160268395765
rxn00122,0.0,0.0,0.0,0.0
rxn00126,0.18416576548876332,0.17021315489008457,-0.01395261059867875,0.01395261059867875
rxn00127,0.0,0.0,0.0,0.0
rxn00132,0.0,0.0,0.0,0.0
rxn00137,0.3358304603516769,0.31038755771433596,-0.025442902637340947,0.025442902637340947
rxn00138,23.990243940427952,22.172715416687236,-1.817528523740716,1.817528523740716
rxn00139,0.0,0.0,0.0,0.0
rxn00141,10000.0,10000.0,0.0,0.0
rxn00143,-9999.81583423451,-9999.829786845112,-0.013952610601336346,0.013952610601336346
rxn00147,0.0,0.0,0.0,0.0
rxn00148,-10000.0,-8082.857626635266,1917.1423733647343,1917.1423733647343
rxn00152,1.8434399184475667e-10,0.0,-1.8434399184475667e-10,1.8434399184475667e-10
rxn00159,0.0,0.0,0.0,0.0
rxn00160,0.0,0.0,0.0,0.0
rxn00161,0.0,0.0,0.0,0.0
rxn00165,0.0,0.0,0.0,0.0
rxn00166,0.0,0.0,0.0,0.0
rxn00173,10000.0,10000.0,0.0,0.0
rxn00175,0.0,0.0,0.0,0.0
rxn00178,-5998.147887441376,-9880.932398061857,-3882.7845106204813,3882.7845106204813
rxn00179,0.0,0.0,0.0,0.0
rxn00182,-10000.0,-10000.0,0.0,0.0
rxn00183,0.0,-31.948705630129513,-31.948705630129513,31.948705630129513
rxn00187,0.0,0.0,0.0,0.0
rxn00189,0.0,0.0,0.0,0.0
rxn00191,-10000.0,-10000.0,0.0,0.0
rxn00192,0.0,0.0,0.0,0.0
rxn00193,124.88718684670813,-6021.854923469445,-6146.742110316153,6146.742110316153
rxn00196,0.0,0.0,0.0,0.0
rxn00199,0.0,0.0,0.0,0.0
rxn00203,0.0,0.0,0.0,0.0
rxn00205,10000.0,10000.0,0.0,0.0
rxn00206,0.0,0.0,0.0,0.0
rxn00211,0.0,0.0,0.0,0.0
rxn00212,0.0,0.0,0.0,0.0
rxn00213,0.0,0.0,0.0,0.0
rxn00214,-313.4839018074926,-289.7340001943111,23.74990161318152,23.74990161318152
rxn00215,0.0,0.0,0.0,0.0
rxn00216,0.0,0.0,0.0,0.0
rxn00222,0.0,0.0,0.0,0.0
rxn00223,10000.0,10000.0,0.0,0.0
rxn00224,0.0,0.0,0.0,0.0
rxn00225,-10000.0,-10000.0,0.0,0.0
rxn00227,0.0,0.0,0.0,0.0
rxn00231,0.0,0.0,0.0,0.0
rxn00237,0.0,0.0,0.0,0.0
rxn00239,77.3560157229513,91.26957334767934,13.913557624728043,13.913557624728043
rxn00247,0.0,0.0,0.0,0.0
rxn00248,-2635.165360893981,-7838.522172522534,-5203.356811628553,5203.356811628553
rxn00250,5294.052810192092,8964.556978623292,3670.5041684312,3670.5041684312
rxn00256,0.0,0.0,0.0,0.0
rxn00260,-2658.8874492981204,-1126.034806100758,1532.8526431973623,1532.8526431973623
rxn00269,9497.583078904658,7275.692540785863,-2221.890538118795,2221.890538118795
rxn00272,-2044.35188126683,0.0,2044.35188126683,2044.35188126683
rxn00274,-9770.897836918199,-3683.7552293813064,6087.142607536893,6087.142607536893
rxn00278,-10000.0,-10000.0,0.0,0.0
rxn00283,10000.0,9581.249226780237,-418.7507732197628,418.7507732197628
rxn00285,-10000.0,-10000.0,0.0,0.0
rxn00288,7647.994961255817,9695.414644488574,2047.419683232757,2047.419683232757
rxn00289,0.0,0.0,0.0,0.0
rxn00290,-2352.0050387441847,-304.58535551143024,2047.4196832327546,2047.4196832327546
rxn00292,-407.1631249962752,-376.3159774923011,30.8471475039741,30.8471475039741
rxn00293,0.0,0.0,0.0,0.0
rxn00295,119.92478207132682,110.83914239811233,-9.085639673214487,9.085639673214487
rxn00297,9.726313359715885,8.98943665242621,-0.7368767072896745,0.7368767072896745
rxn00299,0.0,0.0,0.0,0.0
rxn00300,0.0,0.0,0.0,0.0
rxn00303,0.0,0.0,0.0,0.0
rxn00313,0.0,369.60974920958216,369.60974920958216,369.60974920958216
rxn00321,0.0,0.0,0.0,0.0
rxn00322,0.0,0.0,0.0,0.0
rxn00324,-10000.0,-10000.0,0.0,0.0
rxn00327,0.0,0.0,0.0,0.0
rxn00328,0.0,0.0,0.0,0.0
rxn00333,10000.0,10000.0,0.0,0.0
rxn00337,124.88718684669207,485.0353388793389,360.1481520326468,360.1481520326468
rxn00338,0.0,0.0,0.0,0.0
rxn00342,0.0,0.0,0.0,0.0
rxn00346,0.0,0.0,0.0,0.0
rxn00347,2352.00503874415,-181.4166567162222,-2533.4216954603726,2533.4216954603726
rxn00350,0.0,0.0,0.0,0.0
rxn00355,313.4839018074926,289.734000194311,-23.749901613181578,23.749901613181578
rxn00361,0.0,0.0,0.0,0.0
rxn00363,0.0,0.0,0.0,0.0
rxn00364,10000.0,10000.0,0.0,0.0
rxn00365,0.0,0.0,0.0,0.0
rxn00368,0.0,0.0,0.0,0.0
rxn00369,-77.08364664332412,-72.14032869284712,4.943317950476995,4.943317950476995
rxn00371,0.0,0.0,0.0,0.0
rxn00373,0.0,0.0,0.0,0.0
rxn00375,0.0,0.0,0.0,0.0
rxn00376,0.0,0.0,0.0,0.0
rxn00379,0.0,0.0,0.0,0.0
rxn00392,0.0,0.0,0.0,0.0
rxn00394,-237.35399935846326,0.0,237.35399935846326,237.35399935846326
rxn00396,10000.0,9780.628213124495,-219.37178687550477,219.37178687550477
rxn00399,-4999.999999999999,-4757.447307855648,242.55269214435066,242.55269214435066
rxn00405,0.0,0.0,0.0,0.0
rxn00409,9978.27097276625,9979.917188906775,1.6462161405252118,1.6462161405252118
rxn00410,-9258.814935454335,-9314.967969975794,-56.15303452145963,56.15303452145963
rxn00412,0.0,0.0,0.0,0.0
rxn00414,0.0,0.0,0.0,0.0
rxn00416,0.0,168.2070558549922,168.2070558549922,168.2070558549922
rxn00418,0.0,0.0,0.0,0.0
rxn00420,0.0,0.0,0.0,0.0
rxn00422,-2467.7020714343894,-10000.0,-7532.297928565611,7532.297928565611
rxn00423,0.0,0.0,0.0,0.0
rxn00430,-10000.0,-7048.840431217837,2951.1595687821628,2951.1595687821628
rxn00438,-226.02934318042676,0.0,226.02934318042676,226.02934318042676
rxn00440,226.02934318042674,0.0,-226.02934318042674,226.02934318042674
rxn00441,7647.994961255869,9695.414644488568,2047.4196832326988,2047.4196832326988
rxn00452,0.0,0.0,0.0,0.0
rxn00455,0.0,0.0,0.0,0.0
rxn00459,10000.0,10000.0,0.0,0.0
rxn00461,124.88718684669203,115.42558966975827,-9.461597176933765,9.461597176933765
rxn00467,9762.646000641536,8.400347116533948e-12,-9762.646000641527,9762.646000641527
rxn00469,0.0,0.0,0.0,0.0
rxn00474,0.0,0.0,0.0,0.0
rxn00490,0.0,0.0,0.0,0.0
rxn00493,-216.30207058964405,-199.91477648742196,16.387294102222086,16.387294102222086
rxn00499,8350.846336435225,485.03533887933736,-7865.810997555887,7865.810997555887
rxn00501,0.0,0.0,0.0,0.0
rxn00503,-434.9432443759157,-10000.0,-9565.056755624084,9565.056755624084
rxn00506,-124.88718684669206,-485.0353388793383,-360.1481520326463,360.1481520326463
rxn00509,10000.0,10000.0,0.0,0.0
rxn00512,-10000.0,1.6370904631912708e-11,10000.000000000016,10000.000000000016
rxn00513,0.0,0.0,0.0,0.0
rxn00515,0.0,0.0,0.0,0.0
rxn00527,0.0,0.0,0.0,0.0
rxn00538,0.0,0.0,0.0,0.0
rxn00539,0.0,0.0,0.0,0.0
rxn00542,-8350.846336435225,-485.03533887933776,7865.810997555887,7865.810997555887
rxn00543,-1774.0408504114675,-10000.0,-8225.959149588532,8225.959149588532
rxn00545,-10000.000000000013,-10000.0,1.2732925824820995e-11,1.2732925824820995e-11
rxn00546,0.0,0.0,0.0,0.0
rxn00547,-10000.0,0.0,10000.0,10000.0
rxn00549,0.0,0.0,0.0,0.0
rxn00552,0.0,0.0,0.0,0.0
rxn00555,-320.19723756864147,1611.5060542563626,1931.703291825004,1931.703291825004
rxn00558,0.0,0.0,0.0,0.0
rxn00559,10000.0,10000.0,0.0,0.0
rxn00566,7217.313871387874,8354.580752170981,1137.266880783107,1137.266880783107
rxn00568,0.0,0.0,0.0,0.0
rxn00569,0.0,0.0,0.0,0.0
rxn00575,0.0,0.0,0.0,0.0
rxn00582,-9686.516098192491,0.0,9686.516098192491,9686.516098192491
rxn00589,0.0,0.0,0.0,0.0
rxn00604,10000.0,10000.0,0.0,0.0
rxn00606,0.0,0.0,0.0,0.0
rxn00607,7756.550657013843,3524.4202156089495,-4232.130441404894,4232.130441404894
rxn00608,0.0,0.0,0.0,0.0
rxn00611,10000.0,10000.0,0.0,0.0
rxn00612,-10000.0,-10000.0,0.0,0.0
rxn00615,0.0,0.0,0.0,0.0
rxn00616,0.0,0.0,0.0,0.0
rxn00621,576.0670328465162,532.4235306640537,-43.6435021824625,43.6435021824625
rxn00623,0.0,0.0,0.0,0.0
rxn00634,313.48390180751244,10000.0,9686.516098192487,9686.516098192487
rxn00649,0.0,0.0,0.0,0.0
rxn00670,-134.15538894070468,-123.99162209382789,10.163766846876797,10.163766846876797
rxn00671,0.0,0.0,0.0,0.0
rxn00676,134.1553889407025,123.99162209382789,-10.163766846874609,10.163766846874609
rxn00679,0.0,0.0,0.0,0.0
rxn00686,-4557.203189183174,-0.23506280990106368,4556.968126373273,4556.968126373273
rxn00689,0.0,0.0,0.0,0.0
rxn00690,-9999.745668762489,-9906.923770338322,92.82189842416665,92.82189842416665
rxn00691,0.0,0.0,0.0,0.0
rxn00692,-4845.943270016334,-1209.8815604888903,3636.061709527444,3636.061709527444
rxn00693,-7287.340732755036,-8419.30229783249,-1131.961565077454,1131.961565077454
rxn00695,10000.0,7535.310773315877,-2464.6892266841232,2464.6892266841232
rxn00702,0.0,0.0,0.0,0.0
rxn00704,-1.4540777067399895e-12,0.0,1.4540777067399895e-12,1.4540777067399895e-12
rxn00707,0.0,0.0,0.0,0.0
rxn00708,0.0,0.0,0.0,0.0
rxn00709,0.0,0.0,0.0,0.0
rxn00710,0.0,0.0,0.0,0.0
rxn00711,0.0,0.0,0.0,0.0
rxn00712,0.0,1695.5855628839674,1695.5855628839674,1695.5855628839674
rxn00713,0.0,0.0,0.0,0.0
rxn00715,0.0,0.0,0.0,0.0
rxn00726,0.0,61.73397123132167,61.73397123132167,61.73397123132167
rxn00727,0.0,0.0,0.0,0.0
rxn00734,7287.524898520591,8112.784387370297,825.259488849706,825.259488849706
rxn00737,0.0,0.0,0.0,0.0
rxn00740,0.0,0.0,0.0,0.0
rxn00742,7287.524898520591,8419.472510987378,1131.9476124667872,1131.9476124667872
rxn00743,0.0,0.0,0.0,0.0
rxn00747,-17.159879141788487,-6194.931939107419,-6177.77205996563,6177.77205996563
rxn00748,0.0,0.0,0.0,0.0
rxn00751,-10000.000000000002,-10000.000000000002,0.0,0.0
rxn00758,0.0,0.0,0.0,0.0
rxn00762,-9999.448350675188,-9999.490144263658,-0.04179358847068215,0.04179358847068215
rxn00763,10000.0,10000.0,0.0,0.0
rxn00770,23.990243940427952,176.7478534997825,152.75760955935456,152.75760955935456
rxn00772,-9999.815834234512,-9999.829786845112,-0.013952610599517357,0.013952610599517357
rxn00775,0.0,0.0,0.0,0.0
rxn00777,-15.870718783301065,2951.159568782163,2967.0302875654643,2967.0302875654643
rxn00778,10000.0,10000.0,0.0,0.0
rxn00781,10000.0,10000.0,0.0,0.0
rxn00782,0.0,0.0,0.0,0.0
rxn00784,10000.0,10000.0,0.0,0.0
rxn00785,7.935359391647353,3127.737209127274,3119.801849735627,3119.801849735627
rxn00786,0.0,0.0,0.0,0.0
rxn00787,-10000.00000000008,-10000.000000000004,7.639755494892597e-11,7.639755494892597e-11
rxn00789,0.0,92.84116685177362,92.84116685177362,92.84116685177362
rxn00790,0.0,0.0,0.0,0.0
rxn00791,0.0,61.733971231321675,61.733971231321675,61.733971231321675
rxn00799,10000.0,10000.0,0.0,0.0
rxn00800,0.0,0.8966279389563567,0.8966279389563567,0.8966279389563567
rxn00802,-9999.999999999965,-9514.894615711297,485.1053842886686,485.1053842886686
rxn00804,0.0,-1128.2352853562359,-1128.2352853562359,1128.2352853562359
rxn00806,0.0,734.5911400047637,734.5911400047637,734.5911400047637
rxn00808,313.4839018074926,289.7340001943111,-23.74990161318152,23.74990161318152
rxn00816,0.0,0.0,0.0,0.0
rxn00817,0.0,0.0,0.0,0.0
rxn00818,-9686.516098192493,0.0,9686.516098192493,9686.516098192493
rxn00827,0.0,0.0,0.0,0.0
rxn00830,0.18416576548876332,0.17021315489008457,-0.01395261059867875,0.01395261059867875
rxn00831,0.0,0.0,0.0,0.0
rxn00832,0.0,-92.84116685177364,-92.84116685177364,92.84116685177364
rxn00834,0.0,91.94453891282224,91.94453891282224,91.94453891282224
rxn00836,0.0,0.0,0.0,0.0
rxn00837,0.0,0.0,0.0,0.0
rxn00838,0.0,0.8966279389563568,0.8966279389563568,0.8966279389563568
rxn00839,0.0,0.0,0.0,0.0
rxn00851,0.0,0.0,0.0,0.0
rxn00858,0.0,0.0,0.0,0.0
rxn00863,0.0,92.84116685177365,92.84116685177365,92.84116685177365
rxn00867,0.0,0.0,0.0,0.0
rxn00868,57.167923529348904,52.8368157709501,-4.331107758398801,4.331107758398801
rxn00871,10000.0,9761.645430655766,-238.35456934423382,238.35456934423382
rxn00874,41.831532135223426,38.662327060220036,-3.16920507500339,3.16920507500339
rxn00875,-10000.0,-10000.0,0.0,0.0
rxn00877,-15.33639139412428,-14.174488710727896,1.1619026833963844,1.1619026833963844
rxn00879,0.0,0.0,0.0,0.0
rxn00881,0.0,0.0,0.0,0.0
rxn00882,0.0,0.0,0.0,0.0
rxn00883,0.0,0.0,0.0,0.0
rxn00892,-10000.000000000002,-10000.0,1.8189894035458565e-12,1.8189894035458565e-12
rxn00897,10000.000000000002,10000.000000000002,0.0,0.0
rxn00898,0.0,742.3690198070024,742.3690198070024,742.3690198070024
rxn00902,0.0,393.6441453514723,393.6441453514723,393.6441453514723
rxn00903,5589.251579071498,9651.275125544471,4062.023546472973,4062.023546472973
rxn00907,9999.999999999998,9999.999999999998,0.0,0.0
rxn00908,0.0,0.0,0.0,0.0
rxn00910,7287.340732755037,8419.30229783249,1131.961565077453,1131.961565077453
rxn00912,0.0,0.0,0.0,0.0
rxn00913,0.0,0.0,0.0,0.0
rxn00915,0.0,0.0,0.0,0.0
rxn00916,0.0,91.94453891282826,91.94453891282826,91.94453891282826
rxn00917,0.0,0.0,0.0,0.0
rxn00926,0.0,0.0,0.0,0.0
rxn00929,0.0,0.0,0.0,0.0
rxn00931,-197.58924501745562,-31.948705630131034,165.6405393873246,165.6405393873246
rxn00938,0.0,0.0,0.0,0.0
rxn00947,0.0,0.0,0.0,0.0
rxn00950,0.0,0.0,0.0,0.0
rxn00953,7287.524898520593,8419.47251098738,1131.9476124667872,1131.9476124667872
rxn00955,-9999.81583423451,-9999.82978684511,-0.013952610599517357,0.013952610599517357
rxn00965,0.0,0.0,0.0,0.0
rxn00973,0.0,0.0,0.0,0.0
rxn00974,0.0,0.0,0.0,0.0
rxn00979,0.0,0.0,0.0,0.0
rxn00980,0.0,0.0,0.0,0.0
rxn00985,-7153.369509579888,-7988.792765276469,-835.4232556965817,835.4232556965817
rxn00988,8407.320849714859,10000.0,1592.679150285141,1592.679150285141
rxn00991,-71.65981643005067,-66.23078616719053,5.429030262860138,5.429030262860138
rxn00992,0.0,0.0,0.0,0.0
rxn00994,0.0,238.35456934423456,238.35456934423456,238.35456934423456
rxn01000,216.3020705896441,199.91477648742196,-16.387294102222143,16.387294102222143
rxn01010,0.0,0.0,0.0,0.0
rxn01011,2467.7020714343894,10000.0,7532.297928565611,7532.297928565611
rxn01013,0.0,0.0,0.0,0.0
rxn01018,0.0,0.0,0.0,0.0
rxn01019,0.0,0.0,0.0,0.0
rxn01021,0.0,0.0,0.0,0.0
rxn01044,0.0,-6255.474418254695,-6255.474418254695,6255.474418254695
rxn01045,-5589.251579071498,-10000.0,-4410.748420928502,4410.748420928502
rxn01053,10000.0,10000.0,0.0,0.0
rxn01068,9770.897836918199,3683.7552293813064,-6087.142607536893,6087.142607536893
rxn01069,0.0,0.0,0.0,0.0
rxn01073,0.0,0.0,0.0,0.0
rxn01080,9999.999999999945,10000.0,5.4569682106375694e-11,5.4569682106375694e-11
rxn01093,0.0,0.0,0.0,0.0
rxn01094,0.0,0.0,0.0,0.0
rxn01100,-10000.0,-10000.0,0.0,0.0
rxn01101,10000.0,9999.999999999996,-3.637978807091713e-12,3.637978807091713e-12
rxn01102,7532.29792856561,1.5299138391516946e-12,-7532.297928565608,7532.297928565608
rxn01103,0.0,0.0,0.0,0.0
rxn01106,-7532.297928565611,-4.630372124909624e-12,7532.2979285656065,7532.2979285656065
rxn01107,0.0,0.0,0.0,0.0
rxn01108,0.0,0.0,0.0,0.0
rxn01109,0.0,0.0,0.0,0.0
rxn01114,0.0,0.0,0.0,0.0
rxn01115,0.0,0.0,0.0,0.0
rxn01116,9984.129281216705,10000.0,15.87071878329516,15.87071878329516
rxn01122,10000.000000000005,10000.0,-5.4569682106375694e-12,5.4569682106375694e-12
rxn01123,10000.000000000022,10000.0,-2.1827872842550278e-11,2.1827872842550278e-11
rxn01124,0.0,0.0,0.0,0.0
rxn01127,-997.0829173557445,-8665.758639661031,-7668.675722305286,7668.675722305286
rxn01128,-28.2624421045185,-26.121246925243398,2.141195179275101,2.141195179275101
rxn01129,0.0,0.0,0.0,0.0
rxn01132,10000.0,10000.0,0.0,0.0
rxn01133,0.0,0.0,0.0,0.0
rxn01138,10000.0,10000.0,0.0,0.0
rxn01139,0.0,0.0,0.0,0.0
rxn01143,-9931.11265550814,0.0,9931.11265550814,9931.11265550814
rxn01145,0.0,0.0,0.0,0.0
rxn01146,0.0,0.0,0.0,0.0
rxn01152,0.0,0.0,0.0,0.0
rxn01176,0.0,0.0,0.0,0.0
rxn01199,0.0,-6255.474418254695,-6255.474418254695,6255.474418254695
rxn01200,7.935359391647352,3127.737209127274,3119.801849735627,3119.801849735627
rxn01204,10000.0,10000.0,0.0,0.0
rxn01208,0.0,393.6441453514722,393.6441453514722,393.6441453514722
rxn01210,0.0,0.0,0.0,0.0
rxn01211,10000.0,10000.0,0.0,0.0
rxn01213,0.18416576548876332,0.17021315489008457,-0.01395261059867875,0.01395261059867875
rxn01217,0.0,0.0,0.0,0.0
rxn01218,0.0,0.0,0.0,0.0
rxn01219,0.0,-4.63628257804898e-12,-4.63628257804898e-12,4.63628257804898e-12
rxn01225,0.0,0.0,0.0,0.0
rxn01236,-10000.0,-9761.645430655764,238.35456934423564,238.35456934423564
rxn01241,7647.994961255868,8646.357501064484,998.362539808616,998.362539808616
rxn01255,0.0,0.0,0.0,0.0
rxn01256,216.30207058964407,199.91477648742193,-16.387294102222143,16.387294102222143
rxn01257,0.0,0.0,0.0,0.0
rxn01258,0.1841657654887633,0.17021315489008454,-0.01395261059867875,0.01395261059867875
rxn01259,0.0,0.0,0.0,0.0
rxn01265,-23.990243940427952,-22.172715416687232,1.8175285237407195,1.8175285237407195
rxn01268,0.0,0.0,0.0,0.0
rxn01270,0.0,0.0,0.0,0.0
rxn01274,0.0,0.0,0.0,0.0
rxn01275,-10000.0,-10000.0,0.0,0.0
rxn01280,0.0,0.0,0.0,0.0
rxn01281,0.0,0.0,0.0,0.0
rxn01285,0.0,0.0,0.0,0.0
rxn01286,10000.0,10000.0,0.0,0.0
rxn01290,0.0,0.0,0.0,0.0
rxn01292,-10000.000000000002,-10000.000000000002,0.0,0.0
rxn01297,10000.0,8665.758639661102,-1334.2413603388977,1334.2413603388977
rxn01300,0.0,0.0,0.0,0.0
rxn01301,10000.000000000055,10000.0,-5.4569682106375694e-11,5.4569682106375694e-11
rxn01302,-10000.0,-10000.0,0.0,0.0
rxn01304,0.0,0.0,0.0,0.0
rxn01314,0.0,0.0,0.0,0.0
rxn01316,0.0,0.0,0.0,0.0
rxn01322,-6404.763957955381,-6713.7312500863745,-308.9672921309939,308.9672921309939
rxn01329,0.0,0.0,0.0,0.0
rxn01332,0.0,0.0,0.0,0.0
rxn01333,0.0,0.0,0.0,0.0
rxn01334,-7.935359391647351,-3127.737209127274,-3119.801849735627,3119.801849735627
rxn01343,-7.935359391647353,-3127.7372091272746,-3119.801849735627,3119.801849735627
rxn01352,-1.7060783512300646e-12,0.0,1.7060783512300646e-12,1.7060783512300646e-12
rxn01353,149.6965054775891,139.25195367354274,-10.44455180404637,10.44455180404637
rxn01355,0.0,0.0,0.0,0.0
rxn01358,0.0,1334.2413603388982,1334.2413603388982,1334.2413603388982
rxn01360,0.0,0.0,0.0,0.0
rxn01362,0.0,0.0,0.0,0.0
rxn01366,0.0,-1334.2413603389678,-1334.2413603389678,1334.2413603389678
rxn01367,0.0,0.0,0.0,0.0
rxn01370,0.0,0.0,0.0,0.0
rxn01386,0.0,0.0,0.0,0.0
rxn01387,0.0,0.0,0.0,0.0
rxn01388,0.0,0.0,0.0,0.0
rxn01390,0.0,0.0,0.0,0.0
rxn01406,0.0,0.0,0.0,0.0
rxn01434,-10000.0,-9514.894615711299,485.1053842887013,485.1053842887013
rxn01444,21.395052326179044,-1.5452725930167426e-12,-21.39505232618059,21.39505232618059
rxn01445,0.0,0.0,0.0,0.0
rxn01446,21.395052326463695,0.0,-21.395052326463695,21.395052326463695
rxn01451,0.0,1949.1641500649553,1949.1641500649553,1949.1641500649553
rxn01452,-57.167923529348904,-2002.0009658359058,-1944.833042306557,1944.833042306557
rxn01454,0.0,0.0,0.0,0.0
rxn01457,10000.0,10000.0,0.0,0.0
rxn01465,0.0,0.0,0.0,0.0
rxn01466,0.18416576548876332,0.17021315489008457,-0.01395261059867875,0.01395261059867875
rxn01476,10000.0,10000.0,0.0,0.0
rxn01480,0.0,0.0,0.0,0.0
rxn01484,-10000.0,-10000.0,0.0,0.0
rxn01485,0.0,0.0,0.0,0.0
rxn01486,0.1841657654887633,0.17021315489008457,-0.013952610598678722,0.013952610598678722
rxn01489,0.0,0.0,0.0,0.0
rxn01492,10000.000000000013,10000.0,-1.2732925824820995e-11,1.2732925824820995e-11
rxn01504,71.65981643005067,66.23078616719054,-5.429030262860124,5.429030262860124
rxn01507,0.0,0.0,0.0,0.0
rxn01508,-997.0829173557444,-8665.758639661031,-7668.675722305287,7668.675722305287
rxn01509,21.395052326173346,-1.5452725930167426e-12,-21.39505232617489,21.39505232617489
rxn01510,126.7155642033405,118.01207499007319,-8.703489213267318,8.703489213267318
rxn01512,28.15693751295189,26.023735483101653,-2.1332020298502385,2.1332020298502385
rxn01513,28.156937512951853,26.02373548310165,-2.133202029850203,2.133202029850203
rxn01515,0.0,0.0,0.0,0.0
rxn01516,0.0,0.0,0.0,0.0
rxn01517,-8953.285165084242,-963.4252186603496,7989.859946423892,7989.859946423892
rxn01518,-6820.0011623128685,-1334.2413603389675,5485.759801973901,5485.759801973901
rxn01519,0.0,0.0,0.0,0.0
rxn01520,4556.9488579456665,0.0,-4556.9488579456665,4556.9488579456665
rxn01521,0.0,0.0,0.0,0.0
rxn01522,-10000.0,-8665.758639661102,1334.2413603388977,1334.2413603388977
rxn01523,0.0,0.0,0.0,0.0
rxn01537,0.0,0.0,0.0,0.0
rxn01544,0.0,0.0,0.0,0.0
rxn01548,0.0,0.0,0.0,0.0
rxn01549,0.0,0.0,0.0,0.0
rxn01555,0.0,0.0,0.0,0.0
rxn01573,0.0,0.0,0.0,0.0
rxn01575,0.0,306.68812361708154,306.68812361708154,306.68812361708154
rxn01602,-0.25433123750757675,-0.23506280990106368,0.019268427606513067,0.019268427606513067
rxn01603,0.0,0.0,0.0,0.0
rxn01621,10000.0,10000.0,0.0,0.0
rxn01629,0.0,0.0,0.0,0.0
rxn01634,0.0,0.0,0.0,0.0
rxn01636,0.0,0.0,0.0,0.0
rxn01637,0.0,0.0,0.0,0.0
rxn01639,0.0,0.0,0.0,0.0
rxn01642,0.0,0.0,0.0,0.0
rxn01643,124.88718684669207,485.03533887933855,360.14815203264646,360.14815203264646
rxn01644,124.88718684669206,485.0353388793404,360.14815203264834,360.14815203264834
rxn01646,0.0,0.0,0.0,0.0
rxn01647,0.0,0.0,0.0,0.0
rxn01648,0.0,0.0,0.0,0.0
rxn01649,0.0,0.0,0.0,0.0
rxn01653,0.0,0.0,0.0,0.0
rxn01664,0.0,0.0,0.0,0.0
rxn01670,0.0,0.0,0.0,0.0
rxn01673,0.0,0.0,0.0,0.0
rxn01674,0.0,0.0,0.0,0.0
rxn01675,0.0,0.0,0.0,0.0
rxn01678,0.0,0.0,0.0,0.0
rxn01679,0.0,0.0,0.0,0.0
rxn01682,0.0,0.0,0.0,0.0
rxn01684,0.0,0.0,0.0,0.0
rxn01704,0.0,0.0,0.0,0.0
rxn01705,-21.369475455497923,-19.750499371982674,1.6189760835152498,1.6189760835152498
rxn01706,0.0,0.0,0.0,0.0
rxn01737,-313.4839018075124,0.0,313.4839018075124,313.4839018075124
rxn01739,0.0,0.0,0.0,0.0
rxn01740,0.0,0.0,0.0,0.0
rxn01747,0.0,0.0,0.0,0.0
rxn01748,0.0,0.0,0.0,0.0
rxn01750,0.0,0.0,0.0,0.0
rxn01761,10000.0,10000.0,0.0,0.0
rxn01763,-10000.000000000002,-10000.000000000002,0.0,0.0
rxn01775,-9999.999999999945,-10000.0,-5.4569682106375694e-11,5.4569682106375694e-11
rxn01790,0.0,0.0,0.0,0.0
rxn01791,0.0,0.0,0.0,0.0
rxn01799,6820.001162312867,1334.2413603389668,-5485.7598019739,5485.7598019739
rxn01800,0.0,0.0,0.0,0.0
rxn01813,10000.0,10000.0,0.0,0.0
rxn01816,0.0,0.0,0.0,0.0
rxn01819,0.0,0.0,0.0,0.0
rxn01834,0.0,0.0,0.0,0.0
rxn01843,0.0,0.0,0.0,0.0
rxn01847,0.0,0.0,0.0,0.0
rxn01851,0.0,0.0,0.0,0.0
rxn01857,-10000.0,-10000.0,0.0,0.0
rxn01859,3201.393890013595,8665.758639661031,5464.364749647437,5464.364749647437
rxn01867,10000.000000000002,10000.0,-1.8189894035458565e-12,1.8189894035458565e-12
rxn01868,0.0,2.1853454586077174e-12,2.1853454586077174e-12,2.1853454586077174e-12
rxn01870,0.0,0.0,0.0,0.0
rxn01871,0.0,1049.0571434240837,1049.0571434240837,1049.0571434240837
rxn01872,-7647.994961255869,-9695.414644488568,-2047.4196832326988,2047.4196832326988
rxn01903,0.0,0.0,0.0,0.0
rxn01917,0.0,0.0,0.0,0.0
rxn01923,0.0,0.0,0.0,0.0
rxn01925,1.1951467522547376e-12,2.152814514319827e-12,9.576677620650894e-13,9.576677620650894e-13
rxn01945,0.0,0.0,0.0,0.0
rxn01961,0.0,0.0,0.0,0.0
rxn01964,0.0,61.73397123132166,61.73397123132166,61.73397123132166
rxn01966,0.0,0.0,0.0,0.0
rxn01967,10000.0,10000.0,0.0,0.0
rxn01972,124.88718684669206,485.0353388793404,360.14815203264834,360.14815203264834
rxn01973,0.0,0.0,0.0,0.0
rxn01974,124.88718684669207,485.0353388793403,360.1481520326482,360.1481520326482
rxn01977,0.0,0.0,0.0,0.0
rxn01985,0.0,0.0,0.0,0.0
rxn01986,9999.999999999998,9999.999999999998,0.0,0.0
rxn01987,0.0,0.0,0.0,0.0
rxn01989,0.0,0.0,0.0,0.0
rxn01997,0.0,0.0,0.0,0.0
rxn02005,0.0,0.0,0.0,0.0
rxn02007,0.0,0.0,0.0,0.0
rxn02008,124.88718684669207,115.42558966975831,-9.461597176933765,9.461597176933765
rxn02011,124.88718684669207,115.42558966975831,-9.461597176933765,9.461597176933765
rxn02046,0.0,0.0,0.0,0.0
rxn02056,0.0,0.0,0.0,0.0
rxn02061,0.0,0.0,0.0,0.0
rxn02085,0.0,0.0,0.0,0.0
rxn02112,0.0,0.0,0.0,0.0
rxn02113,0.0,0.0,0.0,0.0
rxn02155,23.990243940427952,22.172715416687236,-1.817528523740716,1.817528523740716
rxn02159,0.0,92.84116685177365,92.84116685177365,92.84116685177365
rxn02160,0.0,92.84116685177364,92.84116685177364,92.84116685177364
rxn02161,10000.0,10000.0,0.0,0.0
rxn02166,0.0,0.0,0.0,0.0
rxn02167,57.167923529348904,52.836815770950096,-4.331107758398808,4.331107758398808
rxn02175,0.49275685855561524,0.45542503117526745,-0.03733182738034779,0.03733182738034779
rxn02177,0.0,0.0,0.0,0.0
rxn02185,0.0,-742.3690198070024,-742.3690198070024,742.3690198070024
rxn02186,0.0,742.3690198070024,742.3690198070024,742.3690198070024
rxn02196,0.0,0.0,0.0,0.0
rxn02200,0.0,0.0,0.0,0.0
rxn02201,0.0,0.0,0.0,0.0
rxn02212,0.0,0.0,0.0,0.0
rxn02213,0.0,0.0,0.0,0.0
rxn02222,0.0,0.0,0.0,0.0
rxn02264,0.0,0.0,0.0,0.0
rxn02268,4932.922305529688,4938.004188953086,5.081883423397812,5.081883423397812
rxn02270,-10000.0,-10000.0,0.0,0.0
rxn02275,0.0,0.0,0.0,0.0
rxn02277,0.0,0.0,0.0,0.0
rxn02285,124.88718684669205,115.4255896697583,-9.46159717693375,9.46159717693375
rxn02286,124.88718684669206,115.42558966975831,-9.46159717693375,9.46159717693375
rxn02287,0.0,0.0,0.0,0.0
rxn02288,0.0,0.0,0.0,0.0
rxn02296,0.0,0.0,0.0,0.0
rxn02297,0.0,0.0,0.0,0.0
rxn02304,0.0,0.0,0.0,0.0
rxn02305,0.0,0.0,0.0,0.0
rxn02312,0.0,0.0,0.0,0.0
rxn02314,-10000.00000000008,-10000.000000000002,7.821654435247183e-11,7.821654435247183e-11
rxn02320,0.0,-92.84116685177366,-92.84116685177366,92.84116685177366
rxn02339,0.0,0.0,0.0,0.0
rxn02341,0.49275685855561524,0.45542503117526745,-0.03733182738034779,0.03733182738034779
rxn02342,0.0,-1049.057143424084,-1049.057143424084,1049.057143424084
rxn02363,0.0,0.0,0.0,0.0
rxn02373,0.0,0.0,0.0,0.0
rxn02374,9762.646000641536,31.948705630129524,-9730.697295011407,9730.697295011407
rxn02376,7647.994961255869,9695.41464448857,2047.4196832327007,2047.4196832327007
rxn02380,-4486.898685972335,-9999.999999999938,-5513.101314027603,5513.101314027603
rxn02400,0.0,0.0,0.0,0.0
rxn02402,0.0,0.0,0.0,0.0
rxn02417,0.0,0.0,0.0,0.0
rxn02465,0.0,0.0,0.0,0.0
rxn02473,0.0,92.84116685177366,92.84116685177366,92.84116685177366
rxn02474,0.0,0.0,0.0,0.0
rxn02475,0.0,0.0,0.0,0.0
rxn02476,0.0,0.0,0.0,0.0
rxn02495,0.0,0.0,0.0,0.0
rxn02503,0.0,0.0,0.0,0.0
rxn02504,0.0,0.0,0.0,0.0
rxn02507,0.0,61.733971231321675,61.733971231321675,61.733971231321675
rxn02508,0.0,61.73397123132167,61.73397123132167,61.73397123132167
rxn02521,0.0,0.0,0.0,0.0
rxn02522,0.0,0.0,0.0,0.0
rxn02527,0.0,0.0,0.0,0.0
rxn02596,0.0,0.0,0.0,0.0
rxn02666,0.0,0.0,0.0,0.0
rxn02680,41.83153213522345,38.66232706022004,-3.169205075003404,3.169205075003404
rxn02727,0.0,0.0,0.0,0.0
rxn02760,0.0,0.0,0.0,0.0
rxn02762,0.0,0.0,0.0,0.0
rxn02774,0.0,0.0,0.0,0.0
rxn02789,0.0,393.64414535147233,393.64414535147233,393.64414535147233
rxn02791,0.0,0.0,0.0,0.0
rxn02792,0.0,0.0,0.0,0.0
rxn02795,0.0,0.0,0.0,0.0
rxn02804,35.3540070552911,32.67554674408029,-2.678460311210806,2.678460311210806
rxn02811,0.0,-393.6441453514723,-393.6441453514723,393.6441453514723
rxn02825,0.0,0.0,0.0,0.0
rxn02831,0.1841657654887633,0.17021315489008454,-0.01395261059867875,0.01395261059867875
rxn02832,0.18416576548876332,0.17021315489008454,-0.013952610598678777,0.013952610598678777
rxn02834,0.0,92.84116685177364,92.84116685177364,92.84116685177364
rxn02835,0.0,92.84116685177365,92.84116685177365,92.84116685177365
rxn02853,0.0,0.0,0.0,0.0
rxn02866,71.65981643005067,66.23078616719053,-5.429030262860138,5.429030262860138
rxn02875,0.0,0.0,0.0,0.0
rxn02889,-71.65981643005068,-66.23078616719054,5.429030262860138,5.429030262860138
rxn02894,0.0,0.0,0.0,0.0
rxn02895,0.0,0.0,0.0,0.0
rxn02911,41.83153213522346,38.66232706022004,-3.1692050750034184,3.1692050750034184
rxn02914,-10000.0,-9999.999999999996,3.637978807091713e-12,3.637978807091713e-12
rxn02916,0.0,0.0,0.0,0.0
rxn02929,-124.88718684669207,-485.0353388793405,-360.1481520326484,360.1481520326484
rxn02933,-134.15538894070468,-123.99162209382787,10.163766846876811,10.163766846876811
rxn02934,134.1553889407047,123.9916220938279,-10.163766846876811,10.163766846876811
rxn02937,0.0,0.0,0.0,0.0
rxn02945,0.0,0.0,0.0,0.0
rxn02949,0.0,0.0,0.0,0.0
rxn02988,0.0,0.0,0.0,0.0
rxn03004,0.0,0.0,0.0,0.0
rxn03012,0.0,0.0,0.0,0.0
rxn03030,124.88718684669206,485.0353388793404,360.14815203264834,360.14815203264834
rxn03043,0.0,0.0,0.0,0.0
rxn03057,0.0,0.0,0.0,0.0
rxn03060,0.0,0.0,0.0,0.0
rxn03061,0.0,0.0,0.0,0.0
rxn03062,0.0,393.64414535147233,393.64414535147233,393.64414535147233
rxn03068,0.0,0.0,0.0,0.0
rxn03071,0.0,0.0,0.0,0.0
rxn03075,0.0,0.0,0.0,0.0
rxn03080,0.0,0.0,0.0,0.0
rxn03084,0.0,0.0,0.0,0.0
rxn03086,-124.88718684669206,-485.03533887934043,-360.14815203264834,360.14815203264834
rxn03094,0.0,0.0,0.0,0.0
rxn03108,0.0,0.0,0.0,0.0
rxn03135,0.0,92.84116685177365,92.84116685177365,92.84116685177365
rxn03136,0.0,0.0,0.0,0.0
rxn03137,0.0,92.84116685177364,92.84116685177364,92.84116685177364
rxn03147,0.0,0.0,0.0,0.0
rxn03164,124.88718684669207,115.42558966975831,-9.461597176933765,9.461597176933765
rxn03167,0.0,0.0,0.0,0.0
rxn03175,0.0,92.84116685177365,92.84116685177365,92.84116685177365
rxn03194,0.0,306.6881236170815,306.6881236170815,306.6881236170815
rxn03239,-35.3540070552911,-32.67554674408029,2.678460311210806,2.678460311210806
rxn03240,35.3540070552911,32.6755467440803,-2.6784603112107987,2.6784603112107987
rxn03241,41.83153213522347,38.66232706022004,-3.1692050750034255,3.1692050750034255
rxn03242,-41.831532135223455,-38.662327060220036,3.1692050750034184,3.1692050750034184
rxn03243,41.83153213522346,38.66232706022004,-3.1692050750034184,3.1692050750034184
rxn03244,-41.83153213522344,-38.662327060220036,3.169205075003404,3.169205075003404
rxn03245,41.831532135223455,38.66232706022004,-3.1692050750034113,3.1692050750034113
rxn03246,-41.83153213522343,-38.662327060220036,3.169205075003397,3.169205075003397
rxn03247,41.83153213522345,38.66232706022004,-3.169205075003404,3.169205075003404
rxn03248,41.83153213522344,38.66232706022004,-3.169205075003397,3.169205075003397
rxn03249,-41.83153213522343,-38.66232706022004,3.16920507500339,3.16920507500339
rxn03250,41.83153213522343,38.66232706022004,-3.16920507500339,3.16920507500339
rxn03393,0.0,0.0,0.0,0.0
rxn03406,0.0,0.0,0.0,0.0
rxn03407,0.0,0.0,0.0,0.0
rxn03408,124.88718684669206,115.42558966975831,-9.46159717693375,9.46159717693375
rxn03409,0.0,0.0,0.0,0.0
rxn03424,0.0,0.0,0.0,0.0
rxn03435,0.0,0.0,0.0,0.0
rxn03436,0.0,0.0,0.0,0.0
rxn03437,0.0,306.68812361708154,306.68812361708154,306.68812361708154
rxn03445,0.0,0.0,0.0,0.0
rxn03481,-9999.999999999965,-10000.000000000002,-3.637978807091713e-11,3.637978807091713e-11
rxn03482,-4486.898685972334,-9999.999999999938,-5513.1013140276045,5513.1013140276045
rxn03483,0.0,0.0,0.0,0.0
rxn03599,0.0,0.0,0.0,0.0
rxn03638,0.0,0.0,0.0,0.0
rxn03643,-10000.0,-7048.840431217838,2951.159568782162,2951.159568782162
rxn03644,-10000.0,-7048.840431217838,2951.159568782162,2951.159568782162
rxn03690,0.0,0.0,0.0,0.0
rxn03838,0.0,0.0,0.0,0.0
rxn03839,0.0,0.0,0.0,0.0
rxn03841,0.0,0.0,0.0,0.0
rxn03842,0.0,0.0,0.0,0.0
rxn03852,9.726313359715885,8.98943665242621,-0.7368767072896745,0.7368767072896745
rxn03856,-10000.00000000008,-10000.000000000002,7.821654435247183e-11,7.821654435247183e-11
rxn03869,0.0,0.0,0.0,0.0
rxn03884,10000.0,10000.0,0.0,0.0
rxn03885,9999.999999999947,10000.0,5.275069270282984e-11,5.275069270282984e-11
rxn03887,0.0,0.0,0.0,0.0
rxn03891,0.18416576548876332,0.17021315489008454,-0.013952610598678777,0.013952610598678777
rxn03892,0.18416576548876332,0.17021315489008454,-0.013952610598678777,0.013952610598678777
rxn03901,124.88718684669205,115.42558966975834,-9.461597176933708,9.461597176933708
rxn03904,124.88718684669207,115.42558966975832,-9.46159717693375,9.46159717693375
rxn03906,0.0,0.0,0.0,0.0
rxn03907,1.2891603584213425,1.1914920842305916,-0.09766827419075086,0.09766827419075086
rxn03908,1.289160358421343,1.1914920842305916,-0.0976682741907513,0.0976682741907513
rxn03909,1.2891603584213427,1.1914920842305914,-0.0976682741907513,0.0976682741907513
rxn03910,1.289160358421343,1.1914920842305916,-0.0976682741907513,0.0976682741907513
rxn03931,0.0,0.0,0.0,0.0
rxn03932,0.0,0.0,0.0,0.0
rxn03958,-1.2891603584213425,-1.1914920842305914,0.09766827419075108,0.09766827419075108
rxn03975,0.0,0.0,0.0,0.0
rxn03976,0.0,0.0,0.0,0.0
rxn03990,0.0,0.0,0.0,0.0
rxn03991,-4999.999999999999,-4757.4473078556475,242.55269214435157,242.55269214435157
rxn04036,0.0,0.0,0.0,0.0
rxn04068,0.0,0.0,0.0,0.0
rxn04082,-10000.000000000002,-10000.000000000002,0.0,0.0
rxn04092,0.0,8120.789393713282,8120.789393713282,8120.789393713282
rxn04113,1.289160358421343,1.1914920842305916,-0.0976682741907513,0.0976682741907513
rxn04132,0.0,0.0,0.0,0.0
rxn04133,0.0,0.0,0.0,0.0
rxn04143,0.0,0.0,0.0,0.0
rxn04308,0.0,0.0,0.0,0.0
rxn04454,0.0,0.0,0.0,0.0
rxn04456,0.0,0.0,0.0,0.0
rxn04457,0.0,0.0,0.0,0.0
rxn04464,-2423.664855174293,-370.81614167861716,2052.848713495676,2052.848713495676
rxn04675,0.1841657654887633,0.17021315489008454,-0.01395261059867875,0.01395261059867875
rxn04704,0.0,0.0,0.0,0.0
rxn04712,0.0,0.0,0.0,0.0
rxn04724,0.0,0.0,0.0,0.0
rxn04745,0.0,0.0,0.0,0.0
rxn04748,0.0,0.0,0.0,0.0
rxn04750,0.0,0.0,0.0,0.0
rxn04783,0.0,0.0,0.0,0.0
rxn04820,0.0,0.0,0.0,0.0
rxn04821,0.0,0.0,0.0,0.0
rxn04834,0.0,0.0,0.0,0.0
rxn04885,0.0,0.0,0.0,0.0
rxn04996,0.0,0.0,0.0,0.0
rxn05023,0.1841657654887633,0.17021315489008454,-0.01395261059867875,0.01395261059867875
rxn05024,0.1841657654887633,0.17021315489008454,-0.01395261059867875,0.01395261059867875
rxn05031,0.0,0.0,0.0,0.0
rxn05039,0.0,0.0,0.0,0.0
rxn05040,0.0,0.0,0.0,0.0
rxn05064,0.0,0.0,0.0,0.0
rxn05085,0.0,0.0,0.0,0.0
rxn05088,0.0,0.0,0.0,0.0
rxn05091,0.0,0.0,0.0,0.0
rxn05092,0.0,0.0,0.0,0.0
rxn05104,0.0,0.0,0.0,0.0
rxn05105,0.0,0.0,0.0,0.0
rxn05106,0.0,0.0,0.0,0.0
rxn05108,0.0,0.0,0.0,0.0
rxn05116,0.0,0.0,0.0,0.0
rxn05145,-10000.0,-10000.0,0.0,0.0
rxn05147,0.0,0.0,0.0,0.0
rxn05148,0.0,0.0,0.0,0.0
rxn05149,0.0,0.0,0.0,0.0
rxn05150,0.0,0.0,0.0,0.0
rxn05155,0.0,0.0,0.0,0.0
rxn05159,0.0,0.0,0.0,0.0
rxn05160,0.0,0.0,0.0,0.0
rxn05162,0.0,0.0,0.0,0.0
rxn05164,0.0,0.0,0.0,0.0
rxn05167,0.0,0.0,0.0,0.0
rxn05170,0.0,0.0,0.0,0.0
rxn05172,0.0,0.0,0.0,0.0
rxn05173,0.0,0.0,0.0,0.0
rxn05174,0.0,0.0,0.0,0.0
rxn05177,0.0,0.0,0.0,0.0
rxn05180,0.0,0.0,0.0,0.0
rxn05181,0.0,0.0,0.0,0.0
rxn05183,0.0,0.0,0.0,0.0
rxn05184,0.0,0.0,0.0,0.0
rxn05185,0.0,0.0,0.0,0.0
rxn05187,0.0,0.0,0.0,0.0
rxn05188,0.0,0.0,0.0,0.0
rxn05192,0.0,0.0,0.0,0.0
rxn05193,0.0,0.0,0.0,0.0
rxn05194,0.0,0.0,0.0,0.0
rxn05195,0.0,0.0,0.0,0.0
rxn05197,-6820.001162312868,0.0,6820.001162312868,6820.001162312868
rxn05198,0.0,0.0,0.0,0.0
rxn05199,0.0,361.3442025449985,361.3442025449985,361.3442025449985
rxn05200,-9931.11265550814,0.0,9931.11265550814,9931.11265550814
rxn05201,-10000.0,-10000.0,0.0,0.0
rxn05202,0.0,0.0,0.0,0.0
rxn05203,21.39505232646369,0.0,-21.39505232646369,21.39505232646369
rxn05204,0.0,0.0,0.0,0.0
rxn05205,0.0,-2.0304660800404575e-12,-2.0304660800404575e-12,2.0304660800404575e-12
rxn05206,808.6226038953777,747.3604236877851,-61.262180207592564,61.262180207592564
rxn05207,7364.8346391060195,2161.4778274774567,-5203.356811628562,5203.356811628562
rxn05209,-3289.082036382241,-10000.0,-6710.91796361776,6710.91796361776
rxn05211,0.0,0.0,0.0,0.0
rxn05213,0.0,0.0,0.0,0.0
rxn05214,0.0,0.0,0.0,0.0
rxn05215,-9123.573449495714,0.0,9123.573449495714,9123.573449495714
rxn05216,-10000.0,-10000.0,0.0,0.0
rxn05217,-10000.0,-10000.0,0.0,0.0
rxn05219,0.0,0.0,0.0,0.0
rxn05221,-10000.0,-9849.329049487671,150.670950512329,150.670950512329
rxn05223,0.0,0.0,0.0,0.0
rxn05226,7756.550657013825,6475.5797843911105,-1280.9708726227145,1280.9708726227145
rxn05229,0.0,0.0,0.0,0.0
rxn05231,1025.345359460263,8691.879886586275,7666.534527126012,7666.534527126012
rxn05233,0.0,19.77413850947159,19.77413850947159,19.77413850947159
rxn05237,0.0,0.0,0.0,0.0
rxn05239,0.0,0.0,0.0,0.0
rxn05243,425.91170703367885,0.0,-425.91170703367885,425.91170703367885
rxn05244,331.82777846239475,0.0,-331.82777846239475,331.82777846239475
rxn05247,0.0,0.0,0.0,0.0
rxn05248,0.0,0.0,0.0,0.0
rxn05249,0.0,0.0,0.0,0.0
rxn05250,0.0,0.0,0.0,0.0
rxn05251,0.0,0.0,0.0,0.0
rxn05252,0.0,0.0,0.0,0.0
rxn05255,0.25433123750757675,0.2350628099010637,-0.01926842760651304,0.01926842760651304
rxn05256,0.0,0.0,0.0,0.0
rxn05266,0.18416576548876326,0.1702131548900845,-0.01395261059867875,0.01395261059867875
rxn05267,0.18416576548876326,0.1702131548900845,-0.01395261059867875,0.01395261059867875
rxn05287,0.1841657654887633,0.17021315489008454,-0.01395261059867875,0.01395261059867875
rxn05289,10000.0,9694.82974312808,-305.17025687191926,305.17025687191926
rxn05292,3.94597009717194,3.6470188558608627,-0.2989512413110771,0.2989512413110771
rxn05294,31.971088353527712,29.548921861135064,-2.4221664923926483,2.4221664923926483
rxn05295,80.5425495060025,74.44055315016718,-6.101996355835325,6.101996355835325
rxn05296,649.7508879232324,600.5250119778372,-49.22587594539527,49.22587594539527
rxn05297,8848.40403338107,10000.0,1151.59596661893,1151.59596661893
rxn05298,0.0,0.0,0.0,0.0
rxn05299,100.45148727293174,0.0,-100.45148727293174,100.45148727293174
rxn05300,10000.0,0.0,-10000.0,10000.0
rxn05301,136.25276119750183,125.93009501175244,-10.322666185749384,10.322666185749384
rxn05303,9999.999999999894,10000.0,1.0550138540565968e-10,1.0550138540565968e-10
rxn05304,0.0,0.0,0.0,0.0
rxn05305,-399.90717779273956,0.0,399.90717779273956,399.90717779273956
rxn05307,9999.999999999902,0.0,-9999.999999999902,9999.999999999902
rxn05308,0.49275685855561535,0.4554250311752675,-0.03733182738034785,0.03733182738034785
rxn05310,23.990243940427955,22.172715416687232,-1.817528523740723,1.817528523740723
rxn05312,0.0,5653.116351466971,5653.116351466971,5653.116351466971
rxn05313,8349.273615590644,9229.283740670073,880.0101250794287,880.0101250794287
rxn05315,0.0,0.0,0.0,0.0
rxn05316,0.0,1334.2413603388989,1334.2413603388989,1334.2413603388989
rxn05317,2204.310972657851,0.0,-2204.310972657851,2204.310972657851
rxn05318,0.0,0.0,0.0,0.0
rxn05319,0.0,0.0,0.0,0.0
rxn05322,0.0,0.0,0.0,0.0
rxn05323,0.0,0.0,0.0,0.0
rxn05324,0.0,0.0,0.0,0.0
rxn05325,0.0,0.0,0.0,0.0
rxn05326,0.0,0.0,0.0,0.0
rxn05327,0.0,0.0,0.0,0.0
rxn05328,0.0,0.0,0.0,0.0
rxn05329,0.0,0.0,0.0,0.0
rxn05330,0.0,0.0,0.0,0.0
rxn05331,0.0,0.0,0.0,0.0
rxn05332,0.0,0.0,0.0,0.0
rxn05333,0.0,0.0,0.0,0.0
rxn05334,0.0,0.0,0.0,0.0
rxn05335,0.0,0.0,0.0,0.0
rxn05336,0.0,0.0,0.0,0.0
rxn05337,0.0,0.0,0.0,0.0
rxn05338,0.0,0.0,0.0,0.0
rxn05339,0.0,0.0,0.0,0.0
rxn05340,0.0,0.0,0.0,0.0
rxn05341,0.0,0.0,0.0,0.0
rxn05342,0.0,0.0,0.0,0.0
rxn05343,0.0,0.0,0.0,0.0
rxn05344,0.0,0.0,0.0,0.0
rxn05345,0.0,0.0,0.0,0.0
rxn05346,0.0,0.0,0.0,0.0
rxn05347,0.0,0.0,0.0,0.0
rxn05348,0.0,0.0,0.0,0.0
rxn05349,0.0,0.0,0.0,0.0
rxn05350,0.0,0.0,0.0,0.0
rxn05351,0.0,0.0,0.0,0.0
rxn05352,0.0,0.0,0.0,0.0
rxn05353,0.0,0.0,0.0,0.0
rxn05354,0.0,0.0,0.0,0.0
rxn05355,0.0,0.0,0.0,0.0
rxn05356,0.0,0.0,0.0,0.0
rxn05357,0.0,0.0,0.0,0.0
rxn05358,134.15538894070468,123.99162209383029,-10.163766846874395,10.163766846874395
rxn05359,134.15538894070468,123.9916220938303,-10.163766846874381,10.163766846874381
rxn05360,134.1553889407047,123.9916220938303,-10.16376684687441,10.16376684687441
rxn05361,134.1553889407047,123.99162209383032,-10.163766846874395,10.163766846874395
rxn05362,134.1553889407047,123.9916220938303,-10.16376684687441,10.16376684687441
rxn05363,134.1553889407047,123.9916220938303,-10.16376684687441,10.16376684687441
rxn05364,134.15538894070474,123.99162209383029,-10.163766846874452,10.163766846874452
rxn05365,134.15538894070474,123.99162209383029,-10.163766846874452,10.163766846874452
rxn05366,134.15538894070474,123.99162209383027,-10.163766846874466,10.163766846874466
rxn05367,134.15538894070474,123.9916220938303,-10.163766846874438,10.163766846874438
rxn05368,134.15538894070477,123.99162209383029,-10.16376684687448,10.16376684687448
rxn05369,134.15538894070477,123.99162209383029,-10.16376684687448,10.16376684687448
rxn05370,134.15538894070477,123.99162209383027,-10.163766846874495,10.163766846874495
rxn05371,134.15538894070477,123.9916220938303,-10.163766846874466,10.163766846874466
rxn05372,134.15538894070477,123.99162209383029,-10.16376684687448,10.16376684687448
rxn05373,134.15538894070477,123.99162209383029,-10.16376684687448,10.16376684687448
rxn05374,0.0,0.0,0.0,0.0
rxn05375,134.15538894070477,123.9916220938303,-10.163766846874466,10.163766846874466
rxn05376,134.15538894070477,123.99162209383029,-10.16376684687448,10.16376684687448
rxn05377,134.15538894070477,123.99162209383029,-10.16376684687448,10.16376684687448
rxn05378,134.15538894070477,123.99162209383029,-10.16376684687448,10.16376684687448
rxn05379,45.56952941730265,42.11712936109647,-3.45240005620618,3.45240005620618
rxn05380,45.569529417302654,42.11712936109648,-3.452400056206173,3.452400056206173
rxn05381,45.56952941730265,42.117129361096474,-3.452400056206173,3.452400056206173
rxn05382,45.56952941730265,42.117129361096474,-3.452400056206173,3.452400056206173
rxn05383,71.65981643005065,66.23078616719052,-5.429030262860138,5.429030262860138
rxn05384,71.65981643005065,66.23078616719052,-5.429030262860138,5.429030262860138
rxn05385,71.65981643005065,66.23078616719052,-5.429030262860138,5.429030262860138
rxn05386,71.65981643005067,66.23078616719052,-5.429030262860152,5.429030262860152
rxn05387,71.65981643005065,66.23078616719052,-5.429030262860138,5.429030262860138
rxn05388,71.65981643005065,66.23078616719052,-5.429030262860138,5.429030262860138
rxn05389,71.65981643005065,66.23078616719052,-5.429030262860138,5.429030262860138
rxn05390,71.65981643005067,66.23078616719052,-5.429030262860152,5.429030262860152
rxn05391,0.0,0.0,0.0,0.0
rxn05392,71.65981643005065,66.23078616719052,-5.429030262860138,5.429030262860138
rxn05393,71.65981643005065,66.23078616719052,-5.429030262860138,5.429030262860138
rxn05394,71.65981643005067,66.23078616719052,-5.429030262860152,5.429030262860152
rxn05395,71.65981643005065,66.23078616719052,-5.429030262860138,5.429030262860138
rxn05396,71.65981643005065,66.23078616719052,-5.429030262860138,5.429030262860138
rxn05397,71.65981643005065,66.23078616719053,-5.429030262860124,5.429030262860124
rxn05398,71.65981643005067,66.23078616719053,-5.429030262860138,5.429030262860138
rxn05399,71.65981643005065,66.23078616719052,-5.429030262860138,5.429030262860138
rxn05400,71.65981643005065,66.23078616719052,-5.429030262860138,5.429030262860138
rxn05401,71.65981643005065,66.23078616719052,-5.429030262860138,5.429030262860138
rxn05402,71.65981643005067,66.23078616719052,-5.429030262860152,5.429030262860152
rxn05403,71.65981643005067,66.23078616719052,-5.429030262860152,5.429030262860152
rxn05404,19.387395861932617,17.918584412279742,-1.4688114496528755,1.4688114496528755
rxn05405,19.38739586193262,17.91858441227975,-1.468811449652872,1.468811449652872
rxn05406,19.38739586193262,17.91858441227975,-1.468811449652872,1.468811449652872
rxn05407,0.0,0.0,0.0,0.0
rxn05408,15.33639139412428,14.174488710727895,-1.1619026833963861,1.1619026833963861
rxn05409,15.33639139412428,14.174488710727896,-1.1619026833963844,1.1619026833963844
rxn05410,15.336391394124284,14.174488710727898,-1.1619026833963861,1.1619026833963861
rxn05411,15.336391394124286,14.174488710727898,-1.161902683396388,1.161902683396388
rxn05412,0.0,0.0,0.0,0.0
rxn05413,15.336391394124284,14.174488710727896,-1.161902683396388,1.161902683396388
rxn05414,15.336391394124286,14.174488710727898,-1.161902683396388,1.161902683396388
rxn05415,15.336391394124286,14.174488710727898,-1.161902683396388,1.161902683396388
rxn05416,0.0,0.0,0.0,0.0
rxn05417,15.336391394124284,14.174488710727896,-1.161902683396388,1.161902683396388
rxn05418,15.336391394124286,14.174488710727898,-1.161902683396388,1.161902683396388
rxn05419,15.336391394124286,14.174488710727898,-1.161902683396388,1.161902683396388
rxn05420,0.0,0.0,0.0,0.0
rxn05421,15.336391394124284,14.174488710727896,-1.161902683396388,1.161902683396388
rxn05422,15.336391394124284,14.174488710727898,-1.1619026833963861,1.1619026833963861
rxn05423,15.336391394124286,14.174488710727898,-1.161902683396388,1.161902683396388
rxn05424,15.336391394124282,14.174488710727895,-1.161902683396388,1.161902683396388
rxn05425,15.33639139412428,14.174488710727896,-1.1619026833963844,1.1619026833963844
rxn05426,15.336391394124282,14.174488710727898,-1.1619026833963844,1.1619026833963844
rxn05427,15.336391394124286,14.174488710727898,-1.161902683396388,1.161902683396388
rxn05428,0.0,0.0,0.0,0.0
rxn05429,12.265135715163089,11.335914900863278,-0.9292208142998106,0.9292208142998106
rxn05430,12.26513571516309,11.335914900863278,-0.9292208142998124,0.9292208142998124
rxn05431,12.26513571516309,11.335914900863278,-0.9292208142998124,0.9292208142998124
rxn05432,12.26513571516309,11.335914900863278,-0.9292208142998124,0.9292208142998124
rxn05433,0.0,0.0,0.0,0.0
rxn05434,0.0,0.0,0.0,0.0
rxn05435,0.0,0.0,0.0,0.0
rxn05436,134.15538894070477,123.99162209383027,-10.163766846874495,10.163766846874495
rxn05437,0.0,0.0,0.0,0.0
rxn05438,0.0,0.0,0.0,0.0
rxn05439,0.0,0.0,0.0,0.0
rxn05440,71.65981643005065,66.23078616719052,-5.429030262860138,5.429030262860138
rxn05441,0.0,0.0,0.0,0.0
rxn05442,0.0,0.0,0.0,0.0
rxn05443,0.0,0.0,0.0,0.0
rxn05444,19.38739586193262,17.91858441227975,-1.468811449652872,1.468811449652872
rxn05445,15.336391394124282,14.174488710727896,-1.1619026833963861,1.1619026833963861
rxn05446,15.336391394124282,14.174488710727895,-1.161902683396388,1.161902683396388
rxn05447,15.336391394124282,14.174488710727895,-1.161902683396388,1.161902683396388
rxn05448,0.0,0.0,0.0,0.0
rxn05449,15.336391394124286,14.174488710727896,-1.1619026833963897,1.1619026833963897
rxn05450,0.0,0.0,0.0,0.0
rxn05451,88.58585952340209,81.87449273273383,-6.711366790668265,6.711366790668265
rxn05452,45.569529417302654,42.11712936109647,-3.452400056206187,3.452400056206187
rxn05453,52.27242056811803,48.31220175491077,-3.9602188132072627,3.9602188132072627
rxn05454,19.38739586193262,17.91858441227975,-1.468811449652872,1.468811449652872
rxn05455,3.071255678961195,2.8385738098646236,-0.23268186909657151,0.23268186909657151
rxn05456,12.26513571516309,11.33591490086328,-0.9292208142998106,0.9292208142998106
rxn05457,-1.3951543131866944e-15,0.0,1.3951543131866944e-15,1.3951543131866944e-15
rxn05458,-8.999507033486353,-8.317694010935446,0.6818130225509069,0.6818130225509069
rxn05459,8.999507033486514,8.31769401093554,-0.6818130225509744,0.6818130225509744
rxn05460,8.999507033486353,8.317694010935446,-0.6818130225509069,0.6818130225509069
rxn05461,8.999507033486355,8.317694010935446,-0.6818130225509087,0.6818130225509087
rxn05462,8.999507033486516,8.317694010935542,-0.6818130225509744,0.6818130225509744
rxn05463,8.999507033486514,8.31769401093554,-0.6818130225509744,0.6818130225509744
rxn05464,0.0,0.0,0.0,0.0
rxn05465,1191.979551852283,1101.6738075439184,-90.30574430836464,90.30574430836464
rxn05466,-10000.0,-10000.0,0.0,0.0
rxn05467,-10000.0,-10000.0,0.0,0.0
rxn05468,1850.6182766299264,7905.400810609585,6054.782533979659,6054.782533979659
rxn05469,0.0,0.0,0.0,0.0
rxn05470,-10000.0,0.0,10000.0,10000.0
rxn05471,78.08630916038052,0.0,-78.08630916038052,78.08630916038052
rxn05472,9999.999999999985,9999.999999999936,-4.9112713895738125e-11,4.9112713895738125e-11
rxn05473,0.0,0.0,0.0,0.0
rxn05474,2467.70207143439,9999.999999999996,7532.2979285656065,7532.2979285656065
rxn05475,0.0,0.0,0.0,0.0
rxn05476,0.0,0.0,0.0,0.0
rxn05477,0.0,0.0,0.0,0.0
rxn05478,0.0,0.0,0.0,0.0
rxn05479,3.875572857197412e-13,0.0,-3.875572857197412e-13,3.875572857197412e-13
rxn05480,0.0,0.0,0.0,0.0
rxn05481,0.0,0.0,0.0,0.0
rxn05482,0.0,0.0,0.0,0.0
rxn05483,0.0,0.0,0.0,0.0
rxn05484,6126.975627400779,10000.0,3873.0243725992214,3873.0243725992214
rxn05485,0.0,0.0,0.0,0.0
rxn05486,-3188.072917048345,-2909.952772421326,278.1201446270193,278.1201446270193
rxn05487,-6404.76395795538,-6713.7312500863745,-308.9672921309948,308.9672921309948
rxn05488,-10000.0,-10000.0,0.0,0.0
rxn05491,3201.578055779086,8665.928852815921,5464.3507970368355,5464.3507970368355
rxn05493,10000.0,10000.0,0.0,0.0
rxn05494,-9554.179753017786,-1048.4154416933823,8505.764311324405,8505.764311324405
rxn05495,0.0,0.0,0.0,0.0
rxn05497,1125.9133542977547,8876.773273168003,7750.859918870248,7750.859918870248
rxn05498,0.0,0.0,0.0,0.0
rxn05499,0.0,0.0,0.0,0.0
rxn05500,-10000.0,-10000.0,0.0,0.0
rxn05501,-10000.0,-10000.0,0.0,0.0
rxn05502,-10000.0,-9780.628213124495,219.37178687550477,219.37178687550477
rxn05504,0.0,0.0,0.0,0.0
rxn05505,0.0,0.0,0.0,0.0
rxn05506,10000.0,10000.0,0.0,0.0
rxn05507,-10000.0,-10000.0,0.0,0.0
rxn05508,181.99522370729738,0.0,-181.99522370729738,181.99522370729738
rxn05511,0.0,0.0,0.0,0.0
rxn05512,0.0,0.0,0.0,0.0
rxn05513,0.0,0.0,0.0,0.0
rxn05514,-3.668067559945122,-3.390170535067919,0.2778970248772028,0.2778970248772028
rxn05515,0.0,0.0,0.0,0.0
rxn05516,0.0,0.0,0.0,0.0
rxn05517,0.0,0.0,0.0,0.0
rxn05518,0.0,0.0,0.0,0.0
rxn05519,216.4862363551328,261.8189608736337,45.332724518500925,45.332724518500925
rxn05525,9329.854017464388,9380.625049277889,50.771031813501395,50.771031813501395
rxn05526,0.0,0.0,0.0,0.0
rxn05527,0.0,0.0,0.0,0.0
rxn05528,0.0,0.0,0.0,0.0
rxn05529,0.0,0.0,0.0,0.0
rxn05531,1.423038295075137e-13,0.0,-1.423038295075137e-13,1.423038295075137e-13
rxn05532,9999.448350675188,9999.490144263658,0.04179358847068215,0.04179358847068215
rxn05533,0.0,0.0,0.0,0.0
rxn05534,0.0,0.0,0.0,0.0
rxn05535,7426.896463980059,8548.285126056624,1121.3886620765652,1121.3886620765652
rxn05536,0.0,0.0,0.0,0.0
rxn05537,0.0,0.0,0.0,0.0
rxn05538,0.0,0.0,0.0,0.0
rxn05539,0.0,0.0,0.0,0.0
rxn05540,0.0,0.0,0.0,0.0
rxn05541,0.0,0.0,0.0,0.0
rxn05542,0.0,0.0,0.0,0.0
rxn05543,0.0,0.0,0.0,0.0
rxn05544,0.0,0.0,0.0,0.0
rxn05545,0.0,0.0,0.0,0.0
rxn05546,0.0,0.0,0.0,0.0
rxn05547,0.0,4297.556091609535,4297.556091609535,4297.556091609535
rxn05548,0.0,0.0,0.0,0.0
rxn05549,0.0,0.0,0.0,0.0
rxn05550,0.0,0.0,0.0,0.0
rxn05551,0.0,0.0,0.0,0.0
rxn05552,0.0,0.0,0.0,0.0
rxn05553,1774.040850411467,10000.0,8225.959149588532,8225.959149588532
rxn05554,4174.636807795326,1788.083694601421,-2386.5531131939047,2386.5531131939047
rxn05555,0.0,0.0,0.0,0.0
rxn05557,0.0,0.0,0.0,0.0
rxn05558,0.0,0.0,0.0,0.0
rxn05559,-1648.899332327264,-9421.888431458983,-7772.989099131719,7772.989099131719
rxn05560,10000.000000000002,10000.000000000002,0.0,0.0
rxn05561,-10000.000000000031,-10000.0,3.092281986027956e-11,3.092281986027956e-11
rxn05562,0.0,0.0,0.0,0.0
rxn05563,-2.156621356958544e-12,0.0,2.156621356958544e-12,2.156621356958544e-12
rxn05564,10000.0,10000.0,0.0,0.0
rxn05565,0.0,0.0,0.0,0.0
rxn05566,10000.0,289.734000194311,-9710.26599980569,9710.26599980569
rxn05567,-10000.00000000008,-10000.0,8.003553375601768e-11,8.003553375601768e-11
rxn05568,10000.0,6586.777162048533,-3413.222837951467,3413.222837951467
rxn05569,320.1972375686394,1801.7167836951035,1481.519546126464,1481.519546126464
rxn05570,0.0,0.0,0.0,0.0
rxn05571,-10000.000000000002,-10000.000000000002,0.0,0.0
rxn05572,0.0,0.0,0.0,0.0
rxn05573,2243.4493429861745,3524.420215608889,1280.9708726227145,1280.9708726227145
rxn05574,10000.0,10000.0,0.0,0.0
rxn05577,-1541.9349601715014,-7275.692540785879,-5733.757580614378,5733.757580614378
rxn05578,757.9478484569863,10000.0,9242.052151543014,9242.052151543014
rxn05579,-10000.000000000002,-10000.000000000002,0.0,0.0
rxn05580,0.0,1.3797235426918495e-12,1.3797235426918495e-12,1.3797235426918495e-12
rxn05581,0.0,0.0,0.0,0.0
rxn05582,-10000.0,-10000.0,0.0,0.0
rxn05585,0.0,0.0,0.0,0.0
rxn05593,0.0,0.0,0.0,0.0
rxn05594,0.0,0.0,0.0,0.0
rxn05595,0.0,0.0,0.0,0.0
rxn05597,0.0,0.0,0.0,0.0
rxn05598,0.0,0.0,0.0,0.0
rxn05599,0.0,0.0,0.0,0.0
rxn05601,0.0,0.0,0.0,0.0
rxn05602,-10000.0,-10000.0,0.0,0.0
rxn05603,0.0,0.0,0.0,0.0
rxn05605,0.0,0.0,0.0,0.0
rxn05607,7756.550657013842,3524.4202156089495,-4232.130441404893,4232.130441404893
rxn05608,0.0,0.0,0.0,0.0
rxn05609,0.0,0.0,0.0,0.0
rxn05610,0.0,0.0,0.0,0.0
rxn05611,0.0,0.0,0.0,0.0
rxn05612,313.48390180749476,0.0,-313.48390180749476,313.48390180749476
rxn05616,116.49772733127752,107.67172527399754,-8.826002057279979,8.826002057279979
rxn05617,0.0,-6.610601311588539e-12,-6.610601311588539e-12,6.610601311588539e-12
rxn05618,0.0,0.0,0.0,0.0
rxn05619,0.0,0.0,0.0,0.0
rxn05620,0.0,0.0,0.0,0.0
rxn05621,0.0,0.0,0.0,0.0
rxn05622,0.0,0.0,0.0,0.0
rxn05625,9.441500302853175e-11,0.0,-9.441500302853175e-11,9.441500302853175e-11
rxn05626,0.0,0.0,0.0,0.0
rxn05627,10000.0,9514.894615711295,-485.10538428870495,485.10538428870495
rxn05628,10000.0,0.0,-10000.0,10000.0
rxn05629,9686.516098192493,0.0,-9686.516098192493,9686.516098192493
rxn05630,-4041.814261556935,-9999.999999999814,-5958.1857384428795,5958.1857384428795
rxn05634,-7153.369509579888,-7988.792765276468,-835.4232556965808,835.4232556965808
rxn05635,0.0,0.0,0.0,0.0
rxn05636,10000.0,8665.758639661102,-1334.2413603388977,1334.2413603388977
rxn05639,0.0,0.0,0.0,0.0
rxn05640,-10000.0,-10000.0,0.0,0.0
rxn05641,0.0,0.0,0.0,0.0
rxn05643,-10000.000000000004,0.0,10000.000000000004,10000.000000000004
rxn05644,0.0,0.0,0.0,0.0
rxn05645,0.0,0.0,0.0,0.0
rxn05646,10000.0,10000.0,0.0,0.0
rxn05647,-10000.0,-10000.0,0.0,0.0
rxn05648,313.48390180751244,10000.0,9686.516098192487,9686.516098192487
rxn05649,0.0,0.0,0.0,0.0
rxn05651,0.0,0.0,0.0,0.0
rxn05653,0.0,0.0,0.0,0.0
rxn05654,-10000.0,-10000.0,0.0,0.0
rxn05655,0.0,0.0,0.0,0.0
rxn05656,0.0,0.0,0.0,0.0
rxn05657,0.0,0.0,0.0,0.0
rxn05661,10000.0,10000.0,0.0,0.0
rxn05663,66.79439127850829,0.0,-66.79439127850829,66.79439127850829
rxn05665,-254.5382822777348,-10000.0,-9745.461717722264,9745.461717722264
rxn05667,237.35399935846323,0.0,-237.35399935846323,237.35399935846323
rxn05669,377.31034061702104,0.0,-377.31034061702104,377.31034061702104
rxn05671,0.0,-6255.474418254695,-6255.474418254695,6255.474418254695
rxn05672,-3.992465327098492e-11,6137.280513139205,6137.280513139245,6137.280513139245
rxn05673,10000.0,10000.0,0.0,0.0
rxn05674,0.0,0.0,0.0,0.0
rxn05676,10000.0,10000.0,0.0,0.0
rxn05678,9999.999999999965,10000.0,3.456079866737127e-11,3.456079866737127e-11
rxn05679,7825.985590249715,396.8398771617189,-7429.145713087996,7429.145713087996
rxn05680,0.0,0.0,0.0,0.0
rxn05681,-9999.999999999929,-9999.999999999998,-6.912159733474255e-11,6.912159733474255e-11
rxn05682,0.0,0.0,0.0,0.0
rxn05691,0.0,0.0,0.0,0.0
rxn05694,0.0,0.0,0.0,0.0
rxn05697,0.0,0.0,0.0,0.0
rxn05699,0.0,0.0,0.0,0.0
rxn05700,0.0,0.0,0.0,0.0
rxn05714,0.0,0.0,0.0,0.0
rxn05716,0.0,0.0,0.0,0.0
rxn05717,-9999.999999999998,-9999.999999999998,0.0,0.0
rxn05718,10000.000000000002,10000.000000000002,0.0,0.0
rxn05721,0.0,0.0,0.0,0.0
rxn05722,-226.02934318042674,0.0,226.02934318042674,226.02934318042674
rxn05724,0.0,0.0,0.0,0.0
rxn05727,0.0,0.0,0.0,0.0
rxn05732,35.35400705529109,32.67554674408029,-2.6784603112107987,2.6784603112107987
rxn05733,0.0,0.0,0.0,0.0
rxn05734,0.0,0.0,0.0,0.0
rxn05735,0.0,0.0,0.0,0.0
rxn05736,0.0,0.0,0.0,0.0
rxn05737,0.0,0.0,0.0,0.0
rxn05739,25.095238533518586,9322.669148234698,9297.57390970118,9297.57390970118
rxn05740,10000.0,7535.310773315876,-2464.689226684124,2464.689226684124
rxn05746,0.0,0.0,0.0,0.0
rxn05747,7025.188726241427,677.3308517653019,-6347.857874476124,6347.857874476124
rxn05748,-9.441500302853173e-11,0.0,9.441500302853173e-11,9.441500302853173e-11
rxn05760,0.0,0.0,0.0,0.0
rxn05958,0.0,0.0,0.0,0.0
rxn06023,0.3358304603516769,0.31038755771433596,-0.025442902637340947,0.025442902637340947
rxn06075,8953.28516508424,963.4252186603497,-7989.8599464238905,7989.8599464238905
rxn06076,21.36947545549792,19.75049937198731,-1.61897608351061,1.61897608351061
rxn06077,0.0,0.0,0.0,0.0
rxn06335,0.0,0.0,0.0,0.0
rxn06510,41.83153213522346,38.66232706022004,-3.1692050750034184,3.1692050750034184
rxn06525,9998.7108396415,9998.80850791577,0.09766827426938107,0.09766827426938107
rxn06526,-10000.0,-10000.0,0.0,0.0
rxn06586,0.0,0.0,0.0,0.0
rxn06591,0.0,0.0,0.0,0.0
rxn06672,1191.9795518522833,1101.6738075439187,-90.30574430836464,90.30574430836464
rxn06673,1191.979551852283,1101.6738075439187,-90.30574430836441,90.30574430836441
rxn06777,-41.83153213522346,-38.662327060220036,3.1692050750034255,3.1692050750034255
rxn06991,1.289160358421343,1.1914920842305914,-0.09766827419075153,0.09766827419075153
rxn07099,0.0,0.0,0.0,0.0
rxn07307,0.0,0.0,0.0,0.0
rxn07430,0.0,0.0,0.0,0.0
rxn07431,0.0,0.0,0.0,0.0
rxn07432,0.0,0.0,0.0,0.0
rxn07433,0.0,0.0,0.0,0.0
rxn07434,0.0,0.0,0.0,0.0
rxn07435,0.0,0.0,0.0,0.0
rxn07466,-124.88718684669205,-115.4255896697583,9.46159717693375,9.46159717693375
rxn07584,0.0,0.0,0.0,0.0
rxn07585,0.0,0.0,0.0,0.0
rxn07845,0.0,0.0,0.0,0.0
rxn08025,0.0,0.0,0.0,0.0
rxn08040,9.726313359715885,8.98943665242621,-0.7368767072896745,0.7368767072896745
rxn08100,0.0,0.0,0.0,0.0
rxn08171,-10000.0,-10000.0,0.0,0.0
rxn08180,0.0,0.0,0.0,0.0
rxn08295,-0.9165066314161583,-0.847071032974076,0.06943559844208225,0.06943559844208225
rxn08297,-3.7953705314140964,-3.5078288867333844,0.28754164468071197,0.28754164468071197
rxn08299,-1.3168895227721247,-1.217120455139191,0.0997690676329337,0.0997690676329337
rxn08307,2.3222559085500203,2.1463191250957894,-0.17593678345423092,0.17593678345423092
rxn08309,9.381879479488273,8.671097479839041,-0.7107819996492317,0.7107819996492317
rxn08311,3.1828639939711323,2.9417265503285783,-0.24113744364255396,0.24113744364255396
rxn08467,0.0,0.0,0.0,0.0
rxn08468,0.0,0.0,0.0,0.0
rxn08469,0.0,0.0,0.0,0.0
rxn08470,0.0,0.0,0.0,0.0
rxn08471,0.0,0.0,0.0,0.0
rxn08615,10000.0,7535.310773315876,-2464.689226684124,2464.689226684124
rxn08669,0.0,0.0,0.0,0.0
rxn08707,0.0,0.0,0.0,0.0
rxn08764,0.0,306.68812361708154,306.68812361708154,306.68812361708154
rxn08775,0.0,0.0,0.0,0.0
rxn09011,0.0,0.0,0.0,0.0
rxn09012,0.0,0.0,0.0,0.0
rxn09063,0.0,0.0,0.0,0.0
rxn09065,0.0,0.0,0.0,0.0
rxn09067,0.0,0.0,0.0,0.0
rxn09102,0.6251321661652205,0.5777714329471675,-0.04736073321805301,0.04736073321805301
rxn09104,2.534508521088807,2.3424912351402805,-0.19201728594852652,0.19201728594852652
rxn09106,0.8624024012720913,0.7970658016473955,-0.06533659962469585,0.06533659962469585
rxn09109,0.6251321661652206,0.5777714329471675,-0.04736073321805312,0.04736073321805312
rxn09111,2.534508521088807,2.34249123514028,-0.19201728594852696,0.19201728594852696
rxn09113,0.8624024012720914,0.7970658016473955,-0.06533659962469596,0.06533659962469596
rxn09177,0.49275685855561524,0.45542503117526745,-0.03733182738034779,0.03733182738034779
rxn09188,-10000.0,-10000.0,0.0,0.0
rxn09198,1.6971237423848,1.5685476921486217,-0.12857605023617835,0.12857605023617835
rxn09200,6.847370958399466,6.328606244698762,-0.5187647137007039,0.5187647137007039
rxn09202,2.3204615926990413,2.144660748681183,-0.17580084401785845,0.17580084401785845
rxn09206,1.6971237423848002,1.5685476921486219,-0.12857605023617835,0.12857605023617835
rxn09208,6.847370958399467,6.328606244698762,-0.5187647137007048,0.5187647137007048
rxn09210,2.3204615926990413,2.144660748681183,-0.17580084401785845,0.17580084401785845
rxn09212,0.0,3895.5003486046935,3895.5003486046935,3895.5003486046935
rxn09264,0.0,0.0,0.0,0.0
rxn09340,0.0,0.0,0.0,0.0
rxn09341,0.0,0.0,0.0,0.0
rxn09348,0.0,0.0,0.0,0.0
rxn09355,0.0,0.0,0.0,0.0
rxn09399,0.0,0.0,0.0,0.0
rxn09448,0.0,0.0,0.0,0.0
rxn09449,0.0,0.0,0.0,0.0
rxn09450,0.0,0.0,0.0,0.0
rxn09562,0.0,0.0,0.0,0.0
rxn09657,226.0293431804268,0.0,-226.0293431804268,226.0293431804268
rxn09661,0.0,0.0,0.0,0.0
rxn09889,0.0,0.0,0.0,0.0
rxn09907,-7426.896463980059,-8548.285126056626,-1121.388662076567,1121.388662076567
rxn09925,0.0,-4297.556091609535,-4297.556091609535,4297.556091609535
rxn09940,0.0,0.0,0.0,0.0
rxn09944,0.0,0.0,0.0,0.0
rxn09949,0.0,0.0,0.0,0.0
rxn09953,0.0,0.0,0.0,0.0
rxn09978,0.0,0.0,0.0,0.0
rxn09979,-10000.000000000002,-7048.840431217838,2951.1595687821637,2951.1595687821637
rxn09988,0.0,0.0,0.0,0.0
rxn09989,0.0,0.0,0.0,0.0
rxn09992,-5513.101314027668,0.0,5513.101314027668,5513.101314027668
rxn09996,0.0,0.0,0.0,0.0
rxn10001,0.0,0.0,0.0,0.0
rxn10002,0.0,0.0,0.0,0.0
rxn10010,41.831532135223426,38.662327060220036,-3.16920507500339,3.16920507500339
rxn10011,41.83153213522344,38.662327060220036,-3.169205075003404,3.169205075003404
rxn10012,41.83153213522345,38.662327060220036,-3.1692050750034113,3.1692050750034113
rxn10013,41.831532135223455,38.662327060220036,-3.1692050750034184,3.1692050750034184
rxn10014,41.83153213522346,38.662327060220036,-3.1692050750034255,3.1692050750034255
rxn10042,10000.0,10000.0,0.0,0.0
rxn10043,-1.577137235999365e-13,0.0,1.577137235999365e-13,1.577137235999365e-13
rxn10044,0.0,0.0,0.0,0.0
rxn10045,7050.28396477504,10000.0,2949.7160352249603,2949.7160352249603
rxn10046,0.0,0.0,0.0,0.0
rxn10048,0.0,0.0,0.0,0.0
rxn10056,0.0,0.0,0.0,0.0
rxn10057,0.0,0.0,0.0,0.0
rxn10058,1.5858889480695397,1.4657401739995175,-0.12014877407002222,0.12014877407002222
rxn10059,0.0,0.0,0.0,0.0
rxn10060,0.0,0.0,0.0,0.0
rxn10061,0.0,0.0,0.0,0.0
rxn10062,10000.0,10000.0,0.0,0.0
rxn10067,0.0,0.0,0.0,0.0
rxn10072,0.0,0.0,0.0,0.0
rxn10073,0.0,0.0,0.0,0.0
rxn10191,3.087718526893932,2.853789413468639,-0.233929113425293,0.233929113425293
rxn10192,9.726313359715885,8.98943665242621,-0.7368767072896745,0.7368767072896745
rxn10193,2.227568365830622,2.058805219716661,-0.16876314611396115,0.16876314611396115
rxn10194,4.411026466991331,4.076842019240913,-0.33418444775041767,0.33418444775041767
rxn10195,2.2275683658306225,2.0588052197166613,-0.16876314611396115,0.16876314611396115
rxn10196,3.0877185268939313,2.853789413468639,-0.23392911342529255,0.23392911342529255
rxn10197,3.9974927357108943,3.6946380799370777,-0.30285465577381654,0.30285465577381654
rxn10198,275.6891541869582,254.80262620255704,-20.88652798440117,20.88652798440117
rxn10199,124.88718684669205,115.42558966975834,-9.461597176933708,9.461597176933708
rxn10200,37.38158022874009,34.54950863763484,-2.8320715911052545,2.8320715911052545
rxn10201,93.45395057185023,86.3737715940871,-7.080178977763126,7.080178977763126
rxn10202,13.17725001090237,12.178926366572428,-0.9983236443299415,0.9983236443299415
rxn10203,3.238762539966179,2.9933901580698654,-0.24537238189631339,0.24537238189631339
rxn10204,4.499753516743258,4.158847005467771,-0.3409065112754872,0.3409065112754872
rxn10205,9.69369793096631,8.959292206139875,-0.734405724826436,0.734405724826436
rxn10206,22.784764708651327,21.058564680548237,-1.72620002810309,1.72620002810309
rxn10207,1.5356278394805976,1.4192869049323118,-0.11634093454828576,0.11634093454828576
rxn10208,26.13621028405902,24.156100877455387,-1.9801094066036313,1.9801094066036313
rxn10209,44.292929761701046,40.93724636636692,-3.3556833953341254,3.3556833953341254
rxn10210,6.132567857581544,5.667957450431639,-0.4646104071499053,0.4646104071499053
rxn10211,13.17725001090237,12.178926366572428,-0.9983236443299415,0.9983236443299415
rxn10212,3.238762539966179,2.9933901580698654,-0.24537238189631339,0.24537238189631339
rxn10213,4.499753516743258,4.158847005467771,-0.3409065112754872,0.3409065112754872
rxn10214,9.69369793096631,8.959292206139875,-0.734405724826436,0.734405724826436
rxn10215,22.784764708651327,21.058564680548237,-1.72620002810309,1.72620002810309
rxn10216,1.5356278394805976,1.4192869049323118,-0.11634093454828576,0.11634093454828576
rxn10217,26.13621028405902,24.156100877455387,-1.9801094066036313,1.9801094066036313
rxn10218,44.292929761701046,40.93724636636692,-3.3556833953341254,3.3556833953341254
rxn10219,6.132567857581544,5.667957450431639,-0.4646104071499053,0.4646104071499053
rxn10220,6.878678031841035,6.357541458182781,-0.5211365736582545,0.5211365736582545
rxn10221,16.16856144238638,14.943612597264606,-1.2249488451217747,1.2249488451217747
rxn10222,1.0972989060344367,1.0141662765491333,-0.08313262948530342,0.08313262948530342
rxn10223,18.67163205450282,17.257047695640637,-1.4145843588621823,1.4145843588621823
rxn10224,31.645470196590495,29.247972910961373,-2.3974972856291217,2.3974972856291217
rxn10225,4.3661872615069575,4.0353998836300695,-0.33078737787688794,0.33078737787688794
rxn10226,5.01754260620264,4.637407796886537,-0.380134809316103,0.380134809316103
rxn10227,11.793888562167501,10.900369975173794,-0.8935185869937072,0.8935185869937072
rxn10228,0.8115541067659477,0.7500698325230526,-0.061484274242895154,0.061484274242895154
rxn10229,13.63493138843295,12.601933275577311,-1.0329981128556387,1.0329981128556387
rxn10230,23.11116197641856,21.36023371521774,-1.7509282612008228,1.7509282612008228
rxn10231,3.1867797145000933,2.9453456113583716,-0.24143410314172176,0.24143410314172176
rxn10232,5.01754260620264,4.637407796886537,-0.380134809316103,0.380134809316103
rxn10233,11.7938885621675,10.900369975173794,-0.8935185869937055,0.8935185869937055
rxn10234,0.8115541067659475,0.7500698325230525,-0.06148427424289504,0.06148427424289504
rxn10235,13.634931388432948,12.60193327557731,-1.0329981128556387,1.0329981128556387
rxn10236,23.11116197641856,21.360233715217742,-1.7509282612008192,1.7509282612008192
rxn10237,3.1867797145000933,2.9453456113583707,-0.24143410314172264,0.24143410314172264
rxn10238,0.0,0.0,0.0,0.0
rxn10239,0.0,0.0,0.0,0.0
rxn10240,0.0,0.0,0.0,0.0
rxn10241,0.0,0.0,0.0,0.0
rxn10242,0.0,0.0,0.0,0.0
rxn10243,0.0,0.0,0.0,0.0
rxn10244,0.8138904555302438,0.7522291768129048,-0.06166127871733895,0.06166127871733895
rxn10245,0.19578602644802623,0.1809530514896125,-0.014832974958413736,0.014832974958413736
rxn10246,0.28307201628213435,0.26162615415848983,-0.02144586212364452,0.02144586212364452
rxn10247,0.6044601522987274,0.5586655546705555,-0.04579459762817195,0.04579459762817195
rxn10248,1.4205000486921233,1.312881328230124,-0.10761872046199938,0.10761872046199938
rxn10249,0.09364085847299393,0.08654651913727528,-0.007094339335718652,0.007094339335718652
rxn10250,1.5980625547786391,1.4769914942588898,-0.12107106051974936,0.12107106051974936
rxn10251,2.7073609480665013,2.5022481630807034,-0.20511278498579788,0.20511278498579788
rxn10252,0.378768861667709,0.3500728962708351,-0.028695965396873913,0.028695965396873913
rxn10253,-2.815019899125273,-2.6017507479570923,0.21326915116818057,0.21326915116818057
rxn10254,-6.616203266264936,-6.114952083283628,0.5012511829813082,0.5012511829813082
rxn10255,-0.4383289334461606,-0.4051206283831784,0.03320830506298217,0.03320830506298217
rxn10256,-7.464578229556197,-6.899053181814751,0.5655250477414455,0.5655250477414455
rxn10257,-12.647459565110548,-11.689273455405548,0.9581861097050002,0.9581861097050002
rxn10258,-1.766380596074587,-1.632557566801568,0.13382302927301915,0.13382302927301915
rxn10259,1.861135425638397,1.7201336612962446,-0.1410017643421524,0.1410017643421524
rxn10260,4.374672880218881,4.043242622090812,-0.33143025812806926,0.33143025812806926
rxn10261,0.2857447992684892,0.26409644402608073,-0.02164835524240849,0.02164835524240849
rxn10262,5.036700666069869,4.655114420063326,-0.38158624600654356,0.38158624600654356
rxn10263,8.534308220171935,7.88773919574363,-0.6465690244283051,0.6465690244283051
rxn10264,1.1794075470068646,1.090054272271698,-0.08935327473516663,0.08935327473516663
rxn10265,1.8611354256383967,1.7201336612962443,-0.1410017643421524,0.1410017643421524
rxn10266,4.374672880218881,4.043242622090812,-0.33143025812806926,0.33143025812806926
rxn10267,0.2857447992684892,0.2640964440260807,-0.021648355242408546,0.021648355242408546
rxn10268,5.036700666069868,4.655114420063325,-0.38158624600654356,0.38158624600654356
rxn10269,8.534308220171935,7.88773919574363,-0.6465690244283051,0.6465690244283051
rxn10270,1.1794075470068646,1.0900542722716982,-0.08935327473516641,0.08935327473516641
rxn10271,2.749620824515092,2.54130638259555,-0.20831444191954196,0.20831444191954196
rxn10272,0.6585737278378514,0.6086794233743955,-0.049894304463455885,0.049894304463455885
rxn10273,0.9611103329450909,0.8882955066805016,-0.07281482626458924,0.07281482626458924
rxn10274,2.047202241226951,1.892103840540072,-0.15509840068687875,0.15509840068687875
rxn10275,4.811607480722509,4.447074553801805,-0.36453292692070427,0.36453292692070427
rxn10276,0.31496971869131823,0.2911072498789837,-0.02386246881233456,0.02386246881233456
rxn10277,5.386162368838246,4.978100501562254,-0.4080618672759915,0.4080618672759915
rxn10278,9.126114707563232,8.434709741740342,-0.6914049658228905,0.6914049658228905
rxn10279,1.279672421496391,1.1827229643395623,-0.09694945715682879,0.09694945715682879
rxn10280,3.795370531414097,3.5078288867333844,-0.2875416446807124,0.2875416446807124
rxn10281,0.9165066314161583,0.8470710329740759,-0.06943559844208236,0.06943559844208236
rxn10282,1.3168895227721247,1.2171204551391908,-0.09976906763293392,0.09976906763293392
rxn10283,2.8150198991252724,2.6017507479570923,-0.21326915116818013,0.21326915116818013
rxn10284,6.616203266264937,6.114952083283628,-0.5012511829813091,0.5012511829813091
rxn10285,0.4383289334461606,0.4051206283831784,-0.03320830506298217,0.03320830506298217
rxn10286,7.464578229556197,6.899053181814751,-0.5655250477414455,0.5655250477414455
rxn10287,12.647459565110548,11.689273455405548,-0.9581861097050002,0.9581861097050002
rxn10288,1.766380596074587,1.632557566801568,-0.13382302927301915,0.13382302927301915
rxn10289,0.5834517042101754,0.5392487308162045,-0.044202973393970946,0.044202973393970946
rxn10290,0.13411015722862793,0.12394981718837875,-0.010160340040249183,0.010160340040249183
rxn10291,0.21179655725999558,0.19575060603911146,-0.01604595122088412,0.01604595122088412
rxn10292,0.4427848178094264,0.40923892981278476,-0.033545887996641655,0.033545887996641655
rxn10293,1.040740575148353,0.9618928699803915,-0.07884770516796147,0.07884770516796147
rxn10294,0.06413931535647223,0.05928004692045385,-0.004859268436018381,0.004859268436018381
rxn10295,1.1199895252332817,1.0351378282921773,-0.0848516969411044,0.0848516969411044
rxn10296,1.897451630830618,1.7536985089377066,-0.14375312189291134,0.14375312189291134
rxn10297,0.2714912027272706,0.2509227163825505,-0.020568486344720138,0.020568486344720138
rxn10298,0.08481880553901126,0.07839283509879347,-0.006425970440217796,0.006425970440217796
rxn10299,0.01944215987696772,0.01796919944243388,-0.0014729604345338418,0.0014729604345338418
rxn10300,0.030865970794870693,0.028527529282095083,-0.0023384415127756103,0.0023384415127756103
rxn10301,0.06444584431434791,0.059563352891282464,-0.0048824914230654465,0.0048824914230654465
rxn10302,0.1515075446670836,0.14002915850833403,-0.011478386158749576,0.011478386158749576
rxn10303,0.009300537160910534,0.008595917749043547,-0.0007046194118669868,0.0007046194118669868
rxn10304,0.1626098739950194,0.15029036257371156,-0.012319511421307827,0.012319511421307827
rxn10305,0.27550224628581443,0.25462987865936876,-0.020872367626445676,0.020872367626445676
rxn10306,0.03947494872154954,0.036484281121342395,-0.0029906676002071433,0.0029906676002071433
rxn10307,0.07595937102479987,0.07020460155167399,-0.005754769473125879,0.005754769473125879
rxn10308,0.017401125596478512,0.01608279627081902,-0.0013183293256594925,0.0013183293256594925
rxn10309,0.02766610752729054,0.025570091342713545,-0.002096016184576995,0.002096016184576995
rxn10310,0.05775454145340344,0.05337899084514582,-0.004375550608257617,0.004375550608257617
rxn10311,0.1357325178105553,0.12544926586325209,-0.010283251947303201,0.010283251947303201
rxn10312,0.008324877916940417,0.007694175573601279,-0.0006307023433391387,0.0006307023433391387
rxn10313,0.14560125499094267,0.1345703361435877,-0.011030918847354965,0.011030918847354965
rxn10314,0.24668104792945583,0.22799220749975233,-0.018688840429703507,0.018688840429703507
rxn10315,0.0353517604223195,0.032673470318611265,-0.0026782901037082363,0.0026782901037082363
rxn10316,0.2407747582533149,0.22253338513500598,-0.018241373118308923,0.018241373118308923
rxn10317,0.055324738738535335,0.051133272783699564,-0.004191465954835771,0.004191465954835771
rxn10318,0.08743551615502307,0.08081130070342789,-0.006624215451595181,0.006624215451595181
rxn10319,0.1827585457383103,0.16891254772939676,-0.013845998008913535,0.013845998008913535
rxn10320,0.4295143568282237,0.39697385424642434,-0.03254050258179936,0.03254050258179936
rxn10321,0.026458682485902232,0.02445414221371794,-0.0020045402721842916,0.0020045402721842916
rxn10322,0.46203633162722746,0.4270319267611665,-0.035004404866060934,0.035004404866060934
rxn10323,0.7827702899898175,0.7234667108720735,-0.059303579117743976,0.059303579117743976
rxn10324,0.11203259594553404,0.1035448773869916,-0.00848771855854244,0.00848771855854244
rxn10325,0.2658764893769139,0.24573338018517782,-0.020143109191736064,0.020143109191736064
rxn10326,0.06480096932652095,0.05989157322334,-0.004909396103180946,0.004909396103180946
rxn10327,0.09136992747409796,0.08444763648753896,-0.006922290986558999,0.006922290986558999
rxn10328,0.19625329620088547,0.1813849203475829,-0.014868375853302557,0.014868375853302557
rxn10329,0.46119524607208084,0.4262545628168199,-0.03494068325526095,0.03494068325526095
rxn10330,0.030989330009625535,0.028641542660599286,-0.0023477873490262494,0.0023477873490262494
rxn10331,0.5253046561643702,0.48550697013036365,-0.03979768603400652,0.03979768603400652
rxn10332,0.8899619712957298,0.8225374268904916,-0.06742454440523826,0.06742454440523826
rxn10333,0.1237330305571297,0.11435887359057133,-0.00937415696655837,0.00937415696655837
rxn10334,0.055857426256794886,0.05162560328178587,-0.004231822975009014,0.004231822975009014
rxn10335,0.013868566264862573,0.012817867704562528,-0.0010506985603000452,0.0010506985603000452
rxn10336,0.018896388805628116,0.017464776616324413,-0.0014316121893037034,0.0014316121893037034
rxn10337,0.04088610337518448,0.037788525072413114,-0.003097578302771367,0.003097578302771367
rxn10338,0.09607066118786205,0.08879223719872156,-0.007278423989140484,0.007278423989140484
rxn10339,0.0,0.0,0.0,0.0
rxn10340,0.11139710908164546,0.10295753574015183,-0.00843957334149363,0.00843957334149363
rxn10341,0.1886835262045656,0.17438864484846187,-0.014294881356103739,0.014294881356103739
rxn10342,0.02598954365403155,0.024020545880315627,-0.0019689977737159248,0.0019689977737159248
rxn10343,0.0,0.0,0.0,0.0
rxn10344,0.0,0.0,0.0,0.0
rxn10474,0.0,0.0,0.0,0.0
rxn10537,0.0,0.0,0.0,0.0
rxn10541,-7217.313871387874,-8354.580752170981,-1137.266880783107,1137.266880783107
rxn10862,0.0,0.0,0.0,0.0
rxn11395,-10000.0,-10000.0,0.0,0.0
rxn11397,-9999.999999999989,-7048.840431217839,2951.15956878215,2951.15956878215
rxn11398,0.0,0.0,0.0,0.0
rxn11399,0.0,0.0,0.0,0.0
rxn11400,0.0,0.0,0.0,0.0
rxn11401,0.0,0.0,0.0,0.0
rxn11402,0.0,0.0,0.0,0.0
rxn11403,0.0,0.0,0.0,0.0
rxn11404,0.0,0.0,0.0,0.0
rxn11405,0.0,0.0,0.0,0.0
rxn11407,0.0,3895.500348604693,3895.500348604693,3895.500348604693
rxn11408,0.0,0.0,0.0,0.0
rxn11511,2.156621356958544e-12,0.0,-2.156621356958544e-12,2.156621356958544e-12
rxn11703,0.0,0.0,0.0,0.0
rxn11921,0.0,0.0,0.0,0.0
rxn12510,0.4927568585556153,0.45542503117526756,-0.03733182738034774,0.03733182738034774
rxn12519,0.0,-5.4434274887323246e-11,-5.4434274887323246e-11,5.4434274887323246e-11
