,minimum,maximum,range
rxn01355,0.0,0.0,0.0
rxn05357,0.0,38.5916513369901,38.5916513369901
rxn00225,-10000.0,10000.0,20000.0
rxn05313,-10000.0,10000.0,20000.0
rxn01674,-10000.0,10000.0,20000.0
rxn05572,0.0,10000.0,10000.0
rxn01199,-10000.000000000031,10000.0,20000.00000000003
rxn10215,18.952708212493427,21.058564680548276,2.1058564680548493
rxn01451,-10000.0,10000.0,20000.0
rxn00785,-10000.000000000005,10000.0,20000.000000000007
rxn05092,0.0,0.0,0.0
rxn00802,-9999.999999999984,3436.5948458600737,13436.594845860058
rxn03638,0.0,6718.297422929951,6718.297422929951
rxn10318,0.07273017063308516,0.07983811258969631,0.007107941956611144
rxn05323,0.0,38.59165133699866,38.59165133699866
rxn03084,0.0,1679.5743557325034,1679.5743557325034
rxn05722,-10000.0,1.8189894035458565e-12,10000.000000000002
rxn10195,1.8529246977449962,2.058805219716662,0.20588052197166595
rxn03887,0.0,10000.0,10000.0
rxn00868,0.0,52.836815770945584,52.836815770945584
rxn00011,0.0,10000.0,10000.0
rxn02222,0.0,0.0,0.0
rxn00292,-376.31597749230104,6379.613043186976,6755.9290206792775
rxn05147,0.0,10000.0,10000.0
rxn01675,0.0,0.0,0.0
rxn05252,0.0,0.0,0.0
rxn05691,0.0,0.0,0.0
rxn00016,0.0,0.0,0.0
rxn05676,-10000.0,10000.0,20000.0
rxn05466,-10000.0,10000.0,20000.0
rxn05398,59.60770755047151,66.23078616719056,6.623078616719049
rxn00196,0.0,10000.0,10000.0
rxn08707,0.0,0.0,0.0
rxn05173,0.0,10000.0,10000.0
rxn01367,0.0,6880.902314075168,6880.902314075168
rxn05536,0.0,0.0,0.0
rxn05155,0.0,10000.0,10000.0
rxn10252,0.31506560664375177,0.3500728962708352,0.03500728962708344
rxn04092,0.0,10000.0,10000.0
rxn00708,0.0,10000.0,10000.0
rxn01513,23.421361934791502,26.02373548310016,2.602373548308659
rxn02476,0.0,3359.148711465013,3359.148711465013
rxn02112,-10000.0,0.0,10000.0
rxn09012,0.0,0.0,0.0
rxn05333,0.0,38.59165133699864,38.59165133699864
rxn01870,-10000.0,10000.0,20000.0
rxn05626,0.0,10000.0,10000.0
rxn01387,0.0,10000.0,10000.0
rxn01575,0.0,9999.99999999998,9999.99999999998
rxn01945,0.0,0.0,0.0
rxn09206,1.4116929229337611,1.5685476921486232,0.15685476921486208
rxn02342,-10000.000000000022,9055.8485709183,19055.848570918322
rxn01737,-10000.0,10000.0,20000.0
rxn00781,-2666.6666666666833,10000.0,12666.666666666682
rxn01133,0.0,0.0,0.0
rxn00973,-10000.0,10000.0,20000.0
rxn05544,0.0,0.0,0.0
rxn05630,-10000.0,9999.999999999996,19999.999999999996
rxn05391,0.0,66.23078616719064,66.23078616719064
rxn03061,-10000.000000000164,0.0,10000.000000000164
rxn02916,0.0,0.0,0.0
rxn05549,0.0,6718.297422930009,6718.297422930009
rxn05181,0.0,10000.0,10000.0
rxn05330,0.0,38.5916513369782,38.5916513369782
rxn01985,0.0,0.0,0.0
rxn03910,1.072342875803444,1.1914920842058634,0.1191492084024195
rxn02522,0.0,10000.0,10000.0
rxn00775,0.0,0.0,0.0
rxn00364,557.4374556498592,10000.0,9442.562544350141
rxn05483,-10000.0,10000.0,20000.0
rxn05616,0.0,10000.0,10000.0
rxn01444,-10000.0,10000.0,20000.0
rxn00816,0.0,0.0,0.0
rxn01259,0.0,0.0,0.0
rxn00515,-10000.0,10000.0,20000.0
rxn10243,0.0,10000.0,10000.0
rxn02011,103.8830307027825,115.42558966975868,11.542558966976173
rxn00702,0.0,0.0,0.0
rxn05577,-10000.0,10000.0,20000.0
rxn08471,0.0,10000.000000000002,10000.000000000002
rxn00369,-10000.0,10000.0,20000.0
rxn05699,0.0,0.0,0.0
rxn02212,0.0,3359.148711465206,3359.148711465206
rxn05408,12.75703983965511,14.174488710727937,1.4174488710728266
rxn10227,9.810332977656422,10.900369975173811,1.0900369975173891
rxn05486,-10000.0,10000.0,20000.0
rxn00917,0.0,10000.0,10000.0
rxn05502,-10000.0,0.0,10000.0
rxn09113,0.7173592214826563,0.7970658016473968,0.07970658016474053
rxn02160,83.55705016659631,2770.876019338588,2687.3189691719917
rxn02339,0.0,0.0,0.0
rxn10295,0.9316240454629604,1.035137828292179,0.10351378282921864
rxn04821,0.0,0.0,0.0
rxn10304,0.1352613263163405,0.15029036257371167,0.015029036257371176
rxn02495,0.0,0.0,0.0
rxn01044,-10000.0,10000.0,20000.0
rxn05557,0.0,3.6469488532754197,3.6469488532754197
rxn00883,0.0,0.0,0.0
rxn01923,0.0,0.0,0.0
rxn01218,0.0,6718.297422930038,6718.297422930038
rxn00248,-10000.0,10000.0,20000.0
rxn01297,0.0,10000.0,10000.0
rxn05239,0.0,4678.819286445122,4678.819286445122
rxn05734,0.0,10000.0,10000.0
rxn01302,-10000.0,10000.0,20000.0
rxn10283,2.341575673161385,2.6017507479570967,0.26017507479571167
rxn00373,0.0,10000.0,10000.0
rxn05422,12.757039839655112,14.174488710727914,1.4174488710728017
rxn00979,-4.295704596722662e-14,10000.0,10000.0
rxn10322,0.3843287340850502,0.4270319267611671,0.042703192676116886
rxn05448,0.0,14.174488710727907,14.174488710727907
rxn00048,0.0,3359.1487114650627,3359.1487114650627
rxn10233,9.810332977656422,10.900369975173795,1.0900369975173732
rxn07584,0.0,0.0,0.0
rxn05201,-10000.0,10000.0,20000.0
rxn05217,-10000.0,10000.0,20000.0
rxn03164,103.88303070278256,115.42558966975831,11.542558966975747
rxn00546,-10000.0,10000.0,20000.0
rxn05298,-10000.0,10000.0,20000.0
rxn03906,0.0,0.0,0.0
rxn00879,0.0,10000.000000000002,10000.000000000002
rxn01370,-10000.0,10000.0,20000.0
rxn02789,354.27973081632473,4853.013915286485,4498.7341844701605
rxn05194,0.0,0.0,0.0
rxn03483,0.0,0.0,0.0
rxn05383,59.6077075504715,66.23078616719067,6.6230786167191695
rxn01258,0.1531918394010762,0.17021315489008476,0.017021315489008565
rxn00830,-1.0212789293405096,0.17021315489008476,1.1914920842305943
rxn05229,0.0,1679.5743557325006,1679.5743557325006
rxn05646,-10000.0,10000.0,20000.0
rxn00321,0.0,0.0,0.0
rxn10042,-3436.594845859956,10000.0,13436.594845859956
rxn05505,-10000.0,0.0,10000.0
rxn09104,2.1082421116262537,2.342491235140284,0.23424912351403027
rxn00800,-1.834837331333787e-15,10000.0,10000.0
rxn01343,-10000.0,10000.000000000002,20000.0
rxn01520,0.0,9999.788443471092,9999.788443471092
rxn05415,12.757039839655112,14.174488710727912,1.4174488710728
rxn00189,0.0,10000.0,10000.0
rxn10011,9.317223065367547e-15,38.662327060220306,38.6623270602203
rxn10286,6.209147863633282,6.899053181814756,0.6899053181814736
rxn05441,0.0,66.23078616719054,66.23078616719054
rxn00322,0.0,0.0,0.0
rxn10342,0.021618491292284082,0.02402054588031564,0.002402054588031558
rxn01819,0.0,0.0,0.0
rxn10201,77.73639443467846,86.37377159408716,8.6373771594087
rxn05426,12.757039839655112,14.174488710727907,1.4174488710727946
rxn08297,-3.507828886733385,9996.84295400195,10000.350782888683
rxn00902,354.2797308163254,4853.013915286481,4498.734184470156
rxn08764,-9723.980688744623,10000.0,19723.980688744625
rxn03852,8.090492987183596,8.989436652426217,0.898943665242621
rxn00503,-10000.0,10000.0,20000.0
rxn10266,3.638918359881733,4.043242622090816,0.40432426220908324
rxn03909,1.0723428758075333,1.1914920842305927,0.11914920842305943
rxn09264,0.0,0.0,0.0
rxn05187,0.0,0.0,0.0
rxn04745,0.0,0.0,0.0
rxn05328,0.0,32.6671197756654,32.6671197756654
rxn02314,-10000.000000000002,9999.999999999984,19999.999999999985
rxn00179,0.0,9999.99999999999,9999.99999999999
rxn10230,19.22421034369598,21.36023371521776,2.1360233715217802
rxn02853,0.0,0.0,0.0
rxn05529,-10000.0,0.0,10000.0
rxn05566,-10000.0,10000.0,20000.0
rxn05307,-9999.999999999965,0.0,9999.999999999965
rxn03991,-10000.0,10000.0,20000.0
rxn05654,-10000.0,10000.0,20000.0
rxn02056,0.0,0.0,0.0
rxn01465,-3440.451157037596,0.0,3440.451157037596
rxn05364,111.59245988444734,123.99162209383013,12.399162209382794
rxn05372,111.59245988444734,123.99162209383034,12.399162209383007
rxn05553,-10000.000000000007,10000.0,20000.000000000007
rxn05470,-10000.0,10000.0,20000.0
rxn00863,83.55705016659633,2770.8760193386092,2687.318969172013
rxn09399,0.0,0.0,0.0
rxn00215,0.0,0.0,0.0
rxn10279,1.0644506679056067,1.182722964339562,0.11827229643395532
rxn09978,0.0,0.0,0.0
rxn00223,0.0,10000.0,10000.0
rxn00405,0.0,0.0,0.0
rxn00459,-10000.0,10000.0,20000.0
rxn10277,4.480290451406032,4.978100501562258,0.49781005015622615
rxn02949,0.0,0.0,0.0
rxn10259,1.5481202951666215,1.7201336612962461,0.1720133661296246
rxn10225,3.631859895267065,4.035399883630073,0.4035399883630082
rxn05031,0.0,0.0,0.0
rxn10217,21.740490789709867,24.156100877455415,2.4156100877455486
rxn01800,0.0,10000.0,10000.0
rxn01011,-10000.0,10000.0,20000.0
rxn09449,0.0,0.0,0.0
rxn02167,-1.184193771252877e-14,52.8368157709517,52.836815770951716
rxn00929,-10000.0,10000.0,20000.0
rxn05316,-10000.0,10000.0,20000.0
rxn08311,2.6475538952957223,2.9417265503285766,0.2941726550328543
rxn05419,12.757039839655112,14.174488710727907,1.4174488710727946
rxn10288,1.4693018101214124,1.6325575668015686,0.16325575668015624
rxn01504,0.0,66.23078616719054,66.23078616719054
rxn03975,0.0,10000.000000000002,10000.000000000002
rxn03436,-9723.980688744627,10000.0,19723.980688744625
rxn00423,0.0,6880.902314075298,6880.902314075298
rxn00818,-9999.999999999989,10000.0,19999.99999999999
rxn05430,10.202323410776954,11.335914900863079,1.1335914900861255
rxn03071,0.0,0.0,0.0
rxn01492,-10000.0,10000.0,20000.0
rxn10272,0.5478114810369564,0.6086794233743975,0.06086794233744108
rxn01101,-10000.0,10000.0,20000.0
rxn04036,0.0,0.0,0.0
rxn00615,0.0,10000.0,10000.0
rxn05474,-10000.0,10000.0,20000.0
rxn03248,0.0,38.66232706021997,38.66232706021997
rxn08307,1.9316872125862123,2.146319125095793,0.21463191250958058
rxn10193,1.852924697744996,2.058805219716664,0.20588052197166795
rxn05621,0.0,10000.000000000002,10000.000000000002
rxn05315,0.0,10000.0,10000.0
rxn05518,-10000.000000000002,10000.000000000002,20000.000000000004
rxn05341,-38.59165133699874,0.0,38.59165133699874
rxn05145,-10000.0,3436.5948458600906,13436.59484586009
rxn05477,-10000.0,9442.562544350129,19442.562544350127
rxn05727,0.0,0.0,0.0
rxn02201,0.0,10000.0,10000.0
rxn05717,-10000.0,9999.999999999998,20000.0
rxn10326,0.05390241590100604,0.05873632455132922,0.004833908650323175
rxn05412,0.0,14.174488710727934,14.174488710727934
rxn03690,0.0,0.0,0.0
rxn02988,0.0,6718.297422930035,6718.297422930035
rxn07307,0.0,0.0,0.0
rxn05460,7.485924609841896,8.317694010935474,0.8317694010935783
rxn10281,0.762363929676669,0.8470710329740765,0.0847071032974075
rxn00290,-10000.0,10000.0,20000.0
rxn10199,103.88303070278256,115.42558966975821,11.542558966975648
rxn05555,0.0,0.0,0.0
rxn05402,59.60770755047151,66.23078616719054,6.6230786167190345
rxn03241,0.0,38.662327060219944,38.662327060219944
rxn00742,0.0,10000.0,10000.0
rxn10316,0.20028004662150553,0.22253338513500565,0.022253338513500115
rxn02159,83.55705016659633,2770.8760193385697,2687.3189691719735
rxn01706,-10000.0,10000.0,20000.0
rxn11397,-10000.0,9999.999999999985,19999.999999999985
rxn09200,5.69574562022889,6.32860624469876,0.6328606244698696
rxn02937,0.0,1679.5743557324952,1679.5743557324952
rxn01573,0.0,10000.00000000002,10000.00000000002
rxn10241,0.0,10000.0,10000.0
rxn10067,0.0,0.0,0.0
rxn05507,-10000.0,0.0,10000.0
rxn00727,0.0,4642.828783491637,4642.828783491637
rxn03891,0.1531918394010762,0.1702131548896109,0.017021315488534694
rxn00212,0.0,10000.0,10000.0
rxn00649,0.0,6880.902314075173,6880.902314075173
rxn05603,0.0,10000.0,10000.0
rxn06076,17.77544943478381,9982.203275341539,9964.427825906754
rxn05413,12.75703983965511,14.174488710727804,1.4174488710726934
rxn01763,-9999.999999999996,10000.0,19999.999999999996
rxn02417,0.0,0.0,0.0
rxn05579,-10000.0,10000.000000000002,20000.0
rxn05348,2.5899548413216785e-14,38.59165133699887,38.591651336998844
rxn10299,0.016172279498190504,0.0179691994424339,0.0017969199442433963
rxn02914,-10000.0,10000.000000000007,20000.000000000007
rxn01300,5.378178156792742e-28,9563.468195008629,9563.468195008629
rxn00175,0.0,10000.0,10000.0
rxn01446,0.0,0.0,0.0
rxn04068,0.0,0.0,0.0
rxn05023,0.1531918394010762,0.1702131548900846,0.0170213154890084
rxn10247,0.5027989992035004,0.5586655546705556,0.05586655546705521
rxn05648,-10000.0,10000.0,20000.0
rxn05370,0.0,123.99162209383026,123.99162209383026
rxn10013,4.658611532683773e-15,38.662327060220036,38.66232706022003
rxn05346,4.202167513282766e-15,38.59165133699857,38.59165133699856
rxn05296,540.4725107800539,600.5250119778375,60.05250119778361
rxn05634,-10000.0,10000.00000000006,20000.00000000006
rxn00950,0.0,10000.0,10000.0
rxn10264,0.9810488450445289,1.090054272271699,0.1090054272271701
rxn10208,21.74049078970987,24.15610087745543,2.4156100877455593
rxn09661,0.0,0.0,0.0
rxn05445,0.0,14.174488710727909,14.174488710727909
rxn10324,0.09319038964829252,0.10354487738699174,0.010354487738699222
rxn00418,0.0,0.0,0.0
rxn00621,479.1811775976488,532.4235306640543,53.242353066405485
rxn00558,0.0,10000.0,10000.0
rxn00671,0.0,0.0,0.0
rxn01406,0.0,0.0,0.0
rxn00715,-10000.0,10000.0,20000.0
rxn10340,0.09266178216613671,0.1029575357401519,0.010295753574015187
rxn00375,0.0,0.0,0.0
rxn00512,-10000.0,10000.0,20000.0
rxn01647,0.0,6718.297422929933,6718.297422929933
rxn05335,0.0,38.59165133700842,38.59165133700842
rxn01146,0.0,0.0,0.0
rxn00875,-10000.0,10000.0,20000.0
rxn00152,0.0,10000.0,10000.0
rxn10333,0.10292298623151429,0.1143588735905716,0.011435887359057317
rxn00143,-9999.84680816064,10000.0,19999.84680816064
rxn05198,0.0,9442.562544350103,9442.562544350103
rxn00324,-10000.0,10000.0,20000.0
rxn00187,0.0,10000.0,10000.0
rxn05305,0.0,4478.8649486200065,4478.8649486200065
rxn04133,0.0,10000.0,10000.0
rxn02875,0.0,0.0,0.0
rxn00881,0.0,0.0,0.0
rxn05247,0.0,0.0,0.0
rxn00737,0.0,10000.0,10000.0
rxn01200,-9999.999999999985,10000.00000000001,19999.999999999993
rxn00501,0.0,10000.0,10000.0
rxn10044,-10000.0,10000.0,20000.0
rxn03841,0.0,3359.148711465327,3359.148711465327
rxn07845,0.0,0.0,0.0
rxn04454,0.0,0.0,0.0
rxn00193,-9896.116969297218,10000.0,19896.116969297218
rxn05561,-10000.0,10000.0,20000.0
rxn05369,111.59245988444735,123.99162209383056,12.399162209383206
rxn05594,0.0,10000.000000000002,10000.000000000002
rxn01834,0.0,0.0,0.0
rxn02504,0.0,3359.148711465056,3359.148711465056
rxn01748,0.0,5428.571428571416,5428.571428571416
rxn00160,0.0,9999.999999999998,9999.999999999998
rxn05493,-10000.0,10000.0,20000.0
rxn03481,-10000.0,10000.0,20000.0
rxn01747,0.0,5428.5714285715285,5428.5714285715285
rxn01634,0.0,10000.0,10000.0
rxn01103,0.0,10000.0,10000.0
rxn09065,0.0,10000.0,10000.0
rxn05223,0.0,0.0,0.0
rxn01073,0.0,0.0,0.0
rxn05215,-10000.0,0.0,10000.0
rxn10293,0.8657035829823531,0.9618928699803927,0.09618928699803964
rxn05641,0.0,0.0,0.0
rxn05534,0.0,0.0,0.0
rxn05732,0.0,32.67554674408019,32.67554674408019
rxn05381,37.905416424986846,42.1171293610965,4.211712936109656
rxn05446,0.0,14.174488710727912,14.174488710727912
rxn00912,0.0,4587.2682093834455,4587.2682093834455
rxn10330,0.02577738839453938,0.028518259019628196,0.002740870625088817
rxn00604,-10000.0,10000.0,20000.0
rxn10062,-10000.0,10000.0,20000.0
rxn05618,0.0,0.0,0.0
rxn05469,-10000.0,10000.0,20000.0
rxn05386,59.60770755047151,66.23078616719059,6.623078616719077
rxn05674,0.0,0.0,0.0
rxn05435,0.0,123.99162209383049,123.99162209383049
rxn05958,0.0,0.0,0.0
rxn01358,-10000.000000000004,10000.0,20000.000000000004
rxn00692,-10000.0,10000.0,20000.0
rxn01678,-10000.0,10000.0,20000.0
rxn05559,-10000.0,10000.0,20000.0
rxn03424,0.0,0.0,0.0
rxn03068,0.0,0.0,0.0
rxn01332,0.0,3359.1487114650286,3359.1487114650286
rxn12519,-10000.0,10000.000000000096,20000.000000000095
rxn00566,0.0,10000.0,10000.0
rxn05601,0.0,0.0,0.0
rxn07431,0.0,52.82947013678745,52.82947013678745
rxn08299,-1.2171204551391903,9998.904591590377,10000.121712045517
rxn05428,0.0,14.174488710727895,14.174488710727895
rxn00992,0.0,0.0,0.0
rxn10057,-10000.0,10000.0,20000.0
rxn05513,0.0,10000.0,10000.0
rxn01457,-2.0895324259691468e-12,10000.0,10000.000000000002
rxn05361,111.59245988444732,123.99162209383043,12.399162209383107
rxn09208,5.69574562022889,6.328606244698766,0.6328606244698758
rxn05567,-10000.0,9999.999999999996,19999.999999999996
rxn00002,0.0,0.0,0.0
rxn10197,3.325174271943372,3.694638079937079,0.36946380799370715
rxn09988,0.0,0.0,0.0
rxn00467,-10000.0,10000.0,20000.0
rxn10060,-10000.0,10000.0,20000.0
rxn11399,0.0,0.0,0.0
rxn05629,-10000.0,10000.0,20000.0
rxn10261,0.23768679962347283,0.2640964440260812,0.026409644402608345
rxn05456,10.202323410776954,11.335914900863282,1.133591490086328
rxn04834,0.0,0.0,0.0
rxn10329,0.38362910653513815,0.4262545628168201,0.04262545628168196
rxn10232,4.173667017197886,4.6374077968865395,0.4637407796886537
rxn05149,0.0,0.0,0.0
rxn00206,0.0,0.0,0.0
rxn00300,0.0,3359.148711465004,3359.148711465004
rxn02186,668.1321178263022,10000.0,9331.867882173698
rxn02288,0.0,0.0,0.0
rxn00907,-2666.6666666664164,9999.999999999998,12666.666666666415
rxn10297,0.22583044474429564,0.2509227163825511,0.025092271638255448
rxn05619,0.0,0.0,0.0
rxn05410,12.757039839655112,14.174488710727896,1.417448871072784
rxn00509,-10000.0,10000.0,20000.0
rxn00205,-6.702116849340213e-11,10000.0,10000.000000000067
rxn06673,991.5064267895276,1363.4745571317699,371.96813034224226
rxn00278,-10000.0,10000.0,20000.0
rxn00790,0.0,1679.574355732512,1679.574355732512
rxn02933,-123.99162209376672,9612.38822886018,9736.379850953947
rxn00100,0.4098825280597094,0.4554250311747314,0.045542503115022004
rxn05574,3.958202791839005e-12,10000.0,9999.999999999996
rxn05569,-9999.999999999982,10000.000000000002,19999.999999999985
rxn01018,0.0,3440.45115703754,3440.45115703754
rxn05656,0.0,10000.000000000002,10000.000000000002
rxn05204,-10000.0,1.8189894035458565e-12,10000.000000000002
rxn00060,0.0,0.0,0.0
rxn00806,-10000.0,9645.720269183672,19645.720269183672
rxn00006,0.0,10000.0,10000.0
rxn09202,1.930194673813066,2.1446607486811855,0.21446607486811953
rxn02834,83.55705016659633,2770.8760193385956,2687.3189691719995
rxn05622,0.0,10000.0,10000.0
rxn03239,-32.67554674408029,-2.3354940030819266e-15,32.67554674408029
rxn05570,0.0,0.0,0.0
rxn05334,0.0,38.59165133699872,38.59165133699872
rxn01053,-9999.999999999985,10000.0,19999.999999999985
rxn05394,59.60770755047151,66.23078616719063,6.62307861671912
rxn01704,0.0,9442.562544350123,9442.562544350123
rxn02341,0.40988252806461917,0.4554250311707791,0.045542503106159926
rxn03175,83.55705016659462,2770.8760193386092,2687.3189691720145
rxn05716,0.0,9999.999999999998,9999.999999999998
rxn00199,0.0,9999.999999999998,9999.999999999998
rxn05661,-9999.999999999998,10000.0,20000.0
rxn05216,-10000.0,0.0,10000.0
rxn02473,83.55705016659633,2770.876019338598,2687.3189691720017
rxn05498,0.0,0.0,0.0
rxn00834,-10000.0,10000.0,20000.0
rxn10292,0.36831503683150657,0.40923892981278515,0.040923892981278576
rxn05500,-10000.0,10000.0,20000.0
rxn01518,-9999.999999999984,10000.0,19999.999999999985
rxn05649,-9999.999999999984,0.0,9999.999999999984
rxn00926,0.0,10000.0,10000.0
rxn10219,5.101161705388478,5.66795745043165,0.566795745043172
rxn05207,-10000.0,10000.0,20000.0
rxn00786,-10000.0,10000.0,20000.0
rxn03080,0.0,6718.297422930076,6718.297422930076
rxn05150,0.0,10000.0,10000.0
rxn01285,0.0,10000.0,10000.0
rxn01761,-9999.999999999996,10000.0,19999.999999999996
rxn05199,0.0,10000.0,10000.0
bio00006,1022.8472951931376,1136.496994659043,113.64969946590531
rxn02297,0.0,0.0,0.0
rxn00607,-10000.000000000002,9999.99999999999,19999.999999999993
rxn10320,0.3572764688217822,0.39697385424642473,0.03969738542464252
rxn05354,0.0,32.66711977566552,32.66711977566552
rxn01637,-10000.0,0.0,10000.0
rxn01639,0.0,0.0,0.0
rxn05040,0.0,6718.297422929944,6718.297422929944
rxn01204,-10000.0,10000.0,20000.0
rxn00379,0.0,6433.089082309512,6433.089082309512
rxn05760,0.0,0.0,0.0
rxn00105,-4478.8649486198965,0.0,4478.8649486198965
rxn11407,0.0,10000.000000000016,10000.000000000016
rxn05495,-9999.999999999995,4587.2682093834455,14587.268209383441
rxn00350,0.0,0.0,0.0
rxn05378,0.0,123.99162209383033,123.99162209383033
rxn05326,0.0,38.591651336998645,38.591651336998645
rxn10300,0.025674776353885594,0.02852752928209511,0.0028527529282095163
rxn09562,-9917.857383987086,10000.0,19917.857383987088
rxn05612,-10000.0,10000.0,20000.0
rxn00689,0.0,0.0,0.0
rxn05164,0.0,9999.999999999984,9999.999999999984
rxn05671,-10000.0,10000.0,20000.0
rxn00799,-10000.0,10000.0,20000.0
rxn00313,332.6487742886242,4811.513722908679,4478.864948620055
rxn04132,0.0,0.0,0.0
rxn01122,0.0,10000.000000000051,10000.000000000051
rxn09944,0.0,0.0,0.0
rxn02791,0.0,0.0,0.0
rxn10206,18.952708212493427,21.05856468054829,2.1058564680548635
rxn05376,111.59245988444734,123.9916220938306,12.399162209383263
rxn05342,-38.59165133699852,0.0,38.59165133699852
rxn05455,2.5547164288781636,2.8385738098646307,0.28385738098646707
rxn01972,436.5318049914068,4915.396753624647,4478.864948633241
rxn11402,0.0,10000.0,10000.0
rxn06510,0.0,38.662327060220015,38.662327060220015
rxn05550,0.0,0.0,0.0
rxn10278,7.591238767566315,8.434709741740356,0.8434709741740409
rxn02866,0.0,66.23078616719059,66.23078616719059
rxn01489,0.0,0.0,0.0
rxn05344,0.0,32.66711977566534,32.66711977566534
rxn05511,-9999.999999999995,0.0,9999.999999999995
rxn05387,0.0,66.23078616719062,66.23078616719062
rxn00676,-9612.38822886017,123.99162209382706,9736.379850953997
rxn01281,-10000.0,10000.0,20000.0
rxn05733,0.0,0.0,0.0
rxn05350,0.0,38.591651336998794,38.591651336998794
rxn10339,0.0,0.0,0.0
rxn10226,4.173667017197886,4.637407796886544,0.4637407796886581
rxn05476,-10000.0,10000.0,20000.0
rxn07430,0.0,52.82947013678821,52.82947013678821
rxn03246,-38.662327060220086,1.1545562020542074e-13,38.6623270602202
rxn10237,2.650811050222536,2.9453456113583694,0.29453456113583343
rxn10255,-0.40512062838317886,9999.635391434449,10000.040512062833
rxn02166,0.0,0.0,0.0
rxn05679,-10000.0,10000.0,20000.0
rxn00704,-10000.0,10000.0,20000.0
rxn00837,0.0,10000.0,10000.0
rxn00183,-10000.0,10000.0,20000.0
rxn05248,0.0,0.0,0.0
rxn02287,0.0,0.0,0.0
rxn00634,-10000.0,10000.0,20000.0
rxn04750,0.0,0.0,0.0
rxn10223,15.531342926076585,17.25704769564063,1.7257047695640448
rxn03242,-38.66232706022006,5.772781010271033e-15,38.662327060220065
rxn00710,0.0,3440.451157037601,3440.451157037601
rxn05532,-10000.0,10000.0,20000.0
rxn02762,0.0,10000.0,10000.0
rxn05539,0.0,10000.0,10000.0
rxn05437,0.0,123.99162209383037,123.99162209383037
rxn01555,0.0,0.0,0.0
rxn10210,5.101161705388479,5.667957450431642,0.5667957450431631
rxn05482,-10000.0,10000.0,20000.0
rxn00256,0.0,10000.0,10000.0
rxn02503,0.0,10000.0,10000.0
rxn05748,-10000.0,10000.0,20000.0
rxn05349,0.0,38.591651336998254,38.591651336998254
rxn05064,0.0,0.0,0.0
rxn05463,0.0,8.317694010935549,8.317694010935549
rxn10240,0.0,10000.0,10000.0
rxn10280,3.1570459980600485,3.5078288867333867,0.3507828886733382
rxn03094,0.0,0.0,0.0
rxn00285,-10000.0,10000.0,20000.0
rxn00547,-10000.0,10000.0,20000.0
rxn10275,4.002367098421629,4.4470745538018,0.4447074553801711
rxn05597,0.0,0.0,0.0
rxn10046,0.0,10000.0,10000.0
rxn05374,0.0,123.99162209383043,123.99162209383043
rxn01989,0.0,10000.0,10000.0
rxn05506,0.0,10000.0,10000.0
rxn04143,-10000.0,0.0,10000.0
rxn01484,-10000.0,10000.0,20000.0
rxn00250,-10000.0,9068.101280760944,19068.101280760944
rxn10307,0.06318414139650665,0.07020460155167407,0.007020460155167427
rxn00545,-10000.0,10000.0,20000.0
rxn01642,0.0,0.0,0.0
rxn01334,-10000.0,10000.0,20000.0
rxn01847,0.0,10000.000000000018,10000.000000000018
rxn10308,0.014474516643737126,0.01598309950429648,0.0015085828605593543
rxn05249,0.0,0.0,0.0
rxn01649,0.0,10000.0,10000.0
rxn05266,0.153191839400492,0.17021315489008482,0.01702131548959282
rxn00203,0.0,10000.0,10000.0
rxn03409,0.0,0.0,0.0
rxn05192,0.0,0.0,0.0
rxn05724,0.0,0.0,0.0
rxn05184,0.0,0.0,0.0
rxn05672,-9896.116969297082,10000.0,19896.11696929708
rxn03931,0.0,9999.999999999987,9999.999999999987
rxn05200,-9999.9999999999,0.0,9999.9999999999
rxn00770,159.07306814980834,10000.0,9840.926931850192
rxn01301,-10000.0,9999.999999999998,20000.0
rxn00192,0.0,10000.0,10000.0
rxn05396,59.6077075504715,66.23078616719063,6.623078616719127
rxn10334,0.04646304295360732,0.05162560328178591,0.005162560328178592
rxn00910,-127.49663656685362,9999.8468081606,10127.343444727454
rxn03407,0.0,0.0,0.0
rxn02286,103.88303070278256,115.4255896697584,11.542558966975832
rxn05363,111.59245988444732,123.99162209383037,12.39916220938305
rxn02474,-3359.1487114649644,0.0,3359.1487114649644
rxn01682,-9944.439425891811,10000.0,19944.43942589181
rxn05324,0.0,38.591651336998666,38.591651336998666
rxn05714,0.0,0.0,0.0
rxn00611,-10000.0,10000.0,20000.0
rxn00211,0.0,0.0,0.0
rxn00182,-10000.0,10000.0,20000.0
rxn02832,0.15319183940060246,0.17021315488966976,0.017021315489067296
rxn01292,-10000.000000000002,10000.000000000004,20000.000000000007
rxn05563,-10000.000000000011,10000.0,20000.00000000001
rxn00289,0.0,10000.000000000002,10000.000000000002
rxn10250,1.3292923448330018,1.4769914942588902,0.14769914942588835
rxn02727,0.0,0.0,0.0
rxn10302,0.1260262426575007,0.1400291585083341,0.014002915850833408
rxn03393,0.0,0.0,0.0
rxn10311,0.11290433927692697,0.1254492658632522,0.012544926586325222
rxn05388,59.6077075504715,66.23078616719054,6.623078616719042
rxn01486,0.15319183940134937,0.17021315489008462,0.017021315488735256
rxn05464,0.0,8.317694010935545,8.317694010935545
rxn04783,0.0,1679.5743557324909,1679.5743557324909
rxn07099,0.0,0.0,0.0
rxn02085,0.0,0.0,0.0
rxn05554,-10000.0,10000.0,20000.0
rxn05429,10.202323410776952,11.335914900863287,1.133591490086335
rxn05359,111.59245988444732,123.99162209383037,12.39916220938305
rxn01739,0.0,3359.148711464985,3359.148711464985
rxn10203,2.6940511422628814,2.993390158069867,0.29933901580698574
rxn00062,0.0,10000.0,10000.0
rxn05424,0.0,14.174488710727886,14.174488710727886
rxn00543,-10000.0,10000.0,20000.0
rxn00347,-10000.0,10000.0,20000.0
rxn01523,0.0,10000.000000000002,10000.000000000002
rxn02374,0.0,10000.0,10000.0
rxn05406,16.126725971051787,17.918584412279774,1.791858441227987
rxn05206,-10000.0,10000.0,20000.0
rxn05552,0.0,10000.000000000002,10000.000000000002
rxn01069,0.0,9563.468195008594,9563.468195008594
rxn05322,0.0,38.591651336998716,38.591651336998716
rxn05105,0.0,0.0,0.0
rxn02113,0.0,6718.297422929869,6718.297422929869
rxn10001,0.0,0.0,0.0
rxn07435,0.0,9723.98068874463,9723.98068874463
rxn05416,0.0,14.174488710727928,14.174488710727928
rxn00117,-10000.0,10000.0,20000.0
rxn00102,-10000.0,8027.379128672932,18027.379128672932
rxn00804,-10000.0,9645.720269183688,19645.720269183686
rxn01521,0.0,10000.0,10000.0
rxn00097,-10000.0,10000.0,20000.0
rxn05458,-8.317694010935485,24.35157088399813,32.66926489493361
rxn05478,0.0,9999.999999999995,9999.999999999995
rxn05453,43.48098157941973,48.31220175491087,4.83122017549114
rxn01664,0.0,0.0,0.0
rxn06591,0.0,0.0,0.0
rxn00555,-10000.0,10000.0,20000.0
rxn05541,0.0,0.0,0.0
rxn05547,0.0,10000.0,10000.0
rxn00414,0.0,10000.0,10000.0
rxn00126,0.15319183940107614,6718.450614769426,6718.297422930024
rxn01967,-3436.5948458600715,10000.0,13436.594845860072
rxn03012,0.0,0.0,0.0
rxn10048,0.0,0.0,0.0
rxn00260,-10000.0,10000.0,20000.0
rxn05219,0.0,10000.0,10000.0
rxn03885,0.0,10000.0,10000.0
rxn05488,-10000.0,0.0,10000.0
rxn05319,0.0,10000.000000000155,10000.000000000155
rxn05244,-9723.980688744627,0.0,9723.980688744627
rxn00955,-9999.846808160599,10000.000000000022,19999.84680816062
rxn10296,1.578328658043937,1.7536985089377082,0.1753698508937711
rxn05337,-38.59165133695788,0.0,38.59165133695788
rxn05352,0.0,38.59165133699931,38.59165133699931
rxn03137,83.55705016659633,2770.876019338585,2687.318969171989
rxn00690,-9916.231393304492,3520.363452555453,13436.594845859945
rxn01114,-10000.0,10000.000000000035,20000.000000000036
rxn05367,111.59245988444738,123.99162209383049,12.399162209383107
rxn05365,111.59245988444735,123.99162209383049,12.399162209383135
rxn00527,-9820.076701161317,0.0,9820.076701161317
rxn10285,0.36460856554486104,0.40512062838317914,0.0405120628383181
rxn01080,0.0,10000.0,10000.0
rxn10312,0.006924758016241156,0.00769417557360129,0.0007694175573601343
rxn03445,0.0,0.0,0.0
rxn00355,-9739.239399825125,10000.0,19739.239399825125
rxn00159,0.0,10000.0,10000.0
rxn05653,-9999.999999999887,10000.0,19999.999999999887
rxn01390,0.0,0.0,0.0
rxn01868,-10000.0,10000.0,20000.0
rxn05546,0.0,0.0,0.0
rxn02508,55.560574108190096,4642.828783491674,4587.268209383484
rxn09111,2.1082421116262537,2.342491235140286,0.23424912351403204
rxn09949,0.0,0.0,0.0
rxn09188,-10000.0,10000.0,20000.0
rxn00734,0.0,10000.0,10000.0
rxn00127,0.0,0.0,0.0
rxn05300,-10000.000000000015,0.0,10000.000000000015
rxn01974,436.53180499140683,4915.396753611403,4478.8649486199965
rxn03244,-38.66232706022016,0.0,38.66232706022016
rxn11404,0.0,0.0,0.0
rxn01644,436.5318049914063,4915.396753611383,4478.8649486199765
rxn00740,0.0,10000.0,10000.0
rxn00394,-9999.999999999989,10000.0,19999.99999999999
rxn01108,-10000.000000000064,10000.0,20000.000000000065
rxn01274,0.0,0.0,0.0
rxn05251,0.0,0.0,0.0
rxn00712,-10000.0,10000.0,20000.0
rxn05516,0.0,10000.0,10000.0
rxn05608,0.0,10000.0,10000.0
rxn10245,0.16285774634065137,0.1809530514896127,0.01809530514896132
rxn02008,103.88303070278256,115.42558966975848,11.542558966975918
rxn05439,0.0,66.23078616719059,66.23078616719059
rxn05299,-10000.0,0.0,10000.0
rxn01256,179.92329883867993,10000.0,9820.07670116132
rxn05385,59.60770755047151,66.23078616719056,6.623078616719049
rxn05339,-38.5916513369987,0.0,38.5916513369987
rxn10268,4.189602978056996,4.655114420063327,0.4655114420063313
rxn05443,0.0,66.23078616719053,66.23078616719053
rxn00166,0.0,9999.999999999998,9999.999999999998
rxn05580,0.0,0.0,0.0
rxn01128,-10000.0,10000.0,20000.0
rxn05644,0.0,10000.0,10000.0
rxn02155,19.955443874980414,4498.820392495014,4478.864948620034
rxn10290,0.11155483546954095,0.12394981718837882,0.012394981718837864
rxn00915,0.0,1.5452725930167428e-12,1.5452725930167428e-12
rxn00575,-10000.0,10000.0,20000.0
rxn00299,0.0,3359.1487114649763,3359.1487114649763
rxn05514,-10000.0,9996.948846518439,19996.94884651844
rxn00224,0.0,0.0,0.0
rxn00839,-10000.0,10000.0,20000.0
rxn00569,0.0,10000.0,10000.0
rxn00461,103.88303070278255,115.4255896697583,11.542558966975747
rxn00139,0.0,9840.926931850194,9840.926931850194
rxn05091,0.0,0.0,0.0
rxn02304,0.0,0.0,0.0
rxn00748,0.0,0.0,0.0
rxn05736,0.0,0.0,0.0
rxn05451,73.6870434594605,81.87449273273393,8.18744927327343
rxn05527,0.0,9442.562544350098,9442.562544350098
rxn01094,0.0,0.0,0.0
rxn10253,-2.601750747957097,9997.658424326839,10000.260175074796
rxn09940,0.0,0.0,0.0
rxn06077,0.0,0.0,0.0
rxn05434,0.0,123.99162209383029,123.99162209383029
rxn00283,-9629.160047763786,10000.0,19629.160047763784
rxn00931,-10000.0,10000.0,20000.0
rxn01508,-9940.918703673971,10000.0,19940.91870367397
rxn03043,0.0,0.0,0.0
rxn03904,103.88303070278258,115.42558966975876,11.542558966976188
rxn10212,2.6940511422628814,2.9933901580698676,0.2993390158069862
rxn00953,-127.32838467588918,10000.0,10127.32838467589
rxn05694,0.0,0.0,0.0
rxn10337,0.034009672565171824,0.03778852507241312,0.003778852507241297
rxn02465,0.0,10000.0,10000.0
rxn09348,0.0,10000.0,10000.0
rxn10235,11.341739948019589,12.601933275577318,1.2601933275577295
rxn00137,0.2793488019429026,4679.098635247084,4678.81928644514
rxn10273,0.7994659560124525,0.8882955066805035,0.08882955066805098
rxn05432,0.0,11.335914900863273,11.335914900863273
rxn01139,0.0,10000.0,10000.0
rxn05417,12.75703983965511,14.174488710727909,1.4174488710727982
rxn03643,-10000.0,10000.0,20000.0
rxn08468,0.0,10000.000000000002,10000.000000000002
rxn00549,0.0,10000.0,10000.0
rxn09355,0.0,0.0,0.0
rxn05681,-10000.0,9999.999999999998,20000.0
rxn03030,436.5318049914069,4915.396753611155,4478.864948619748
rxn00938,0.0,4478.864948619874,4478.864948619874
rxn05639,0.0,9999.999999999998,9999.999999999998
rxn10305,0.22916689079343203,0.25462987865936915,0.02546298786593712
rxn10221,13.449251337538154,14.943612597264615,1.4943612597264604
rxn01679,-10000.0,10000.0,20000.0
rxn05214,-9903.095447253407,107.67172527399912,10010.767172527407
rxn03437,276.0193112553735,9999.999999999995,9723.980688744621
rxn01871,-9055.848570918328,10000.0,19055.84857091833
rxn05697,0.0,0.0,0.0
rxn02320,-2770.87601933857,-83.55705016659809,2687.318969171972
rxn00882,0.0,0.0,0.0
rxn01257,0.0,3359.1487114649326,3359.1487114649326
rxn01648,0.0,9442.562544350101,9442.562544350101
rxn01684,0.0,0.0,0.0
rxn01045,-10000.0,9686.147612990031,19686.147612990033
rxn05292,0.0,3.6470188558608614,3.6470188558608614
rxn10014,0.0,38.66232706022012,38.66232706022012
rxn05721,0.0,0.0,0.0
rxn05401,59.60770755047151,66.23078616719059,6.623078616719077
rxn10325,0.22116004216666024,0.24573338018517799,0.024573338018517743
rxn01265,-6738.252866805013,6698.341979054998,13436.59484586001
rxn03482,-10000.0,10000.0,20000.0
rxn10332,0.740283684201443,0.8225374268904927,0.08225374268904972
rxn05193,0.0,0.0,0.0
rxn01217,0.0,9964.427825906687,9964.427825906687
rxn01740,-3359.148711464876,0.0,3359.148711464876
rxn07585,0.0,0.0,0.0
rxn05504,0.0,10000.0,10000.0
rxn04820,0.0,0.0,0.0
rxn05562,-10000.0,10000.0,20000.0
rxn00871,-10000.0,10000.0,20000.0
rxn05491,0.0,10000.0,10000.0
rxn03250,0.0,38.662327060220065,38.662327060220065
rxn05371,111.59245988444732,123.99162209383033,12.399162209383007
rxn02507,55.5605741081901,4642.828783491639,4587.268209383449
rxn03901,103.88303070278259,115.4255896697585,11.542558966975903
rxn05195,0.0,3.6469488532754206,3.6469488532754206
rxn05347,1.338800588344749e-14,38.5916513370013,38.59165133700129
rxn00416,151.38635026949308,10000.0,9848.613649730507
rxn05338,-38.591651336998716,0.0,38.591651336998716
rxn05039,0.0,3359.1487114649813,3359.1487114649813
rxn00165,0.0,10000.0,10000.0
rxn10239,0.0,10000.0,10000.0
rxn05202,-10000.0,10000.0,20000.0
rxn05297,-10000.0,10000.0,20000.0
rxn01129,-10000.0,10000.0,20000.0
rxn00376,0.0,0.0,0.0
rxn00513,0.0,10000.0,10000.0
rxn05226,-10000.0,10000.0,20000.0
rxn05665,-10000.0,1902.1150929876912,11902.115092987691
rxn10056,-10000.0,10000.0,20000.0
rxn05174,0.0,0.0,0.0
rxn05537,0.0,0.0,0.0
rxn10209,36.843521729730256,40.93724636636695,4.0937246366366935
rxn00903,-10000.0,9686.147612990022,19686.147612990022
rxn00947,0.0,0.0,0.0
rxn01333,0.0,10000.0,10000.0
rxn05400,59.6077075504715,66.23078616719073,6.623078616719226
rxn05599,0.0,0.0,0.0
rxn10343,0.0,0.0,0.0
rxn05188,0.0,0.0,0.0
rxn05609,-10000.0,10000.0,20000.0
rxn10310,0.04804109176063128,0.05337899084514586,0.005337899084514576
rxn05560,-10000.000000000004,10000.000000000002,20000.000000000007
rxn02161,-9999.999999999982,10000.0,19999.99999999998
rxn05512,0.0,0.0,0.0
rxn00274,-10000.0,10000.0,20000.0
rxn05233,17.796724658524468,19.774138509472014,1.9774138509475456
rxn05442,0.0,66.23078616719057,66.23078616719057
rxn00838,0.0,10000.0,10000.0
rxn10265,1.5481202951666213,1.7201336612962463,0.17201336612962503
rxn00065,0.0,0.0,0.0
rxn00297,8.090492987183596,8.989436652426221,0.8989436652426246
rxn11403,0.0,0.0,0.0
rxn10073,0.0,0.0,0.0
rxn05558,0.0,0.0,0.0
rxn01454,0.0,10000.0,10000.0
rxn05651,0.0,6433.089082309481,6433.089082309481
rxn05737,0.0,0.0,0.0
rxn02760,-9999.999999999987,9999.99999999999,19999.999999999978
rxn09102,0.5199942896524511,0.5777714329471636,0.05777714329471251
rxn05468,-10000.0,10000.0,20000.0
rxn00303,0.0,0.0,0.0
rxn03990,-10000.0,10000.0,20000.0
rxn05425,12.75703983965511,14.174488710727914,1.4174488710728035
rxn00695,-10000.0,10000.0,20000.0
rxn01434,-10000.0,3436.594845859965,13436.594845859965
rxn10234,0.6750628492707479,0.7500698325230529,0.07500698325230504
rxn00693,-9999.8468081606,127.49663656684142,10127.343444727441
rxn00122,0.0,0.0,0.0
rxn01314,0.0,0.0,0.0
rxn01859,-10000.0,9940.91870367397,19940.918703673968
rxn05565,0.0,10000.0,10000.0
rxn10202,10.961033729915194,12.178926366572448,1.217892636657254
rxn05640,-10000.0,10000.0,20000.0
rxn01116,-10000.0,10000.0,20000.0
rxn00337,436.53180499140694,10000.000000000027,9563.46819500862
rxn03908,1.0723428758075337,1.191492084230593,0.1191492084230592
rxn05585,0.0,0.0,0.0
rxn05436,0.0,123.99162209383049,123.99162209383049
rxn05211,0.0,10000.0,10000.0
rxn01452,-10000.0,10000.0,20000.0
rxn05673,2.9041389054951997e-13,9999.999999999967,9999.999999999967
rxn05747,0.0,10000.0,10000.0
rxn09177,0.4098825280661745,0.4554250311802933,0.04554250311411884
rxn01445,0.0,10000.0,10000.0
rxn02945,0.0,0.0,0.0
rxn00777,-10000.0,10000.0,20000.0
rxn00409,-3454.669375843922,9981.925470016102,13436.594845860023
rxn02889,-66.23078616719054,-1.3443393348403523e-12,66.2307861671892
rxn05602,-10000.0,10000.0,20000.0
rxn06526,-10000.0,9998.927657124259,19998.92765712426
rxn01366,-10000.0,10000.0,20000.0
rxn01512,-10000.0,10000.0,20000.0
rxn05467,-10000.0,3436.594845860641,13436.59484586064
rxn01986,-3436.5948458599405,9999.999999999998,13436.594845859938
rxn10244,0.6770062591316148,0.7522291768129051,0.0752229176812903
rxn05568,-10000.0,10000.0,20000.0
rxn08171,-10000.0,-1.1145261838899359e-10,9999.999999999889
rxn01466,0.15319183940107622,0.17021315489008473,0.01702131548900851
rxn02185,-10000.0,-668.1321178263024,9331.867882173698
rxn03406,0.0,0.0,0.0
rxn01925,-52.829470136789105,1.6397262276289734e-12,52.829470136790746
rxn05358,111.59245988444732,123.99162209383044,12.399162209383121
rxn01106,-10000.0,10000.0,20000.0
rxn07434,0.0,9723.980688744634,9723.980688744634
rxn01816,-6718.297422929907,10000.0,16718.297422929907
rxn02527,0.0,0.0,0.0
rxn02213,0.0,3359.1487114650154,3359.1487114650154
rxn00342,0.0,9848.613649730454,9848.613649730454
rxn08669,0.0,0.0,0.0
rxn00784,-3436.594845859998,10000.0,13436.594845859998
rxn02200,-10000.000000000044,3359.1487114651054,13359.14871146515
rxn00361,0.0,4678.819286445005,4678.819286445005
rxn02804,-4.618224808216829e-15,32.675546744080364,32.67554674408037
rxn00293,0.0,10000.0,10000.0
rxn05542,0.0,0.0,0.0
rxn05397,59.60770755047151,66.2307861671906,6.623078616719091
rxn00616,0.0,10000.0,10000.0
rxn01480,0.0,0.0,0.0
rxn04308,0.0,0.0,0.0
rxn05740,-10000.0,10000.0,20000.0
rxn01537,0.0,0.0,0.0
rxn10194,3.6691578173168238,4.076842019240911,0.4076842019240874
rxn03062,354.2797308163253,4853.01391528649,4498.734184470165
rxn01973,0.0,0.0,0.0
rxn05620,0.0,0.0,0.0
rxn00455,0.0,0.0,0.0
rxn00974,-10000.0,10000.0,20000.0
rxn00506,-10000.0,10000.0,20000.0
rxn01388,-10000.0,10000.0,20000.0
rxn05421,12.75703983965511,14.174488710727914,1.4174488710728035
rxn01775,-10000.0,9.094947017729282e-12,10000.00000000001
rxn05108,0.0,0.0,0.0
rxn05718,-10000.000000000004,10000.000000000002,20000.000000000007
rxn05485,-10000.0,10000.0,20000.0
rxn02666,0.0,0.0,0.0
rxn00119,-9129.326938350538,10000.0,19129.32693835054
rxn10214,8.063362985525895,8.959292206139887,0.8959292206139917
rxn01791,0.0,4587.268209383469,4587.268209383469
rxn05578,-10000.0,10000.0,20000.0
rxn00222,0.0,0.0,0.0
rxn01646,0.0,4478.864948620017,4478.864948620017
rxn03245,-4.671242309900926e-15,38.66232706022021,38.662327060220214
rxn01966,0.0,0.0,0.0
rxn05593,0.0,9999.999999999998,9999.999999999998
rxn05332,7.578840136018413e-13,32.66711977566497,32.66711977566421
rxn02275,0.0,0.0,0.0
rxn01519,0.0,10000.0,10000.0
rxn05162,0.0,10000.0,10000.0
rxn05473,0.0,10000.000000000002,10000.000000000002
rxn11398,0.0,9999.999999999976,9999.999999999976
rxn03004,0.0,1679.5743557324813,1679.5743557324813
rxn00029,0.0,0.0,0.0
rxn03060,0.0,10000.000000000002,10000.000000000002
rxn05088,0.0,0.0,0.0
rxn10319,0.15202129295645722,0.16891254772939687,0.01689125477293965
rxn01143,-10000.000000000005,10000.000000000056,20000.000000000062
rxn02277,0.0,0.0,0.0
rxn10338,0.07991301347884947,0.08879223719872165,0.008879223719872181
rxn01132,-3436.594845860458,10000.0,13436.594845860458
rxn09063,0.0,10000.0,10000.0
rxn09657,0.0,9999.999999999998,9999.999999999998
rxn01549,0.0,9999.999999999998,9999.999999999998
rxn05735,0.0,0.0,0.0
rxn00691,0.0,10000.0,10000.0
rxn09889,0.0,0.0,0.0
rxn01316,0.0,10000.0,10000.0
rxn05329,0.0,38.59165133699868,38.59165133699868
rxn04457,0.0,0.0,0.0
rxn10263,7.098965276169272,7.887739195743637,0.788773919574365
rxn01843,0.0,0.0,0.0
rxn05647,-10000.0,10000.0,20000.0
rxn10291,0.1761755454352005,0.19575060603911162,0.01957506060391112
rxn09340,0.0,0.0,0.0
rxn02825,0.0,0.0,0.0
rxn01964,-9944.439425891811,10000.0,19944.43942589181
rxn10207,1.2773582144390818,1.4192869049323138,0.14192869049323198
rxn08615,-9999.999999999885,10000.0,19999.999999999884
rxn00559,-10000.0,10000.0,20000.0
rxn05663,-4587.268209383368,0.0,4587.268209383368
rxn10341,0.1569497803636158,0.1743886448484621,0.0174388644848463
rxn00994,-10000.0,10000.0,20000.0
rxn05180,0.0,0.0,0.0
rxn01225,0.0,0.0,0.0
rxn02264,0.0,0.0,0.0
rxn09979,-9999.999999999989,10000.000000000062,20000.00000000005
rxn10043,-9999.999999999915,10000.000000000065,19999.999999999978
rxn00985,-10000.000000000004,9999.999999998781,19999.999999998785
rxn05427,12.757039839655114,14.174488710727903,1.4174488710727893
rxn10269,7.098965276169271,7.88773919574364,0.7887739195743686
rxn00623,0.0,10000.0,10000.0
rxn00452,0.0,6718.297422929999,6718.297422929999
rxn00440,2.240081446337766e-28,9999.999999999996,9999.999999999996
rxn05627,-10000.0,10000.0,20000.0
rxn01516,-10000.0,10000.0,20000.0
rxn10331,0.43695627311732765,0.4855069701303644,0.04855069701303677
rxn05471,-6719.104388075221,10000.0,16719.104388075222
rxn05447,0.0,14.174488710727896,14.174488710727896
rxn01750,0.0,0.0,0.0
rxn05392,59.6077075504715,66.23078616719057,6.62307861671907
rxn05399,0.0,66.23078616719056,66.23078616719056
rxn00161,0.0,10000.0,10000.0
rxn01857,-10000.0,1.8189894035458565e-12,10000.000000000002
rxn02046,0.0,9999.999999999998,9999.999999999998
rxn05231,0.0,9964.427825906707,9964.427825906707
rxn00808,-9739.239399825145,10000.00000000002,19739.239399825165
rxn07432,0.0,66.1615977256414,66.1615977256414
rxn06335,-9723.980688744647,0.0,9723.980688744647
rxn05209,-10000.0,10000.0,20000.0
rxn02380,-10000.0,10000.0,20000.0
rxn00474,-9944.439425891811,10000.0,19944.43942589181
rxn10058,-10000.0,10000.0,20000.0
rxn00709,-10000.0,10000.0,20000.0
rxn05535,0.0,9999.999999999996,9999.999999999996
rxn11405,0.0,0.0,0.0
rxn05360,111.59245988444734,123.99162209383029,12.39916220938295
rxn00148,-10000.0,10000.0,20000.0
rxn00913,0.0,10000.0,10000.0
rxn00214,-10000.000000000033,9739.239399825145,19739.23939982518
rxn00874,1.5140173394292925e-13,38.66232706022004,38.662327060219894
rxn10061,0.0,0.0,0.0
rxn10537,-10000.0,10000.0,20000.0
rxn05525,0.0,9442.562544350092,9442.562544350092
rxn10200,31.094557773871376,34.54950863763481,3.4549508637634325
rxn05197,0.0,10000.0,10000.0
rxn05582,-10000.0,10000.0,20000.0
rxn03435,-10000.0,9723.980688744627,19723.980688744625
rxn00965,0.0,0.0,0.0
rxn01673,-10000.0,10000.0,20000.0
rxn10294,0.053352042228408496,0.05911684442587056,0.005764802197462067
rxn08100,0.0,0.0,0.0
rxn00085,-10000.0,10000.0,20000.0
rxn12510,0.40988252805229525,0.45542503117342237,0.04554250312112712
rxn05340,-38.59165133701352,0.0,38.59165133701352
rxn05438,0.0,42.11712936109651,42.11712936109651
rxn03842,0.0,5428.571428571457,5428.571428571457
rxn09109,0.5199942896524511,0.5777714329471685,0.05777714329471739
rxn00832,-2770.876019338599,-83.55705016659478,2687.318969172004
rxn05295,66.9964978351505,74.44055315016719,7.4440553150166835
rxn00295,99.75522815830116,110.83914239811244,11.083914239811278
rxn10258,-1.6325575668015748,9998.530698189878,10000.163255756679
rxn01352,-10000.0,10000.0,20000.0
rxn05475,0.0,0.0,0.0
rxn10249,0.07789186722354782,0.08654651913727528,0.008654651913727454
rxn00022,-10000.0,3436.594845859843,13436.594845859843
rxn05289,35.572174093321074,10000.0,9964.42782590668
rxn11400,0.0,10000.0,10000.0
rxn10228,0.6750628492707479,0.7500698325230528,0.07500698325230493
rxn01977,0.0,10000.0,10000.0
rxn03249,-38.662327060220264,-9.23644961643366e-15,38.66232706022026
rxn05317,-10000.0,0.0,10000.0
rxn05403,0.0,66.2307861671905,66.2307861671905
rxn09448,0.0,0.0,0.0
rxn00368,-10000.0,10000.0,20000.0
rxn08467,0.0,10000.000000000002,10000.000000000002
rxn01219,-9964.427825906621,0.0,9964.427825906621
rxn01851,0.0,0.0,0.0
rxn00867,0.0,0.0,0.0
rxn01010,0.0,0.0,0.0
rxn09011,0.0,0.0,0.0
rxn10287,10.520346109865,11.689273455405537,1.1689273455405367
rxn00272,-10000.0,10000.0,20000.0
rxn03838,0.0,0.0,0.0
rxn10327,0.07600287283878511,0.08444763648753893,0.008444763648753822
rxn10192,8.090492987183596,8.989436652426214,0.8989436652426175
rxn01021,0.0,0.0,0.0
rxn05543,0.0,0.0,0.0
rxn01124,0.0,0.0,0.0
rxn10317,0.04601994550532964,0.051133272783699585,0.005113327278369946
rxn00213,-9739.239399825154,10000.0,19739.239399825154
rxn05237,0.0,10000.0,10000.0
rxn01127,-9940.918703674011,26.117656263437112,9967.036359937449
rxn03976,0.0,0.0,0.0
rxn05409,12.75703983965511,14.17448871072791,1.4174488710728
rxn02934,-9612.388228860182,123.99162209382791,9736.37985095401
rxn05420,0.0,14.1744887107279,14.1744887107279
rxn10314,0.2051929867497772,0.22799220749975244,0.02279922074997523
rxn00743,0.0,10000.0,10000.0
rxn05484,-3436.594845860322,10000.0,13436.594845860322
rxn10282,1.0954084096252734,1.2171204551391919,0.12171204551391845
rxn00493,-199.91477648742253,0.0,199.91477648742253
rxn01145,0.0,10000.0,10000.0
rxn01208,354.2797308163253,4853.013915286428,4498.734184470102
rxn00173,-10000.0,10000.0,20000.0
rxn10198,229.3223635823015,254.80262620255752,25.480262620256013
rxn04675,0.15319183939706962,0.17021315489008462,0.017021315493015
rxn08309,7.803987731855144,8.671097479839045,0.8671097479839007
rxn01509,-10000.000000000002,10000.00000000004,20000.000000000044
rxn03240,1.2845217016950598e-14,32.67554674408041,32.67554674408039
rxn05414,12.757039839655112,14.174488710727909,1.4174488710727964
rxn03892,0.15319183939706968,0.17021315489008465,0.01702131549301497
rxn00789,83.55705016659807,2770.8760193385733,2687.3189691719754
rxn05390,59.60770755047151,66.2307861671905,6.623078616718992
rxn05356,0.0,38.59165133699866,38.59165133699866
rxn05461,7.485924609841971,8.317694010935709,0.8317694010937373
rxn05167,0.0,10000.0,10000.0
rxn10271,2.287175744335997,2.5413063825955513,0.2541306382595545
rxn10248,1.1815931954071126,1.3128813282301242,0.13128813282301155
rxn10242,0.0,10000.0,10000.0
rxn00817,-10000.0,10000.0,20000.0
rxn11703,0.0,0.0,0.0
rxn10059,-10000.0,10000.0,20000.0
rxn00772,-10000.0,10000.0,20000.0
rxn00410,-10000.0,4053.1236728816666,14053.123672881666
rxn02895,0.0,1679.5743557324838,1679.5743557324838
rxn05611,0.0,0.0,0.0
rxn05160,0.0,10000.0,10000.0
rxn10216,1.2773582144390818,1.419286904932312,0.1419286904932302
rxn02596,0.0,0.0,0.0
rxn01115,0.0,10000.0,10000.0
rxn02792,0.0,0.0,0.0
rxn05680,-10000.0,0.0,10000.0
rxn02312,0.0,0.0,0.0
rxn05256,0.0,6433.089082309404,6433.089082309404
rxn06075,0.0,9964.427825906712,9964.427825906712
rxn00438,-9999.999999999998,0.0,9999.999999999998
rxn05405,16.126725971051787,17.918584412279753,1.7918584412279657
rxn01109,-10000.0,10000.0,20000.0
rxn00679,0.0,10000.0,10000.0
rxn05351,0.0,38.59165133699874,38.59165133699874
rxn05368,111.59245988444734,123.9916220938304,12.399162209383064
rxn04724,0.0,0.0,0.0
rxn05221,-10000.0,10000.0,20000.0
rxn05304,0.0,0.0,0.0
rxn05362,0.0,123.99162209383051,123.99162209383051
rxn05635,0.0,6718.29742292998,6718.29742292998
rxn00568,0.0,10000.0,10000.0
rxn03869,0.0,0.0,0.0
rxn05480,-10000.0,6880.902314075194,16880.902314075196
rxn01013,-10000.0,10000.0,20000.0
rxn09210,1.9301946738130662,2.1446607486811753,0.2144660748681091
rxn10276,0.2619965248910855,0.2911072498789838,0.029110724987898295
rxn05327,0.0,38.59165133699868,38.59165133699868
rxn05423,12.757039839655112,14.174488710727912,1.4174488710728
rxn05487,-10000.0,10000.0,20000.0
rxn10344,0.0,0.0,0.0
rxn00782,0.0,10000.0,10000.0
rxn05106,0.0,0.0,0.0
rxn00365,-10000.0,10000.0,20000.0
rxn05318,-10000.0,10000.00000000015,20000.00000000015
rxn05595,0.0,10000.0,10000.0
rxn10256,-6.899053181814761,9993.790852136353,10000.689905318168
rxn10474,0.0,0.0,0.0
rxn05404,16.126725971051783,17.91858441227977,1.791858441227987
rxn01000,0.0,199.91477648742213,199.91477648742213
rxn05462,7.485924609841992,8.317694010935549,0.831769401093557
rxn01138,-10000.0,10000.0,20000.0
rxn01102,-10000.0,10000.0,20000.0
rxn10336,0.015718298954691984,0.017430953219284576,0.0017126542645925918
rxn02305,0.0,0.0,0.0
rxn01867,-10000.0,10000.0,20000.0
rxn05303,0.0,10000.0,10000.0
rxn05479,-10000.0,10000.0,20000.0
rxn01643,436.531804991407,10000.0,9563.468195008592
rxn01275,-10000.0,9999.999999999623,19999.99999999962
rxn10257,-11.689273455405548,9989.479653890143,10001.168927345549
rxn00589,0.0,0.0,0.0
rxn05267,0.1531918393975434,0.17021315489008476,0.01702131549254135
rxn05519,-3123.5116466787385,10000.0,13123.511646678739
rxn02363,0.0,0.0,0.0
rxn05148,0.0,0.0,0.0
rxn02005,-10000.000000000004,9999.999999999985,19999.99999999999
rxn11511,0.0,0.0,0.0
rxn02296,0.0,0.0,0.0
rxn05551,0.0,10000.0,10000.0
rxn05481,0.0,0.0,0.0
rxn08775,0.0,0.0,0.0
rxn05533,0.0,0.0,0.0
rxn01653,0.0,0.0,0.0
rxn01507,0.0,10000.0,10000.0
rxn09198,1.411692922933761,1.5685476921486239,0.15685476921486297
rxn09341,0.0,9999.999999999998,9999.999999999998
rxn01362,0.0,3440.4511570376058,3440.4511570376058
rxn10211,10.961033729915194,12.178926366572455,1.217892636657261
rxn00227,0.0,10000.0,10000.0
rxn03932,0.0,9999.99999999999,9999.99999999999
rxn00231,0.0,0.0,0.0
rxn09106,0.7173592214826563,0.7970658016473958,0.07970658016473953
rxn10270,0.9810488450445289,1.0900542722716988,0.10900542722716988
rxn05598,0.0,0.0,0.0
rxn02929,-4915.396753611404,-436.5318049914069,4478.864948619997
rxn10315,0.029406123286750165,0.03262798691271275,0.0032218636259625857
rxn05450,0.0,11.335914900863283,11.335914900863283
rxn10045,0.0,10000.0,10000.0
rxn10205,8.063362985525895,8.95929220613988,0.8959292206139846
rxn02196,0.0,0.0,0.0
rxn02402,0.0,6718.297422929884,6718.297422929884
rxn00239,-9917.857383987088,10000.0,19917.857383987088
rxn00612,-10000.0,10000.0,20000.0
rxn03243,4.6833644796439315e-15,38.66232706022011,38.6623270602201
rxn05418,12.757039839655112,14.17448871072791,1.4174488710727982
rxn00711,0.0,9840.926931850145,9840.926931850145
rxn05375,111.59245988444732,123.99162209383046,12.399162209383135
rxn05531,0.0,9999.999999999998,9999.999999999998
rxn00991,-66.2307861671905,10000.000000000011,10066.230786167202
rxn10309,0.023013082208442212,0.02523870465364754,0.0022256224452053275
rxn10224,26.32317561986525,29.247972910961384,2.9247972910961337
rxn05203,0.0,0.0,0.0
rxn04113,0.0,1.1914920842305936,1.1914920842305936
rxn05250,0.0,0.0,0.0
rxn10231,2.650811050222536,2.9453456113583756,0.29453456113583965
rxn06023,0.2793488019429026,0.31038755771433646,0.031038755771433835
rxn05355,0.0,38.591651336998915,38.591651336998915
rxn00499,-10000.0,10000.0,20000.0
rxn02811,-4853.013915286468,-354.27973081632524,4498.734184470142
rxn05024,0.15319183940060244,0.1702131548878521,0.017021315487249666
rxn09992,-10000.0,10000.0,20000.0
rxn10262,4.189602978056995,4.655114420063326,0.46551144200633043
rxn00333,0.0,10000.0,10000.0
rxn08469,0.0,10000.000000000004,10000.000000000004
rxn01286,-10000.0,10000.0,20000.0
rxn05628,0.0,0.0,0.0
rxn00422,-10000.0,3761.804628150535,13761.804628150534
rxn05610,-10000.0,10000.0,20000.0
rxn01705,-10000.0,10000.0,20000.0
rxn02894,0.0,0.0,0.0
rxn10191,2.568410472121777,2.8537894134686446,0.2853789413468677
rxn01019,0.0,10000.0,10000.0
rxn00412,0.0,10000.0,10000.0
rxn03167,0.0,3359.1487114649317,3359.1487114649317
rxn05457,-32.667119775665554,38.59165133699869,71.25877111266425
rxn05526,0.0,0.0,0.0
rxn00908,0.0,10000.0,10000.0
rxn06586,-66.16159772563604,0.0,66.16159772563604
rxn05700,0.0,0.0,0.0
rxn05573,-10000.0,10000.0,20000.0
rxn03135,83.55705016659786,2770.8760193385724,2687.3189691719745
rxn00469,0.0,10000.0,10000.0
rxn05655,-9999.999999999995,9999.99999999998,19999.999999999975
rxn00763,-10000.0,10000.0,20000.0
rxn02061,0.0,0.0,0.0
rxn00686,-10000.0,-0.21155652892230137,9999.788443471078
rxn00138,19.955443875023768,4498.820392495006,4478.864948619982
rxn05393,59.60770755047151,66.23078616719056,6.623078616719049
rxn01515,-10000.0,10000.0,20000.0
rxn00791,55.56057410818954,4642.82878348049,4587.2682093723
rxn05494,-9629.160047763811,10000.0,19629.160047763813
rxn08040,8.090492987183596,8.989436652426237,0.8989436652426406
rxn00338,0.0,6718.297422929936,6718.297422929936
rxn02831,0.15319183940060244,0.1702131548903136,0.01702131548971117
rxn01236,-10000.0,9999.99999999997,19999.99999999997
rxn07466,-115.42558966975866,9896.116969297198,10011.542558966958
rxn10298,0.07055355158891416,0.07748711231017325,0.0069335607212590855
rxn03136,0.0,1679.5743557324854,1679.5743557324854
rxn01636,-9999.999999999987,9999.999999999998,19999.999999999985
rxn05170,0.0,10000.0,10000.0
rxn05739,0.0,10000.0,10000.0
rxn00216,-10000.0,10000.0,20000.0
rxn05499,-10000.0,10000.0,20000.0
rxn05294,26.594029675021577,29.54892186113522,2.954892186113643
rxn05411,12.757039839655112,14.174488710727903,1.417448871072791
rxn01093,0.0,0.0,0.0
rxn05440,0.0,66.23078616719057,66.23078616719057
rxn00988,0.0,10000.0,10000.0
rxn10002,0.0,0.0,0.0
rxn10246,0.23546353874264103,0.26162615415849,0.026162615415848967
rxn10321,0.022008727992346162,0.024454142213717958,0.002445414221371796
rxn03086,-4915.396753611447,-436.531804991407,4478.86494862004
rxn10260,3.6389183598817336,4.0432426220908155,0.4043242622090819
rxn00778,-3436.594845860063,10000.0,13436.594845860063
rxn06672,991.5064267895275,1363.4745571317685,371.968130342241
rxn04082,-10000.0,10000.0,20000.0
rxn05605,-10000.0,10000.0,20000.0
rxn04456,0.0,0.0,0.0
rxn05617,-10000.0,10000.0,20000.0
rxn04996,0.0,1.1914920842305925,1.1914920842305925
rxn01329,-10000.0,9999.999999999935,19999.999999999935
rxn00606,-10000.000000000002,9999.999999999975,19999.999999999978
rxn02835,83.55705016659809,2770.8760193384414,2687.3189691718435
rxn05177,0.0,10000.000000000002,10000.000000000002
rxn02373,0.0,10000.0,10000.0
rxn01353,-10000.0,10000.0,20000.0
rxn02521,0.0,10000.0,10000.0
rxn05581,-10000.0,10000.0,20000.0
rxn00726,0.0,4642.828783491658,4642.828783491658
rxn10289,0.4853238577345845,0.5392487308162047,0.05392487308162025
rxn00608,-10000.000000000033,10000.000000000002,20000.000000000036
rxn05159,0.0,10000.0,10000.0
rxn05287,0.15319183939706968,0.17021315489008484,0.017021315493015166
rxn10238,0.0,10000.0,10000.0
rxn00077,-10000.0,10000.0,20000.0
rxn00247,0.0,10000.0,10000.0
rxn05345,0.0,38.59165133699869,38.59165133699869
rxn05667,-10000.0,10000.0,20000.0
rxn05379,37.905416424986846,42.11712936109648,4.211712936109635
rxn10301,0.053607017602154264,0.059563352891282555,0.005956335289128291
rxn09450,0.0,0.0,0.0
rxn02177,0.0,0.0,0.0
rxn10218,36.843521729730256,40.93724636636698,4.093724636636722
rxn01213,0.15319183940060246,0.17021315489008482,0.017021315489482353
rxn03147,0.0,1679.574355732503,1679.574355732503
rxn10196,2.568410472121777,2.8537894134686392,0.28537894134686237
rxn05384,59.6077075504715,66.2307861671906,6.6230786167190985
rxn01917,0.0,10000.000000000002,10000.000000000002
rxn04885,0.0,0.0,0.0
rxn01100,-10000.0,3436.5948458599264,13436.594845859927
rxn01211,-2666.6666666666483,10000.0,12666.666666666648
rxn02911,4.670988006163854e-15,38.66232706022013,38.66232706022012
rxn03884,-10000.0,10000.0,20000.0
rxn01602,-0.23506280990022463,3358.937154936015,3359.172217745915
rxn00670,-10000.0,9612.388228860187,19612.38822886019
rxn10335,0.011536080934106283,0.012745888046847108,0.0012098071127408256
rxn00371,0.0,10000.0,10000.0
rxn06991,1.0723428758042173,1.1914920842305994,0.1191492084263821
rxn03644,-10000.0,10000.0,20000.0
rxn01176,-2.100791420073757e-11,9999.999999999998,10000.00000000002
rxn05389,59.60770755047151,66.23078616719063,6.62307861671912
rxn05444,0.0,17.91858441227977,17.91858441227977
rxn05431,10.202323410776954,11.33591490086329,1.1335914900863369
rxn01603,0.0,3359.1487114649544,3359.1487114649544
rxn01241,-10000.0,10000.0,20000.0
rxn05382,0.0,42.11712936109651,42.11712936109651
rxn10229,11.34173994801959,12.601933275577323,1.260193327557733
rxn01522,-9999.99999999999,10000.000000000005,19999.999999999996
rxn05515,0.0,0.0,0.0
rxn01107,-1.5157680272036826e-12,1.5157680272036826e-12,3.0315360544073653e-12
rxn00836,0.0,6718.297422930059,6718.297422930059
rxn05643,0.0,10000.0,10000.0
rxn03599,0.0,0.0,0.0
rxn05366,0.0,123.9916220938305,123.9916220938305
rxn03247,-2.335621154950463e-14,38.66232706022013,38.66232706022015
rxn01255,0.0,3359.148711464996,3359.148711464996
rxn01360,0.0,3440.451157037858,3440.451157037858
rxn03194,276.01931125537385,10000.0,9723.980688744627
rxn05607,-9999.999999999978,10000.0,19999.999999999978
rxn06777,-38.66232706022016,-1.0197947187704113e-13,38.66232706022006
rxn00178,-10000.0,3543.755687604348,13543.755687604349
rxn10254,-6.114952083283635,9994.496543125058,10000.611495208343
rxn05545,0.0,0.0,0.0
rxn02175,0.40988252805310715,0.45542503115541155,0.0455425031023044
rxn03958,-1.1914920842305916,-1.0723428758075342,0.11914920842305743
rxn07433,0.0,66.16159772564139,66.16159772564139
rxn01544,0.0,6718.29742293,6718.29742293
rxn00713,-10000.0,10000.0,20000.0
rxn00288,-10000.0,10000.0,20000.0
rxn06525,-10000.0,9998.927657124192,19998.927657124194
rxn11401,0.0,10000.0,10000.0
rxn10267,0.23768679962347283,0.26409644402608057,0.026409644402607735
rxn10012,-4.670988006163853e-15,38.662327060220306,38.66232706022031
rxn05433,0.0,123.99162209383063,123.99162209383063
rxn00132,0.0,10000.0,10000.0
rxn10274,1.7028934564860663,1.8921038405400739,0.18921038405400759
rxn05373,111.59245988444735,123.99162209383077,12.39916220938342
rxn05183,0.0,0.0,0.0
rxn01790,-4587.268209383461,0.0,4587.268209383461
rxn10323,0.6511200397848667,0.7234667108720761,0.07234667108720949
rxn10236,19.224210343695983,21.360233715217817,2.1360233715218335
rxn03075,0.0,0.0,0.0
rxn05465,991.5064267895274,1363.4745571317776,371.9681303422502
rxn01872,-10000.0,3.637978807091713e-12,10000.000000000004
rxn00747,-10000.0,10000.0,20000.0
rxn05528,0.0,0.0,0.0
rxn05538,0.0,0.0,0.0
rxn05682,-10000.0,5428.571428571526,15428.571428571526
rxn10306,0.03283585300920818,0.03618934956401193,0.003353496554803749
rxn00707,-10000.0,10000.0,20000.0
rxn02285,103.88303070278256,115.42558966975834,11.542558966975776
rxn05452,37.905416424986846,42.117129361096445,4.211712936109599
rxn02007,0.0,9999.999999999985,9999.999999999985
rxn10010,-9.341976012327706e-15,38.662327060220136,38.66232706022014
rxn03108,0.0,0.0,0.0
rxn10222,0.9127496488942206,1.014166276549135,0.10141662765491444
rxn05508,-9848.613649730545,0.0,9848.613649730545
rxn00392,0.0,1.6985455699188796e-28,1.6985455699188796e-28
rxn00399,-10000.0,1718.2974229300253,11718.297422930025
rxn02400,0.0,6718.297422929895,6718.297422929895
rxn05564,-10000.000000000036,10000.0,20000.000000000036
rxn10213,3.742962304920996,4.1588470054677735,0.4158847005467776
rxn01799,-6521.889511011307,10000.0,16521.889511011308
rxn01280,-9999.999999999995,10000.0,19999.999999999993
rxn00758,0.0,0.0,0.0
rxn10284,5.503456874955269,6.114952083283637,0.6114952083283676
rxn05213,-9996.948846518411,10000.0,19996.94884651841
rxn00328,0.0,0.0,0.0
rxn05380,37.905416424986846,42.11712936109653,4.211712936109684
rxn00237,-10000.0,10000.0,20000.0
rxn01068,-10000.0,10000.000000000013,20000.000000000015
rxn05517,-10000.0,0.0,10000.0
rxn10862,0.0,10000.0,10000.0
rxn08025,-10000.0,10000.0,20000.0
rxn01670,0.0,4478.864948619968,4478.864948619968
rxn05331,0.0,38.591651336998765,38.591651336998765
rxn00420,0.0,10000.0,10000.0
rxn05336,-32.667119775665434,0.0,32.667119775665434
rxn02475,0.0,3359.148711464988,3359.148711464988
rxn00001,0.0,10000.0,10000.0
rxn00191,-10000.0,10000.0,20000.0
rxn01476,-9999.999999999993,10000.0,19999.999999999993
rxn01304,0.0,6718.297422929913,6718.297422929913
rxn10313,0.12111330252922903,0.1345703361435879,0.013457033614358876
rxn05657,0.0,0.0,0.0
rxn05308,-4586.858326855418,0.4554250311661295,4587.313751886584
rxn08295,-0.8470710329740778,9999.237636070326,10000.0847071033
rxn00147,0.0,10000.0,10000.0
rxn02795,0.0,0.0,0.0
rxn05395,0.0,66.23078616719064,66.23078616719064
rxn09989,0.0,9999.999999999998,9999.999999999998
rxn11395,-10000.0,3436.594845859975,13436.594845859974
rxn05312,0.0,10000.0,10000.0
rxn11921,0.0,0.0,0.0
rxn02774,0.0,0.0,0.0
rxn05325,0.0,38.59165133699867,38.59165133699867
rxn01268,0.0,9820.076701161319,9820.076701161319
rxn05172,0.0,0.0,0.0
rxn10251,2.252023346772634,2.502248163080709,0.25022481630807514
rxn05104,0.0,0.0,0.0
rxn10303,0.007736325974139199,0.008595917749043556,0.0008595917749043575
rxn03057,0.0,0.0,0.0
rxn01510,-10000.0,10000.0,20000.0
rxn01621,-9999.999999999955,10000.0,19999.999999999956
rxn01961,0.0,9999.999999999996,9999.999999999996
rxn00898,668.132117826302,9999.99999999997,9331.867882173668
rxn10328,0.16324642831282477,0.18138492034758325,0.01813849203475848
rxn01210,0.0,0.0,0.0
rxn05501,-10000.0,10000.0,20000.0
rxn05185,0.0,0.0,0.0
rxn03408,103.88303070278258,115.42558966975848,11.542558966975903
rxn05116,0.0,0.0,0.0
rxn10220,5.7217873123645075,6.35754145818279,0.6357541458182823
rxn04748,0.0,0.0,0.0
rxn03907,1.0723428758075333,1.1914920842305936,0.11914920842306032
rxn00441,0.0,10000.000000000004,10000.000000000004
rxn01485,-6718.297422929972,0.0,6718.297422929972
rxn01386,0.0,0.0,0.0
rxn05548,0.0,0.0,0.0
rxn04712,0.0,0.0,0.0
rxn09953,0.0,10000.0,10000.0
rxn01517,-9964.427825906689,10000.000000000011,19964.4278259067
rxn09067,0.0,10000.0,10000.0
rxn01987,-6718.297422930056,0.0,6718.297422930056
rxn05540,0.0,0.0,0.0
rxn05571,-10000.0,10000.000000000002,20000.0
rxn00851,0.0,10000.0,10000.0
rxn00363,0.0,10000.0,10000.0
rxn00858,0.0,0.0,0.0
rxn04704,0.0,0.0,0.0
rxn05497,-10000.0,10000.0,20000.0
rxn01629,0.0,0.0,0.0
rxn02268,0.0,9806.194114430105,9806.194114430105
rxn00552,0.0,10000.0,10000.0
rxn00346,0.0,10000.0,10000.0
rxn00831,0.0,10000.0,10000.0
rxn00827,0.0,0.0,0.0
rxn10204,3.742962304920996,4.158847005467781,0.4158847005467847
rxn05645,-3359.148711465003,0.0,3359.148711465003
rxn00269,0.0,10000.0,10000.0
rxn05454,16.126725971051787,17.91858441227977,1.7918584412279834
rxn05625,-9999.999999999996,10000.0,19999.999999999996
rxn01123,-10000.000000000004,9999.999999999995,20000.0
rxn10072,0.0,0.0,0.0
rxn00101,0.0,9500.000000000045,9500.000000000045
rxn05407,0.0,17.91858441227921,17.91858441227921
rxn02376,0.0,9999.999999999984,9999.999999999984
rxn05669,-9331.8678821737,0.0,9331.8678821737
rxn08180,0.0,0.0,0.0
rxn02680,-9.292470118407398e-15,38.66232706022013,38.662327060220136
rxn03839,0.0,0.0,0.0
rxn05301,-9706.739615650715,125.93009501175258,9832.669710662467
rxn08470,0.0,0.0,0.0
rxn05343,0.0,38.59165133699867,38.59165133699867
rxn01548,0.0,0.0,0.0
rxn05243,-4478.86494861998,0.0,4478.86494861998
rxn05449,0.0,14.174488710727909,14.174488710727909
rxn01997,0.0,0.0,0.0
rxn05205,-6718.297422929917,10000.0,16718.297422929918
rxn05377,111.59245988444735,123.9916220938306,12.399162209383249
rxn05459,7.485924609841992,8.317694010935552,0.8317694010935606
rxn05353,0.0,38.59165133699878,38.59165133699878
rxn01270,-199.91477648742347,0.0,199.91477648742347
rxn05746,0.0,10000.0,10000.0
rxn05636,-10000.000000000038,10000.0,20000.000000000036
rxn09996,0.0,0.0,0.0
rxn04464,-10000.0,10000.0,20000.0
rxn10541,-10000.0,191.472434732068,10191.472434732068
rxn00897,-10000.0,10000.0,20000.0
rxn05085,-10000.000000000033,10000.0,20000.000000000033
rxn02270,-10000.0,9612.38822885334,19612.388228853342
rxn09925,-10000.0,0.0,10000.0
rxn05472,-10000.0,10000.0,20000.0
rxn00762,-10000.0,9999.99999999999,19999.999999999993
rxn11408,0.0,0.0,0.0
rxn05678,-10000.00000000003,10000.000000000005,20000.000000000036
rxn09907,-10000.0,0.0,10000.0
rxn00396,0.0,10000.000000000004,10000.000000000004
rxn00582,-10000.0,10000.0,20000.0
rxn01903,0.0,0.0,0.0
rxn00787,-9999.999999999973,10000.000000000011,19999.999999999985
rxn00916,-10000.0,10000.0,20000.0
rxn01322,-10000.000000000007,10000.0,20000.000000000007
rxn05255,-3358.9371549360876,0.23506280989599881,3359.1722177459837
rxn00430,-9999.999999999998,10000.0,20000.0
rxn00892,-9999.999999999998,9999.999999999998,19999.999999999996
rxn01813,-9999.999999999967,10000.0,19999.999999999967
rxn00980,0.0,10000.0,10000.0
rxn03856,-10000.000000000002,10000.0,20000.0
rxn00327,0.0,5428.571428571493,5428.571428571493
rxn00539,-1.0926727293038586e-11,10000.0,10000.000000000011
rxn00141,-9999.846808160559,10000.0,19999.84680816056
rxn01152,-10000.0,10000.0,20000.0
rxn00490,0.0,199.91477648742193,199.91477648742193
rxn05310,-6698.3419790549,22.172715416706858,6720.514694471606
rxn00877,-14.17448871073005,38.6569520332404,52.83144074397045
rxn00751,-10000.000000000002,10000.000000000004,20000.000000000007
rxn00538,0.0,9999.999999999998,9999.999999999998
rxn09212,0.0,9999.999999999998,9999.999999999998
rxn01290,-9999.999999999924,9999.999999999995,19999.99999999992
rxn00542,-10000.0,10000.0,20000.0
EX_cpd02274_e,0.0,0.0,0.0
EX_cpd00765_e,0.0,0.0,0.0
EX_cpd00028_e,0.0,0.0,0.0
EX_cpd00073_e,-10000.0,10000.0,20000.0
EX_cpd11599_e,0.0,0.0,0.0
EX_cpd00305_e,-10000.0,0.0,10000.0
EX_cpd01055_e,0.0,0.0,0.0
EX_cpd00588_e,-9999.999999999985,9999.999999999965,19999.99999999995
EX_cpd03805_e,0.0,0.0,0.0
EX_cpd00226_e,-10000.00000000007,10000.0,20000.00000000007
EX_cpd00179_e,-10000.0,0.0,10000.0
EX_cpd00141_e,-9999.99999999999,10000.0,19999.999999999993
EX_cpd01665_e,-10000.0,0.0,10000.0
EX_cpd00298_e,-10000.0,10000.0,20000.0
EX_cpd00751_e,0.0,0.0,0.0
EX_cpd05240_e,0.0,0.0,0.0
EX_cpd01947_e,0.0,10000.000000000005,10000.000000000005
EX_cpd00001_e,0.0,10000.0,10000.0
EX_cpd11586_e,0.0,0.0,0.0
EX_cpd11595_e,0.0,0.0,0.0
EX_cpd00185_e,-10000.0,10000.0,20000.0
EX_cpd00079_e,-10000.0,10000.0,20000.0
EX_cpd00276_e,-10000.0,10000.0,20000.0
EX_cpd11588_e,0.0,0.0,0.0
EX_cpd00550_e,0.0,10000.0,10000.0
EX_cpd00644_e,-0.4554250311741582,4586.858326855373,4587.313751886547
EX_cpd02241_e,0.0,0.0,0.0
EX_cpd11575_e,0.0,0.0,0.0
EX_cpd03696_e,-10000.0,10000.0,20000.0
EX_cpd00367_e,-9442.562544350107,0.0,9442.562544350107
EX_cpd01242_e,-6718.297422930018,0.0,6718.297422930018
EX_cpd00023_e,-10000.0,10000.0,20000.0
EX_cpd11577_e,0.0,0.0,0.0
EX_cpd00105_e,-10000.000000000016,10000.000000000013,20000.00000000003
EX_cpd00092_e,-9999.999999999998,0.0,9999.999999999998
EX_cpd00018_e,-10000.0,10000.0,20000.0
EX_cpd01553_e,-9999.999999999993,10000.000000000004,19999.999999999996
EX_cpd11579_e,-10000.000000000004,0.0,10000.000000000004
EX_cpd00076_e,-10000.0,9999.999999999995,19999.999999999993
EX_cpd00988_e,-10000.0,10000.0,20000.0
EX_cpd00415_e,-10000.0,9999.999999999998,20000.0
EX_cpd01187_e,0.0,0.0,0.0
EX_cpd00041_e,-10000.0,10000.0,20000.0
EX_cpd01217_e,0.0,10000.0,10000.0
EX_cpd00108_e,-10000.0,10000.0,20000.0
EX_cpd00064_e,0.0,0.0,0.0
EX_cpd00089_e,-10000.0,10000.0,20000.0
EX_cpd03198_e,-10000.0,10000.0,20000.0
EX_cpd00009_e,-2666.6666666668525,10000.0,12666.666666666853
EX_cpd00274_e,0.0,0.0,0.0
EX_cpd00100_e,-10000.000000000042,10000.0,20000.000000000044
EX_cpd01171_e,-10000.0,10000.0,20000.0
EX_cpd01981_e,0.0,0.0,0.0
EX_cpd00637_e,0.0,0.0,0.0
EX_cpd00035_e,0.0,9999.999999999998,9999.999999999998
EX_cpd10515_e,0.0,0.0,0.0
EX_cpd00162_e,-10000.0,0.0,10000.0
EX_cpd00030_e,0.0,0.0,0.0
EX_cpd00311_e,0.0,10000.0,10000.0
EX_cpd00012_e,-3436.5948458599164,10000.0,13436.594845859916
EX_cpd00138_e,-10000.0,10000.0,20000.0
EX_cpd00119_e,0.0,2687.318969171987,2687.318969171987
EX_cpd00054_e,0.0,10000.0,10000.0
EX_cpd00137_e,-9999.999999999975,10000.000000000002,19999.999999999978
EX_cpd00314_e,-10000.0,10000.0,20000.0
EX_cpd00067_e,-10000.0,10000.0,20000.0
EX_cpd03161_e,0.0,0.0,0.0
EX_cpd04098_e,-10000.0,9.1018125829927e-12,10000.00000000001
EX_cpd00084_e,-10000.0,0.0,10000.0
EX_cpd00382_e,-10000.0,0.0,10000.0
EX_cpd00281_e,-10000.0,9999.999999999982,19999.99999999998
EX_cpd00609_e,-10000.0,0.0,10000.0
EX_cpd00126_e,-10000.0,6719.104388075141,16719.104388075142
EX_cpd00154_e,-10000.0,10000.0,20000.0
EX_cpd04761_e,0.0,0.0,0.0
EX_cpd00129_e,-10000.00000000001,10000.0,20000.000000000007
EX_cpd05190_e,0.0,0.0,0.0
EX_cpd00870_e,0.0,0.0,0.0
EX_cpd00284_e,-10000.0,10000.0,20000.0
EX_cpd11597_e,0.0,0.0,0.0
EX_cpd00033_e,0.0,10000.0,10000.0
EX_cpd00058_e,0.0,0.0,0.0
EX_cpd15471_e,0.0,0.0,0.0
EX_cpd00464_e,0.0,0.0,0.0
EX_cpd01012_e,0.0,0.0,0.0
EX_cpd08023_e,-10000.000000000004,0.0,10000.000000000004
EX_cpd03454_e,-9442.562544350127,10000.000000000013,19442.56254435014
EX_cpd00051_e,-10000.0,0.0,10000.0
EX_cpd00421_e,-10000.0,10000.000000000002,20000.0
EX_cpd11574_e,0.0,0.0,0.0
EX_cpd00121_e,-10000.0,0.0,10000.0
EX_cpd00432_e,-10000.000000000004,1.1867110504131174e-12,10000.000000000005
EX_cpd00531_e,0.0,0.0,0.0
EX_cpd00169_e,-10000.0,10000.0,20000.0
EX_cpd00386_e,-9999.999999999998,0.0,9999.999999999998
EX_cpd00541_e,0.0,0.0,0.0
EX_cpd03048_e,-10000.000000000002,0.0,10000.000000000002
EX_cpd08306_e,0.0,0.0,0.0
EX_cpd00132_e,0.0,9848.61364973045,9848.61364973045
EX_cpd00072_e,-10000.000000000002,10000.000000000016,20000.00000000002
EX_cpd00061_e,-10000.0,10000.0,20000.0
EX_cpd11416_c,1022.8472951931375,1136.4969946590415,113.64969946590406
EX_cpd11584_e,0.0,0.0,0.0
EX_cpd03884_e,0.0,0.0,0.0
EX_cpd01200_e,-9999.999999999996,10000.0,19999.999999999996
EX_cpd00652_e,-10000.0,0.0,10000.0
EX_cpd00207_e,0.0,0.0,0.0
EX_cpd01030_e,-10000.0,10000.000000000004,20000.000000000004
EX_cpd00158_e,-10000.0,10000.0,20000.0
EX_cpd00218_e,-22.172715416702747,6698.341979054946,6720.514694471649
EX_cpd00182_e,-10000.0,10000.0,20000.0
EX_cpd01570_e,-10000.0,0.0,10000.0
EX_cpd11592_e,0.0,0.0,0.0
EX_cpd00381_e,0.0,0.0,0.0
EX_cpd00047_e,-10000.000000000015,10000.0,20000.000000000015
EX_cpd00020_e,-10000.0,10000.0,20000.0
EX_cpd11581_e,0.0,0.0,0.0
EX_cpd10516_e,-3.647018855860867,-3.2823169702747785,0.3647018855860886
EX_cpd01092_e,-5428.57142857118,10000.0,15428.57142857118
EX_cpd00393_e,-0.23506280989739817,3358.9371549360585,3359.172217745956
EX_cpd00209_e,-10000.0,9999.999999999736,19999.999999999738
EX_cpd00053_e,0.0,10000.0,10000.0
EX_cpd00492_e,-10000.0,9999.999999999956,19999.999999999956
EX_cpd00727_e,-10000.0,0.0,10000.0
EX_cpd00395_e,0.0,0.0,0.0
EX_cpd00396_e,-10000.0,10000.0,20000.0
EX_cpd00104_e,0.0,0.0,0.0
EX_cpd00220_e,0.0,3359.1487114650963,3359.1487114650963
EX_cpd00793_e,-1.4069097132331774e-12,10000.000000000005,10000.000000000007
EX_cpd00091_e,-1902.115092987804,10000.000000000002,11902.115092987806
EX_cpd00249_e,-10000.0,0.0,10000.0
EX_cpd00700_e,0.0,0.0,0.0
EX_cpd08376_e,0.0,0.0,0.0
EX_cpd11590_e,0.0,0.0,0.0
EX_cpd00971_e,0.0,1.1747039549244345e-12,1.1747039549244345e-12
EX_cpd01939_e,0.0,0.0,0.0
EX_cpd00322_e,0.0,9723.980688744563,9723.980688744563
EX_cpd00485_e,-10000.0,9999.999999999998,20000.0
EX_cpd00085_e,-4587.2682093835265,10000.000000000024,14587.26820938355
EX_cpd00069_e,-125.93009501175266,9706.739615650742,9832.669710662494
EX_cpd00184_e,0.0,10000.0,10000.0
EX_cpd11594_e,-10000.0,-3.637978807091713e-12,9999.999999999996
EX_cpd00266_e,0.0,0.0,0.0
EX_cpd00098_e,-10000.0,0.0,10000.0
EX_cpd00654_e,-10000.000000000002,6718.29742292994,16718.297422929943
EX_cpd00423_e,0.0,0.0,0.0
EX_cpd00063_e,-3.3901705350679223,-3.0511534815611294,0.3390170535067929
EX_cpd00046_e,-9442.562544350103,0.0,9442.562544350103
EX_cpd01572_e,-10000.0,0.0,10000.0
EX_cpd00027_e,-10000.0,10000.0,20000.0
EX_cpd00235_e,-10000.0,10000.0,20000.0
EX_cpd11589_e,0.0,0.0,0.0
EX_cpd00164_e,-9999.999999999998,1.2914822193710948e-12,10000.0
EX_cpd00106_e,-9999.999999999976,10000.0,19999.999999999978
EX_cpd00159_e,-10000.0,10000.0,20000.0
EX_cpd00060_e,-10000.0,0.0,10000.0
EX_cpd00048_e,-6433.089082310317,0.0,6433.089082310317
EX_cpd00036_e,-10000.0,10000.0,20000.0
EX_cpd00117_e,-10000.0,9629.160047763775,19629.160047763777
EX_cpd00082_e,-10000.0,10000.0,20000.0
EX_cpd01415_e,0.0,0.0,0.0
EX_cpd01262_e,-10000.000000000002,0.0,10000.000000000002
EX_cpd00142_e,-10000.0,3436.594845859991,13436.59484585999
EX_cpd01622_e,-10000.000000000002,10000.0,20000.0
EX_cpd03724_e,0.0,0.0,0.0
EX_cpd03424_e,0.0,0.0,0.0
EX_cpd00186_e,-10000.0,9896.116969297223,19896.116969297225
EX_cpd00029_e,0.0,10000.0,10000.0
EX_cpd00156_e,0.0,9331.867882173574,9331.867882173574
EX_cpd00040_e,-10000.0,10000.000000000002,20000.0
EX_cpd00176_e,-10000.0,10000.0,20000.0
EX_cpd01132_e,0.0,0.0,0.0
EX_cpd00161_e,0.0,10000.0,10000.0
EX_cpd00075_e,-10000.0,10000.000000000027,20000.00000000003
EX_cpd00013_e,-10000.0,10000.0,20000.0
EX_cpd00065_e,0.0,4587.268209383486,4587.268209383486
EX_cpd00024_e,-10000.0,10000.0,20000.0
EX_cpd00232_e,-10000.0,10000.0,20000.0
EX_cpd00309_e,-10000.000000000005,10000.0,20000.000000000007
EX_cpd00039_e,0.0,4478.864948619872,4478.864948619872
EX_cpd05158_e,0.0,0.0,0.0
EX_cpd00307_e,-9442.562544350161,0.0,9442.562544350161
EX_cpd00244_e,0.0,0.0,0.0
EX_cpd00285_e,-10000.0,0.0,10000.0
EX_cpd11591_e,-10000.000000000002,0.0,10000.000000000002
EX_cpd00254_e,-107.67172527399808,-96.90455274659811,10.767172527399964
EX_cpd11582_e,0.0,0.0,0.0
EX_cpd00128_e,0.0,10000.0,10000.0
EX_cpd00457_e,-10000.000000000002,10000.000000000015,20000.000000000015
EX_cpd00157_e,-10000.0,10000.0,20000.0
EX_cpd00239_e,-191.4724347321064,10000.0,10191.472434732106
EX_cpd00210_e,0.0,0.0,0.0
EX_cpd00738_e,-9999.999999999998,10000.0,20000.0
EX_cpd00034_e,0.0,0.0,0.0
EX_cpd00288_e,-10000.0,10000.0,20000.0
EX_cpd00149_e,0.0,0.0,0.0
EX_cpd11580_e,-10000.000000000002,0.0,10000.000000000002
EX_cpd00216_e,-10000.0,3123.511646678684,13123.511646678684
EX_cpd00438_e,0.0,10000.0,10000.0
EX_cpd00107_e,0.0,4478.864948619993,4478.864948619993
EX_cpd11583_e,0.0,0.0,0.0
EX_cpd01991_e,0.0,0.0,0.0
EX_cpd11596_e,0.0,0.0,0.0
EX_cpd00146_e,-10000.0,10000.0,20000.0
EX_cpd00007_e,-10000.0,10000.0,20000.0
EX_cpd00417_e,-10000.0,10000.000000000022,20000.000000000022
EX_cpd00989_e,-6880.902314075221,10000.0,16880.90231407522
EX_cpd00011_e,-3436.5948458600487,10000.0,13436.594845860049
EX_cpd00212_e,-10000.0,10000.000000000036,20000.000000000036
EX_cpd01571_e,-10000.0,0.0,10000.0
EX_cpd00300_e,-10000.0,10000.0,20000.0
EX_cpd09878_e,-10000.000000000002,-7.751145714394826e-13,10000.000000000002
EX_cpd11585_e,0.0,0.0,0.0
EX_cpd01048_e,0.0,10000.0,10000.0
EX_cpd00205_e,-747.3604236877867,-672.6243813190075,74.73604236877918
EX_cpd00280_e,-9999.999999999998,1.2997894870798702e-12,10000.0
EX_cpd00208_e,0.0,0.0,0.0
EX_cpd08305_e,0.0,0.0,0.0
EX_cpd00080_e,-10000.0,10000.0,20000.0
EX_cpd00482_e,-9999.999999999978,10000.0,19999.999999999978
EX_cpd00540_e,-9999.999999999975,10000.000000000002,19999.999999999978
EX_cpd11598_e,0.0,0.0,0.0
EX_cpd08928_e,-10000.0,0.0,10000.0
EX_cpd00363_e,-10000.00000000004,9999.999999999998,20000.000000000036
EX_cpd01293_e,0.0,0.0,0.0
EX_cpd00139_e,-10000.0,10000.0,20000.0
EX_cpd00155_e,0.0,0.0,0.0
EX_cpd11593_e,0.0,0.0,0.0
EX_cpd00222_e,-10000.0,9999.999999999998,20000.0
EX_cpd00794_e,-10000.0,10000.0,20000.0
EX_cpd00130_e,-10000.0,10000.0,20000.0
EX_cpd00122_e,-10000.0,10000.0,20000.0
EX_cpd00224_e,-10000.0,9999.999999999998,20000.0
EX_cpd03535_e,0.0,10000.0,10000.0
EX_cpd07061_e,0.0,0.0,0.0
EX_cpd03701_e,-9999.999999999996,0.0,9999.999999999996
EX_cpd03727_e,0.0,0.0,0.0
EX_cpd00246_e,-10000.0,10000.000000000042,20000.000000000044
EX_cpd04097_e,0.0,0.0,0.0
EX_cpd01017_e,0.0,0.0,0.0
EX_cpd00681_e,0.0,0.0,0.0
EX_cpd11587_e,0.0,0.0,0.0
EX_cpd15585_e,-10000.00000000007,10000.0,20000.00000000007
EX_cpd11578_e,0.0,0.0,0.0
