gene_id,growth_std,essential_std,growth_natto,essential_natto,growth_ratio,gene_name,n_reactions,reactions
peg_DOT_1,0.0,True,0.0,True,0.0,peg.1,1,rxn05294
peg_DOT_103,0.0,True,0.0,True,0.0,peg.103,1,rxn05296
peg_DOT_104,0.0,True,0.0,True,0.0,peg.104,1,rxn05296
peg_DOT_105,0.0,True,0.0,True,0.0,peg.105,1,rxn05296
peg_DOT_107,0.0,True,0.0,True,0.0,peg.107,1,rxn05295
peg_DOT_108,0.0,True,2.606770083686672e-12,True,2.2936884971426838e-15,peg.108,1,rxn05295
peg_DOT_110,0.0,True,0.0,True,0.0,peg.110,1,rxn05296
peg_DOT_111,0.0,True,0.0,True,0.0,peg.111,1,rxn05296
peg_DOT_1135,0.0,True,-6.004671699904303e-12,True,-5.283491050238771e-15,peg.1135,27,rxn05344;rxn05409;rxn05348;rxn05350;rxn05392;rxn05421;rxn05429;rxn05404
peg_DOT_1143,0.0,True,0.0,True,0.0,peg.1143,1,rxn05296
peg_DOT_115,0.0,True,0.0,True,0.0,peg.115,1,rxn05296
peg_DOT_116,0.0,True,0.0,True,0.0,peg.116,1,rxn05296
peg_DOT_1162,6.506863459448229e-09,True,4.374014598646843e-09,True,3.848681183674477e-12,peg.1162,6,rxn00077;rxn10058;rxn10060;rxn10059;rxn10056;rxn10057
peg_DOT_117,0.0,True,0.0,True,0.0,peg.117,1,rxn05296
peg_DOT_118,0.0,True,0.0,True,0.0,peg.118,1,rxn05296
peg_DOT_119,0.0,True,0.0,True,0.0,peg.119,1,rxn05296
peg_DOT_120,0.0,True,0.0,True,0.0,peg.120,1,rxn05296
peg_DOT_121,0.0,True,0.0,True,0.0,peg.121,1,rxn05296
peg_DOT_122,0.0,True,0.0,True,0.0,peg.122,1,rxn05296
peg_DOT_123,0.0,True,-4.140054472952567e-12,True,-3.642820431913786e-15,peg.123,1,rxn05296
peg_DOT_124,0.0,True,0.0,True,0.0,peg.124,1,rxn05296
peg_DOT_125,0.0,True,0.0,True,0.0,peg.125,1,rxn05296
peg_DOT_126,0.0,True,1.0632720055733837e-12,True,9.355695708569601e-16,peg.126,1,rxn05296
peg_DOT_127,0.0,True,0.0,True,0.0,peg.127,1,rxn05296
peg_DOT_128,0.0,True,0.0,True,0.0,peg.128,1,rxn05296
peg_DOT_129,0.0,True,0.0,True,0.0,peg.129,1,rxn05296
peg_DOT_13,0.0,True,0.0,True,0.0,peg.13,1,rxn05296
peg_DOT_130,0.0,True,0.0,True,0.0,peg.130,1,rxn05296
peg_DOT_131,0.0,True,0.0,True,0.0,peg.131,1,rxn05296
peg_DOT_132,-8.805887668204152e-27,True,0.0,True,0.0,peg.132,1,rxn05296
peg_DOT_133,0.0,True,0.0,True,0.0,peg.133,1,rxn05296
peg_DOT_1337,0.0,True,0.0,True,0.0,peg.1337,9,rxn10281;rxn10283;rxn10280;rxn10286;rxn10287;rxn10284;rxn10282;rxn10285
peg_DOT_134,0.0,True,0.0,True,0.0,peg.134,1,rxn05296
peg_DOT_135,7.687957738310326e-12,True,0.0,True,0.0,peg.135,1,rxn05296
peg_DOT_140,0.0,True,0.0,True,0.0,peg.140,1,rxn05296
peg_DOT_141,1.63752425242342e-13,True,0.0,True,0.0,peg.141,1,rxn05296
peg_DOT_142,-9.080498681020942e-13,True,0.0,True,0.0,peg.142,1,rxn05296
peg_DOT_1420,0.0,True,7.923340744520102e-11,True,6.971721686687939e-14,peg.1420,1,rxn03030
peg_DOT_1421,0.0,True,0.0,True,0.0,peg.1421,1,rxn01972
peg_DOT_143,0.0,True,0.0,True,0.0,peg.143,1,rxn05295
peg_DOT_144,0.0,True,0.0,True,0.0,peg.144,1,rxn05296
peg_DOT_149,0.0,True,0.0,True,0.0,peg.149,1,rxn05296
peg_DOT_150,0.0,True,0.0,True,0.0,peg.150,1,rxn05296
peg_DOT_1504,1.86204351406646e-08,True,3.378293534276423e-08,True,2.972549465729068e-11,peg.1504,1,rxn02175
peg_DOT_1510,0.0,True,0.0,True,0.0,peg.1510,1,rxn05296
peg_DOT_1520,0.0,True,1.4418831341244294e-11,True,1.2687082683901044e-14,peg.1520,1,rxn02011
peg_DOT_1521,0.0,True,0.0,True,0.0,peg.1521,1,rxn03904
peg_DOT_1522,0.0,True,0.0,True,0.0,peg.1522,1,rxn02008
peg_DOT_1524,0.0,True,0.0,True,0.0,peg.1524,1,rxn03408
peg_DOT_1525,-2.6112351777294387e-30,True,0.0,True,0.0,peg.1525,1,rxn02285
peg_DOT_1545,0.0,True,0.0,True,0.0,peg.1545,1,rxn05296
peg_DOT_1570,8.447346846553846e-11,True,-5.941412447020213e-27,True,-5.227829439885751e-30,peg.1570,3,rxn00239;rxn01509;rxn09562
peg_DOT_1572,-6.1462943867723774e-09,True,1.812249672080761e-08,True,1.5945925775408248e-11,peg.1572,2,rxn02341;rxn09177
peg_DOT_1573,0.0,True,0.0,True,0.0,peg.1573,1,rxn05294
peg_DOT_1575,0.0,True,0.0,True,0.0,peg.1575,1,rxn05296
peg_DOT_1584,-2.3152691417684427e-14,True,-9.124725173156692e-14,True,-8.028815928276336e-17,peg.1584,1,rxn05296
peg_DOT_1591,0.0,True,1.1296868047129154e-12,True,9.940077360713403e-16,peg.1591,9,rxn10209;rxn10204;rxn10208;rxn10203;rxn10202;rxn10210;rxn10207;rxn10206
peg_DOT_1592,0.0,True,0.0,True,0.0,peg.1592,13,rxn05452;rxn05451;rxn05459;rxn05358;rxn05458;rxn05453;rxn05457;rxn05454
peg_DOT_1593,0.0,True,0.0,True,0.0,peg.1593,26,rxn05461;rxn05338;rxn05418;rxn05430;rxn05364;rxn05401;rxn05405;rxn05376
peg_DOT_1594,0.0,True,0.0,True,0.0,peg.1594,1,rxn06023
peg_DOT_1595,0.0,True,0.0,True,0.0,peg.1595,1,rxn05295
peg_DOT_1596,0.0,True,0.0,True,0.0,peg.1596,1,rxn05294
peg_DOT_1601,0.0,True,0.0,True,0.0,peg.1601,1,rxn05296
peg_DOT_1605,0.0,True,0.0,True,0.0,peg.1605,1,rxn05295
peg_DOT_1606,0.0,True,0.0,True,0.0,peg.1606,1,rxn05296
peg_DOT_1614,0.0,True,0.0,True,0.0,peg.1614,1,rxn05294
peg_DOT_1652,0.0,True,0.0,True,0.0,peg.1652,1,rxn05296
peg_DOT_1657,0.0,True,0.0,True,0.0,peg.1657,9,rxn08309;rxn10220;rxn08311;rxn10224;rxn10221;rxn10222;rxn08307;rxn10223
peg_DOT_1658,0.0,True,0.0,True,0.0,peg.1658,1,rxn03958
peg_DOT_1660,0.0,True,-3.0023358499521507e-12,True,-2.641745525119385e-15,peg.1660,1,rxn05296
peg_DOT_1661,0.0,True,0.0,True,0.0,peg.1661,1,rxn05294
peg_DOT_1663,0.0,True,0.0,True,0.0,peg.1663,1,rxn05295
peg_DOT_1671,0.0,True,0.0,True,0.0,peg.1671,1,rxn05296
peg_DOT_1678,0.0,True,0.0,True,0.0,peg.1678,1,rxn01643
peg_DOT_1680,0.0,True,0.0,True,0.0,peg.1680,1,rxn01644
peg_DOT_1695,0.0,True,0.0,True,0.0,peg.1695,9,rxn10263;rxn10264;rxn09109;rxn10261;rxn10259;rxn10262;rxn09113;rxn10260
peg_DOT_1741,0.0,True,-2.2368865979305831e-10,True,-1.968229224047943e-13,peg.1741,4,rxn06076;rxn06075;rxn05231;rxn05233
peg_DOT_1742,0.0,True,-2.140393333381778e-10,True,-1.8833251151921565e-13,peg.1742,4,rxn06076;rxn06075;rxn05231;rxn05233
peg_DOT_1743,0.0,True,-2.7154923301339254e-10,True,-2.389352847297759e-13,peg.1743,4,rxn06076;rxn06075;rxn05231;rxn05233
peg_DOT_1810,-5.994751753531608e-25,True,1.2343393016461297e-24,True,1.0860911268986174e-27,peg.1810,9,rxn10209;rxn10204;rxn10208;rxn10203;rxn10202;rxn10210;rxn10207;rxn10206
peg_DOT_1812,0.0,True,0.0,True,0.0,peg.1812,1,rxn05294
peg_DOT_1813,-1.4642751059054002e-12,True,0.0,True,0.0,peg.1813,1,rxn05294
peg_DOT_19,0.0,True,0.0,True,0.0,peg.19,1,rxn05294
peg_DOT_2,0.0,True,0.0,True,0.0,peg.2,1,rxn05294
peg_DOT_2187,6.098211823870676e-09,True,6.098211823871178e-09,True,5.365796700325367e-12,peg.2187,2,rxn01602;rxn00686
peg_DOT_2198,0.0,True,0.0,True,0.0,peg.2198,9,rxn10276;rxn10274;rxn10272;rxn10275;rxn10271;rxn10277;rxn10273;rxn10279
peg_DOT_2239,2.8762584223976648e-12,True,0.0,True,0.0,peg.2239,1,rxn05294
peg_DOT_2240,0.0,True,0.0,True,0.0,peg.2240,1,rxn05296
peg_DOT_2248,0.0,True,0.0,True,0.0,peg.2248,1,rxn06672
peg_DOT_2249,0.0,True,0.0,True,0.0,peg.2249,1,rxn05295
peg_DOT_2253,0.0,True,0.0,True,0.0,peg.2253,1,rxn02929
peg_DOT_2278,0.0,True,0.0,True,0.0,peg.2278,4,rxn03892;rxn03891;rxn01486;rxn05287
peg_DOT_2279,0.0,True,-2.618799374132652e-24,True,-2.304273030584049e-27,peg.2279,1,rxn05266
peg_DOT_228,0.0,True,-8.406540379866023e-12,True,-7.396887470334279e-15,peg.228,9,rxn10226;rxn10227;rxn10229;rxn09206;rxn10228;rxn10231;rxn09210;rxn10230
peg_DOT_2280,0.0,True,0.0,True,0.0,peg.2280,4,rxn03892;rxn03891;rxn01486;rxn05287
peg_DOT_2283,0.0,True,0.0,True,0.0,peg.2283,1,rxn05294
peg_DOT_2293,4.087498358220198e-12,True,-5.037786434258009e-27,True,-4.432731857570278e-30,peg.2293,2,rxn00364;rxn01219
peg_DOT_230,0.0,True,-7.304438046564731e-12,True,-6.427151220717594e-15,peg.230,9,rxn10236;rxn09200;rxn10234;rxn09202;rxn10237;rxn10233;rxn09198;rxn10232
peg_DOT_2325,0.0,True,0.0,True,0.0,peg.2325,1,rxn05294
peg_DOT_2326,0.0,True,0.0,True,0.0,peg.2326,1,rxn05294
peg_DOT_2431,0.0,True,0.0,True,0.0,peg.2431,1,rxn03909
peg_DOT_2432,0.0,True,0.0,True,0.0,peg.2432,2,rxn01466;rxn01213
peg_DOT_2435,-2.3251254996409575e-11,True,-1.4613033542695143e-10,True,-1.2857960567752475e-13,peg.2435,3,rxn00690;rxn01211;rxn00907
peg_DOT_2438,0.0,True,0.0,True,0.0,peg.2438,1,rxn06672
peg_DOT_2439,0.0,True,0.0,True,0.0,peg.2439,1,rxn06672
peg_DOT_2494,0.0,True,0.0,True,0.0,peg.2494,1,rxn05296
peg_DOT_2511,0.0,True,0.0,True,0.0,peg.2511,1,rxn06991
peg_DOT_2520,0.0,True,5.347962275587892e-11,True,4.705654569013909e-14,peg.2520,2,rxn04113;rxn04996
peg_DOT_2524,5.956827139571808e-12,True,0.0,True,0.0,peg.2524,1,rxn05295
peg_DOT_2525,0.0,True,0.0,True,0.0,peg.2525,1,rxn05294
peg_DOT_2529,0.0,True,0.0,True,0.0,peg.2529,1,rxn05296
peg_DOT_2530,0.0,True,3.997377613220064e-12,True,3.517279528239591e-15,peg.2530,1,rxn05296
peg_DOT_2534,2.463886890560828e-43,True,0.0,True,0.0,peg.2534,18,rxn08299;rxn10254;rxn08295;rxn09065;rxn10240;rxn10243;rxn10255;rxn10257
peg_DOT_2544,0.0,True,-5.2973712442606315e-12,True,-4.6611396855034265e-15,peg.2544,1,rxn05296
peg_DOT_2558,0.0,True,0.0,True,0.0,peg.2558,1,rxn05296
peg_DOT_2559,0.0,True,0.0,True,0.0,peg.2559,1,rxn05294
peg_DOT_2567,2.395037407285265e-10,True,4.2391792025891747e-10,True,3.7300399583203174e-13,peg.2567,2,rxn00105;rxn02155
peg_DOT_2743,0.0,True,0.0,True,0.0,peg.2743,1,rxn05296
peg_DOT_2752,-3.5409286400533406e-42,True,1.1702464855972767e-13,True,1.0296960670347931e-16,peg.2752,1,rxn05295
peg_DOT_2758,0.0,True,0.0,True,0.0,peg.2758,1,rxn05296
peg_DOT_2759,0.0,True,1.374712451464964e-12,True,1.2096050037311272e-15,peg.2759,1,rxn05296
peg_DOT_2797,0.0,True,0.0,True,0.0,peg.2797,1,rxn05296
peg_DOT_2799,0.0,True,0.0,True,0.0,peg.2799,1,rxn05296
peg_DOT_28,0.0,True,1.899603489013905e-09,True,1.6714549162391784e-12,peg.28,2,rxn01517;rxn01513
peg_DOT_2812,0.0,True,6.743095801761314e-13,True,5.93322800979716e-16,peg.2812,1,rxn05296
peg_DOT_2866,0.0,True,0.0,True,0.0,peg.2866,1,rxn05296
peg_DOT_2867,0.0,True,0.0,True,0.0,peg.2867,1,rxn05296
peg_DOT_2888,0.0,True,0.0,True,0.0,peg.2888,1,rxn05296
peg_DOT_2889,0.0,True,0.0,True,0.0,peg.2889,1,rxn05296
peg_DOT_2901,0.0,True,0.0,True,0.0,peg.2901,1,rxn05294
peg_DOT_2902,-2.751811602874983e-11,True,0.0,True,0.0,peg.2902,1,rxn05294
peg_DOT_2909,6.34540299827242e-09,True,2.0417360221107243e-08,True,1.7965168686814373e-11,peg.2909,1,rxn00100
peg_DOT_2923,0.0,True,0.0,True,0.0,peg.2923,1,rxn06673
peg_DOT_2924,-1.661138010821847e-27,True,-1.9933656129862152e-27,True,-1.7539559034067158e-30,peg.2924,1,rxn06673
peg_DOT_2926,0.0,True,0.0,True,0.0,peg.2926,1,rxn05294
peg_DOT_2969,0.0,True,0.0,True,0.0,peg.2969,1,rxn05296
peg_DOT_2970,0.0,True,0.0,True,0.0,peg.2970,1,rxn05296
peg_DOT_2982,0.0,True,0.0,True,0.0,peg.2982,1,rxn02286
peg_DOT_3035,0.0,True,0.0,True,0.0,peg.3035,1,rxn05296
peg_DOT_3058,0.0,True,-2.6187993741326517e-24,True,-2.304273030584049e-27,peg.3058,1,rxn00126
peg_DOT_3081,0.0,True,-2.6187993741326517e-24,True,-2.304273030584049e-27,peg.3081,1,rxn02832
peg_DOT_3082,0.0,True,-5.237598748263287e-24,True,-4.608546061166323e-27,peg.3082,1,rxn02831
peg_DOT_3083,-2.6187993741326517e-24,True,0.0,True,0.0,peg.3083,1,rxn05024
peg_DOT_3085,2.6187993741326517e-24,True,0.0,True,0.0,peg.3085,2,rxn00203;rxn04675
peg_DOT_31,0.0,True,0.0,True,0.0,peg.31,1,rxn05294
peg_DOT_3118,0.0,True,0.0,True,0.0,peg.3118,1,rxn03901
peg_DOT_314,0.0,True,-8.88061215284963e-11,True,-7.814021677649831e-14,peg.314,1,rxn00138
peg_DOT_3217,2.1227603530381657e-10,True,-2.0974231136384834e-11,True,-1.8455157589464007e-14,peg.3217,1,rxn05289
peg_DOT_3223,0.0,True,0.0,True,0.0,peg.3223,1,rxn01974
peg_DOT_3485,0.0,True,0.0,True,0.0,peg.3485,1,rxn05289
peg_DOT_3558,0.0,True,0.0,True,0.0,peg.3558,9,rxn10320;rxn10321;rxn10317;rxn10322;rxn10323;rxn10324;rxn10316;rxn10318
peg_DOT_3559,0.0,True,0.0,True,0.0,peg.3559,10,rxn10309;rxn10313;rxn10314;rxn10312;rxn10311;rxn10310;rxn10315;rxn10308
peg_DOT_3572,0.0,True,5.324231342931216e-12,True,4.6847737987450926e-15,peg.3572,2,rxn00297;rxn00292
peg_DOT_3577,0.0,True,0.0,True,0.0,peg.3577,3,rxn10196;rxn10194;rxn10195
peg_DOT_3578,0.0,True,-1.1117198377147197e-12,True,-9.781986603917466e-16,peg.3578,3,rxn10196;rxn10194;rxn10195
peg_DOT_3579,0.0,True,-7.754447518552908e-12,True,-6.823113087843501e-15,peg.3579,10,rxn10292;rxn10293;rxn10291;rxn10192;rxn10289;rxn10296;rxn10297;rxn10294
peg_DOT_3580,0.0,True,0.0,True,0.0,peg.3580,10,rxn10193;rxn10305;rxn10306;rxn10300;rxn10304;rxn10299;rxn10303;rxn10302
peg_DOT_3581,0.0,True,0.0,True,0.0,peg.3581,1,rxn00621
peg_DOT_3582,0.0,True,0.0,True,0.0,peg.3582,1,rxn03852
peg_DOT_3583,0.0,True,-8.755179107750773e-13,True,-7.7036535502475345e-16,peg.3583,1,rxn10192
peg_DOT_3644,0.0,True,0.0,True,0.0,peg.3644,26,rxn05394;rxn05406;rxn05427;rxn05331;rxn05415;rxn05329;rxn05361;rxn05369
peg_DOT_3683,-1.1266178965318327e-12,True,0.0,True,0.0,peg.3683,1,rxn00461
peg_DOT_3714,0.0,True,0.0,True,0.0,peg.3714,1,rxn05296
peg_DOT_3740,-4.6532380535729526e-14,True,-3.303677832353834e-12,True,-2.9068953528952943e-15,peg.3740,1,rxn05296
peg_DOT_38,0.0,True,0.0,True,0.0,peg.38,1,rxn05296
peg_DOT_3854,0.0,True,-2.6187993741326517e-24,True,-2.304273030584049e-27,peg.3854,1,rxn05267
peg_DOT_3855,0.0,True,0.0,True,0.0,peg.3855,1,rxn10191
peg_DOT_3856,0.0,True,0.0,True,0.0,peg.3856,1,rxn10191
peg_DOT_3857,0.0,True,0.0,True,0.0,peg.3857,1,rxn10191
peg_DOT_3858,0.0,True,0.0,True,0.0,peg.3858,1,rxn10191
peg_DOT_4046,8.249310899300451e-12,True,0.0,True,0.0,peg.4046,1,rxn05295
peg_DOT_4047,0.0,True,0.0,True,0.0,peg.4047,1,rxn05295
peg_DOT_4050,0.0,True,0.0,True,0.0,peg.4050,1,rxn05294
peg_DOT_4056,0.0,True,0.0,True,0.0,peg.4056,1,rxn05296
peg_DOT_4095,0.0,True,0.0,True,0.0,peg.4095,1,rxn05296
peg_DOT_4096,0.0,True,0.0,True,0.0,peg.4096,1,rxn05294
peg_DOT_4097,0.0,True,0.0,True,0.0,peg.4097,1,rxn05296
peg_DOT_4111,0.0,True,0.0,True,0.0,peg.4111,1,rxn05295
peg_DOT_4112,0.0,True,0.0,True,0.0,peg.4112,1,rxn05296
peg_DOT_457,3.0745171967494263e-28,True,0.0,True,0.0,peg.457,1,rxn03164
peg_DOT_46,0.0,True,-2.618799374132651e-24,True,-2.3042730305840484e-27,peg.46,1,rxn03908
peg_DOT_462,0.0,True,0.0,True,0.0,peg.462,1,rxn06023
peg_DOT_51,4.929523956472971e-10,True,2.6559764871893377e-10,True,2.3369850511449473e-13,peg.51,1,rxn00770
peg_DOT_591,0.0,True,0.0,True,0.0,peg.591,1,rxn10198
peg_DOT_6,0.0,True,0.0,True,0.0,peg.6,1,rxn05294
peg_DOT_606,0.0,True,0.0,True,0.0,peg.606,1,rxn05294
peg_DOT_662,0.0,True,0.0,True,0.0,peg.662,1,rxn05294
peg_DOT_663,0.0,True,0.0,True,0.0,peg.663,1,rxn05294
peg_DOT_668,0.0,True,0.0,True,0.0,peg.668,1,rxn05296
peg_DOT_669,0.0,True,0.0,True,0.0,peg.669,1,rxn05296
peg_DOT_67,0.0,True,-2.213080400033339e-43,True,-1.9472822281393564e-46,peg.67,1,rxn05296
peg_DOT_670,0.0,True,0.0,True,0.0,peg.670,1,rxn05296
peg_DOT_7,-1.2343393016474262e-24,True,4.696541672809648e-25,True,4.132471704616035e-28,peg.7,1,rxn05294
peg_DOT_82,0.0,True,0.0,True,0.0,peg.82,1,rxn05296
peg_DOT_893,0.0,True,5.433406997127364e-12,True,4.780837100900064e-15,peg.893,1,rxn05295
peg_DOT_90,0.0,True,0.0,True,0.0,peg.90,1,rxn03907
peg_DOT_91,0.0,True,-2.6187993741326517e-24,True,-2.304273030584049e-27,peg.91,1,rxn03910
peg_DOT_92,0.0,True,0.0,True,0.0,peg.92,1,rxn05296
peg_DOT_94,0.0,True,0.0,True,0.0,peg.94,1,rxn05296
peg_DOT_951,0.0,True,0.0,True,0.0,peg.951,1,rxn05295
peg_DOT_954,0.0,True,0.0,True,0.0,peg.954,9,rxn10219;rxn10218;rxn10216;rxn10217;rxn10212;rxn10215;rxn10213;rxn10211
peg_DOT_99,0.0,True,0.0,True,0.0,peg.99,1,rxn05296
