node_id,name,degree,betweenness,compartment,is_anchor,direction
cpd00067_c,H+_H,754,11967.85246842,Cytosol,False,
cpd00001_c,H2O_H2O,434,4416.82036359,Cytosol,False,
cpd00002_c,ATP_C10H13N5O13P3,248,1919.33690537,Cytosol,False,
cpd00009_c,Orthophosphate_HO4P,221,536.96581007,Cytosol,False,
cpd00008_c,ADP_C10H13N5O10P2,192,850.69723966,Cytosol,False,
cpd00067_e,H+_H,153,315.0804407,Extracellular,False,
cpd00003_c,NAD+_C21H26N7O14P2,130,199.40978019,Cytosol,False,
cpd00004_c,NADH_C21H27N7O14P2,122,158.84027228,Cytosol,False,
cpd00006_c,NADP+_C21H26N7O17P3,108,138.14937568,Cytosol,False,
cpd00005_c,NADPH_C21H27N7O17P3,102,108.09445331,Cytosol,False,
cpd00012_c,Pyrophosphate_H2O7P2,102,456.74020662,Cytosol,False,
cpd00011_c,CO2_CO2,97,66.50630149,Cytosol,False,
cpd00010_c,CoA_C21H33N7O16P3S,87,369.50264219,Cytosol,False,
cpd00014_c,UDP_C9H12N2O12P2,56,252.07000186,Cytosol,False,
cpd00013_c,NH3_H4N,54,21.36980951,Cytosol,False,
cpd00018_c,AMP_C10H13N5O7P,54,83.53209663,Cytosol,False,
cpd00023_c,L-Glutamate_C5H8NO4,50,27.32109451,Cytosol,False,
cpd00020_c,Pyruvate_C3H3O3,46,127.46445322,Cytosol,False,
cpd00026_c,UDP-glucose_C15H22N2O17P2,43,191.89705506,Cytosol,False,
cpd00046_c,CMP_C9H13N3O8P,42,78.74950035,Cytosol,False,
cpd11493_c,Acyl-carrier_protein_C11H21N2O7PRS,41,2.25732633,Cytosol,False,
cpd00007_c,Oxygen_O2,40,19.45555932,Cytosol,False,
cpd00022_c,Acetyl-CoA_C23H35N7O17P3S,29,5.57029049,Cytosol,False,
cpd00080_c,sn-Glycerol_3-phosphate_C3H8O6P,28,36.32509355,Cytosol,False,
cpd11492_c,Malonyl-[acyl-carrier_protein]_C14H22N2O,27,0.57801545,Cytosol,False,
cpd00024_c,2-Oxoglutarate_C5H4O5,25,0.0,Cytosol,False,
cpd00091_c,UMP_C9H12N2O9P,23,6.03525829,Cytosol,False,
cpd00061_c,Phosphoenolpyruvate_C3H3O6P,23,74.65329177,Cytosol,False,
cpd00054_c,L-Serine_C3H7NO3,20,4.20908306,Cytosol,False,
cpd00027_c,D-Glucose_C6H12O6,19,0.81062977,Cytosol,False,
cpd00053_c,L-Glutamine_C5H10N2O3,18,3.4035034,Cytosol,False,
cpd00052_c,CTP_C9H13N3O14P3,18,17.80262561,Cytosol,False,
cpd00037_c,UDP-N-acetyl-D-glucosamine_C17H25N3O17P2,17,39.14648273,Cytosol,False,
cpd00033_c,Glycine_C2H5NO2,16,1.79436196,Cytosol,False,
cpd00047_c,Formate_CHO2,15,0.00550964,Cytosol,False,
cpd00117_c,D-Alanine_C3H7NO2,15,12.86564783,Cytosol,False,
cpd00041_c,L-Aspartate_C4H6NO4,15,0.66863242,Cytosol,False,
cpd00039_c,L-Lysine_C6H15N2O2,15,2.63368331,Cytosol,False,
cpd00100_c,Glycerol_C3H8O3,14,99.7862366,Cytosol,False,
cpd00056_c,Thiamin_diphosphate_C12H17N4O7P2S,14,0.03948202,Cytosol,False,
cpd00079_c,D-Glucose_6-phosphate_C6H12O9P,14,0.58862291,Cytosol,False,
cpd00095_c,Glycerone_phosphate_C3H6O6P,14,0.0,Cytosol,False,
cpd00367_c,Cytidine_C9H13N3O5,13,0.52229402,Cytosol,False,
cpd00102_c,D-Glyceraldehyde_3-phosphate_C3H6O6P,13,0.03882817,Cytosol,False,
cpd00029_c,Acetate_C2H3O2,13,0.73957016,Cytosol,False,
cpd00072_c,D-Fructose_6-phosphate_C6H12O9P,13,0.0,Cytosol,False,
cpd00249_c,Uridine_C9H12N2O6,13,0.52229402,Cytosol,False,
cpd00081_c,Sulfite_HO3S,12,1.53303726,Cytosol,False,
cpd00103_c,5-Phospho-alpha-D-ribose_1-diphosphate_C,12,0.04217483,Cytosol,False,
cpd00060_c,L-Methionine_C5H11NO2S,12,3.91626068,Cytosol,False,
cpd00035_c,L-Alanine_C3H7NO2,11,6.05874479,Cytosol,False,
cpd00025_c,H2O2_H2O2,11,0.16485409,Cytosol,False,
cpd00402_c,CDP-glycerol_C12H19N3O13P2,11,0.9444975,Cytosol,False,
cpd00087_c,Tetrahydrofolate_C19H21N7O6,11,1.07914251,Cytosol,False,
cpd00040_c,Glyoxylate_C2HO3,10,0.11861475,Cytosol,False,
cpd00050_c,FMN_C17H20N4O9P,10,0.38022975,Cytosol,False,
cpd11421_c,trdrd_C6H9NO2R2S2,10,0.0295727,Cytosol,False,
cpd00475_c,alpha-D-Ribose_1-phosphate_C5H10O8P,10,0.21512668,Cytosol,False,
cpd11420_c,trdox_C6H7NO2R2S2,10,0.0295727,Cytosol,False,
cpd00036_c,Succinate_C4H4O4,9,0.27983933,Cytosol,False,
cpd00113_c,Isopentenyl_diphosphate_C5H10O7P2,9,0.0,Cytosol,True,natto_up
cpd00084_c,L-Cysteine_C3H7NO2S,9,109.36362581,Cytosol,False,
cpd00971_c,Sodium_Na,9,0.0,Cytosol,False,
cpd00971_e,Sodium_Na,9,0.0,Extracellular,False,
cpd00038_c,GTP_C10H13N5O14P3,9,0.0,Cytosol,False,
cpd00062_c,UTP_C9H12N2O15P3,9,0.87463821,Cytosol,False,
cpd01270_c,flavin_mononucleotide reduced_C17H22N4O9,8,0.30555556,Cytosol,False,
cpd00017_c,S-Adenosyl-L-methionine_C15H23N6O5S,8,0.81249399,Cytosol,False,
cpd00071_c,Acetaldehyde_C2H4O,8,0.56930063,Cytosol,False,
cpd00126_c,GMP_C10H13N5O8P,8,0.01432994,Cytosol,False,
cpd00106_c,Fumarate_C4H2O4,8,0.04926136,Cytosol,False,
cpd00108_c,D-Galactose_C6H12O6,8,3.59497344,Cytosol,False,
cpd00015_c,FAD_C27H31N9O15P2,8,0.08122113,Cytosol,False,
cpd00089_c,D-Glucose_1-phosphate_C6H12O9P,8,2.31149163,Cytosol,False,
cpd00031_c,GDP_C10H13N5O11P2,8,0.00079051,Cytosol,False,
cpd00125_c,"5,10-Methylenetetrahydrofolate_C20H21N7O",7,0.0,Cytosol,False,
cpd00242_c,HCO3-_CHO3,7,0.14855259,Cytosol,False,
cpd00279_c,Acetoacetyl-CoA_C25H37N7O18P3S,7,0.1304118,Cytosol,False,
cpd00216_c,Chorismate_C10H8O6,7,0.0,Cytosol,False,
cpd00177_c,dADP_C10H13N5O9P2,7,0.0,Cytosol,False,
cpd00299_c,dUMP_C9H12N2O8P,7,0.05370387,Cytosol,False,
cpd00137_c,Citrate_C6H5O7,7,0.0,Cytosol,False,
cpd00051_c,L-Arginine_C6H15N4O2,7,0.02444318,Cytosol,False,
cpd00032_c,Oxaloacetate_C4H2O5,7,0.00749064,Cytosol,False,
cpd00135_c,L-Homocysteine_C4H9NO2S,7,0.00534759,Cytosol,False,
cpd00139_c,Glycolate_C2H3O3,7,0.64546931,Cytosol,False,
cpd11451_c,mql7_C46H66O2,7,0.01404135,Cytosol,False,
cpd00223_c,D-Glycerate_C3H5O4,7,0.09792805,Cytosol,False,
cpd00982_c,FADH2_C27H33N9O15P2,7,0.01044727,Cytosol,False,
cpd00128_c,Adenine_C5H5N5,7,0.29177169,Cytosol,False,
cpd00101_c,D-Ribose_5-phosphate_C5H10O8P,6,0.0,Cytosol,False,
cpd00009_e,Orthophosphate_HO4P,6,0.0,Extracellular,False,
cpd00309_c,Xanthine_C5H4N4O2,6,0.03144982,Cytosol,False,
cpd00130_c,(S)-Malate_C4H4O5,6,0.0,Cytosol,False,
cpd00241_c,dGTP_C10H13N5O13P3,6,1.15232556,Cytosol,False,
cpd00171_c,D-Ribulose_5-phosphate_C5H10O8P,6,0.84152775,Cytosol,False,
cpd00226_c,Hypoxanthine_C5H4N4O,6,0.47741502,Cytosol,False,
cpd00509_c,2-Deoxy-D-ribose_1-phosphate_C5H10O7P,6,0.29816017,Cytosol,False,
cpd00161_c,L-Threonine_C4H9NO3,6,0.18468713,Cytosol,False,
cpd00123_c,3-Methyl-2-oxobutanoic_acid_C5H7O3,6,0.00851064,Cytosol,False,
cpd00298_c,dTMP_C10H14N2O8P,6,0.0,Cytosol,False,
cpd00064_c,L-Ornithine_C5H13N2O2,6,0.0,Cytosol,False,
cpd00286_c,Undecaprenyl_phosphate_C55H90O4P,6,2.14000644,Cytosol,False,
cpd01695_c,Tetradecanoyl-CoA_C35H59N7O17P3S,6,0.22712083,Cytosol,False,
cpd00114_c,IMP_C10H12N4O8P,6,0.00229358,Cytosol,False,
cpd00115_c,dATP_C10H13N5O12P3,6,0.0,Cytosol,False,
cpd00120_c,Butanoyl-CoA_C25H39N7O17P3S,6,1.88265658,Cytosol,False,
cpd00357_c,dTTP_C10H14N2O14P3,6,0.0,Cytosol,False,
cpd00213_c,Lipoamide_C8H15NOS2,6,0.0,Cytosol,False,
cpd00201_c,10-Formyltetrahydrofolate_C20H21N7O7,6,0.82083651,Cytosol,False,
cpd00533_c,dCDP_C9H13N3O10P2,6,0.06770833,Cytosol,False,
cpd00288_c,D-Glucosamine_6-phosphate_C6H14NO8P,6,0.0,Cytosol,False,
cpd00449_c,Dihydrolipoamide_C8H17NOS2,6,0.0,Cytosol,False,
cpd00295_c,dGDP_C10H13N5O10P2,6,0.10675676,Cytosol,False,
cpd11606_c,Menaquinone_7_C46H64O2,6,0.01334979,Cytosol,False,
cpd00082_c,D-Fructose_C6H12O6,6,0.37470689,Cytosol,False,
cpd00086_c,Propanoyl-CoA_C24H37N7O17P3S,6,0.0,Cytosol,False,
cpd00142_c,Acetoacetate_C4H5O3,6,0.6820647,Cytosol,False,
cpd00169_c,3-Phospho-D-glycerate_C3H5O7P,6,0.0,Cytosol,False,
cpd00094_c,2-Oxobutanoate_C4H5O3,5,0.0,Cytosol,False,
cpd00978_c,dUDP_C9H12N2O11P2,5,0.10794204,Cytosol,False,
cpd00356_c,dCTP_C9H13N3O13P3,5,0.0,Cytosol,False,
cpd15727_c,Diisohexadecanoylphosphatidylglycerol_C3,5,25.24918156,Cytosol,False,
cpd15746_c,"Palmitoyllipoteichoic_acid (n=24), linke",5,11.50936467,Cytosol,False,
cpd15666_c,Peptidoglycan_polymer (n-1 subunits)_C40,5,0.33333333,Cytosol,False,
cpd15725_c,Diisopentadecanoylphosphatidylglycerol_C,5,29.52735138,Cytosol,False,
cpd15754_c,"Isohexadecanoyllipoteichoic_acid (n=24),",5,11.50291074,Cytosol,False,
cpd00274_c,L-Citrulline_C6H13N3O3,5,0.0,Cytosol,False,
cpd15753_c,Anteisopentadecanoyllipoteichoic_acid (n,5,75.54331542,Cytosol,False,
cpd15723_c,Dianteisoheptadecanoylphosphatidylglycer,5,25.24918156,Cytosol,False,
cpd00176_c,2-Dehydro-3-deoxy-D-gluconate_C6H9O6,5,0.14814397,Cytosol,False,
cpd00297_c,dTDP_C10H14N2O11P2,5,0.0,Cytosol,False,
cpd00019_c,S-Adenosyl-L-homocysteine_C14H20N6O5S,5,0.0,Cytosol,False,
cpd00028_c,Heme_C34H30FeN4O4,5,90.1569455,Cytosol,False,
cpd15747_c,"Myristoyllipoteichoic_acid (n=24), linke",5,75.54331542,Cytosol,False,
cpd15750_c,Anteisoheptadecanoyllipoteichoic_acid (n,5,11.50291074,Cytosol,False,
cpd00497_c,Xanthosine_5'-phosphate_C10H12N4O9P,5,0.00114679,Cytosol,False,
cpd15726_c,Dianteisopentadecanoylphosphatidylglycer,5,29.55119131,Cytosol,False,
cpd15724_c,Diisotetradecanoylphosphatidylglycerol_C,5,124.50275181,Cytosol,False,
cpd15749_c,Isoheptadecanoyllipoteichoic_acid (n=24),5,11.50291074,Cytosol,False,
cpd15751_c,Isotetradecanoyllipoteichoic_acid (n=24),5,18.52187592,Cytosol,False,
cpd00207_c,Guanine_C5H5N5O,5,0.4335928,Cytosol,False,
cpd00042_c,Glutathione_C10H16N3O6S,5,0.0,Cytosol,True,natto_up
cpd15752_c,Isopentadecanoyllipoteichoic_acid (n=24),5,14.37233145,Cytosol,False,
cpd00863_c,beta-D-Glucose_6-phosphate_C6H12O9P,5,0.0,Cytosol,False,
cpd00224_c,L-Arabinose_C5H10O5,5,1.37913877,Cytosol,False,
cpd00129_c,L-Proline_C5H8NO2,5,0.00159109,Cytosol,False,
cpd00182_c,Adenosine_C10H13N5O4,5,0.0,Cytosol,False,
cpd02431_c,(S)-1-Pyrroline-5-carboxylate_C5H6NO2,5,0.0,Cytosol,False,
cpd00075_c,Nitrite_NO2,5,0.0,Cytosol,False,
cpd00121_c,myo-Inositol_C6H12O6,5,0.0,Cytosol,False,
cpd15538_c,Phosphatidylglycerol_dihexadecanoyl_C38H,5,25.27821456,Cytosol,False,
cpd00492_c,N-Acetyl-D-mannosamine_C8H15NO6,5,0.02019009,Cytosol,False,
cpd00198_c,D-Xylulose_5-phosphate_C5H10O8P,5,0.00282486,Cytosol,False,
cpd15722_c,Diisoheptadecanoylphosphatidylglycerol_C,5,25.24918156,Cytosol,False,
cpd00179_c,Maltose_C12H22O11,5,0.0,Cytosol,False,
cpd00119_c,L-Histidine_C6H9N3O2,5,0.02770976,Cytosol,False,
cpd00134_c,Palmitoyl-CoA_C37H63N7O17P3S,5,0.0,Cytosol,False,
cpd15536_c,Phosphatidylglycerol_ditetradecanoyl_C34,5,25.24918156,Cytosol,False,
cpd15540_c,Phosphatidylglycerol_dioctadecanoyl_C42H,5,25.24918156,Cytosol,False,
cpd15748_c,"Stearoyllipoteichoic_acid (n=24), linked",5,11.63341834,Cytosol,False,
cpd15736_c,"Diglucosyl-1,2_diisohexadecanoylglycerol",4,0.66707584,Cytosol,False,
cpd15733_c,"Diglucosyl-1,2_diisotetradecanoylglycero",4,0.78757714,Cytosol,False,
cpd03049_c,2-(alpha-Hydroxyethyl)thiamine_diphospha,4,0.016,Cytosol,False,
cpd01092_c,(S)(+)-Allantoin_C4H6N4O3,4,0.0,Cytosol,False,
cpd15678_c,"1,2-dianteisoheptadecanoyl-sn-glycerol_3",4,5.90096337,Cytosol,False,
cpd15728_c,"Diglucosyl-1,2_dipalmitoylglycerol_C47H8",4,0.73674754,Cytosol,False,
cpd11565_c,12-methyl-tridecanoyl-ACP_C25H47N2O8PRS,4,0.02222222,Cytosol,False,
cpd00873_c,Nicotinate_D-ribonucleotide_C11H13NO9P,4,0.00229358,Cytosol,True,natto_up
cpd00156_c,L-Valine_C5H11NO2,4,0.00079554,Cytosol,False,
cpd15732_c,"Diglucosyl-1,2_dianteisoheptadecanoylgly",4,0.66707584,Cytosol,False,
cpd00090_c,IDP_C10H12N4O11P2,4,0.0,Cytosol,False,
cpd11441_c,fa6coa_C37H63N7O17P3S,4,5.47758846,Cytosol,False,
cpd00330_c,Dihydrofolate_C19H19N7O6,4,0.32438549,Cytosol,False,
cpd11435_c,fa1coa_C35H59N7O17P3S,4,0.0,Cytosol,False,
cpd00209_c,Nitrate_NO3,4,0.0,Cytosol,False,
cpd15524_c,"1,2-dihexadecanoyl-sn-glycerol_3-phospha",4,0.00139494,Cytosol,False,
cpd00105_c,D-Ribose_C5H10O5,4,0.0,Cytosol,False,
cpd15735_c,"Diglucosyl-1,2_dianteisopentadecanoylgly",4,0.69230134,Cytosol,False,
cpd15679_c,"1,2-diisotetradecanoyl-sn-glycerol_3-pho",4,0.0,Cytosol,False,
cpd15677_c,"1,2-diisoheptadecanoyl-sn-glycerol_3-pho",4,0.0,Cytosol,False,
cpd00540_c,Betaine_C5H11NO2,4,0.0,Cytosol,False,
cpd00412_c,Deoxyuridine_C9H12N2O5,4,0.0,Cytosol,True,natto_up
cpd11432_c,fa11coa_C38H65N7O17P3S,4,0.0,Cytosol,False,
cpd00358_c,dUTP_C9H12N2O14P3,4,0.003663,Cytosol,False,
cpd00227_c,L-Homoserine_C4H9NO3,4,0.0,Cytosol,True,natto_up
cpd15681_c,"1,2-dianteisopentadecanoyl-sn-glycerol_3",4,0.82217645,Cytosol,False,
cpd00155_c,Glycogen_C30H52O26,4,0.0,Cytosol,False,
cpd00073_c,Urea_CH4N2O,4,0.0,Cytosol,False,
cpd00068_c,ITP_C10H12N4O14P3,4,0.0,Cytosol,False,
cpd00205_c,Potassium_K,4,0.0,Cytosol,False,
cpd00205_e,Potassium_K,4,0.0,Extracellular,False,
cpd15729_c,"Diglucosyl-1,2_dimyristoylglycerol_C43H8",4,0.69230134,Cytosol,False,
cpd00284_c,6-Phospho-D-gluconate_C6H11O10P,4,0.0,Cytosol,False,
cpd00239_c,Hydrogen_sulfide_H2S,4,0.0,Cytosol,False,
cpd00481_c,2-Methylpropanoyl-CoA_C25H39N7O17P3S,4,0.03215321,Cytosol,False,
cpd11476_c,Hexadecanoyl-[acp]_C27H51N2O8PRS,4,0.0,Cytosol,False,
cpd00858_c,L-Glutamate_5-semialdehyde_C5H9NO3,4,0.0,Cytosol,False,
cpd00107_c,L-Leucine_C6H13NO2,4,0.00079554,Cytosol,False,
cpd00196_c,Acetyl_phosphate_C2H4O5P,4,0.00187266,Cytosol,True,natto_up
cpd00438_c,Deoxyadenosine_C10H13N5O3,4,0.0,Cytosol,False,
cpd00346_c,L-Aspartate_4-semialdehyde_C4H7NO3,4,0.0,Cytosol,False,
cpd11540_c,13-methyl-tetra-decanoyl-ACP_C26H49N2O8P,4,0.02222222,Cytosol,False,
cpd00232_c,N-Acetylneuraminate_C11H18NO9,4,8.77186992,Cytosol,False,
cpd11466_c,Tetradecanoyl-[acp]_C25H47N2O8PRS,4,0.0,Cytosol,False,
cpd00184_c,Thymidine_C10H14N2O5,4,0.06338028,Cytosol,False,
cpd00065_c,L-Tryptophan_C11H12N2O2,4,0.57076051,Cytosol,False,
cpd00219_c,Prephenate_C10H8O6,4,0.0,Cytosol,False,
cpd00175_c,UDP-N-acetyl-D-galactosamine_C17H25N3O17,4,0.0,Cytosol,False,
cpd00092_c,Uracil_C4H4N2O2,4,0.00229358,Cytosol,False,
cpd00235_c,D-Mannose_6-phosphate_C6H12O9P,4,0.0,Cytosol,False,
cpd11437_c,fa3coa_C36H61N7O17P3S,4,0.0,Cytosol,False,
cpd00382_c,Raffinose_C18H32O16,4,0.99667959,Cytosol,False,
cpd00290_c,"D-Fructose_1,6-bisphosphate_C6H12O12P2",4,0.0,Cytosol,False,
cpd00305_c,Thiamin_C12H17N4OS,4,0.07225164,Cytosol,False,
cpd15526_c,"1,2-dioctadecanoyl-sn-glycerol_3-phospha",4,0.0,Cytosol,False,
cpd15730_c,"Diglucosyl-1,2_distearoylglycerol_C51H96",4,2.87635811,Cytosol,False,
cpd00236_c,D-Erythrose_4-phosphate_C4H8O7P,4,0.0,Cytosol,False,
cpd00144_c,UDP-glucuronate_C15H19N2O18P2,4,0.0,Cytosol,False,
cpd00078_c,Succinyl-CoA_C25H36N7O19P3S,4,0.12921299,Cytosol,False,
cpd11439_c,fa4coa_C36H61N7O17P3S,4,0.0,Cytosol,False,
cpd15680_c,"1,2-diisopentadecanoyl-sn-glycerol_3-pho",4,0.0,Cytosol,False,
cpd00132_c,L-Asparagine_C4H8N2O3,4,0.70594775,Cytosol,False,
cpd11434_c,fa12coa_C38H65N7O17P3S,4,5.46756718,Cytosol,False,
cpd00760_c,2-Methylbutanoyl-CoA_C26H41N7O17P3S,4,0.03215321,Cytosol,False,
cpd15682_c,"1,2-diisohexadecanoyl-sn-glycerol_3-phos",4,4.87633596,Cytosol,False,
cpd00322_c,L-Isoleucine_C6H13NO2,4,0.00079554,Cytosol,False,
cpd00424_c,Cystathionine_C7H14N2O4S,4,0.008,Cytosol,False,
cpd00220_c,Riboflavin_C17H20N4O6,4,0.0,Cytosol,False,
cpd00277_c,Deoxyguanosine_C10H13N5O4,4,0.59237948,Cytosol,False,
cpd15661_c,45(Phosphoglyceryl)-N-Acetyl-beta-D-mann,4,0.00673753,Cytosol,False,
cpd00311_c,Guanosine_C10H13N5O5,4,0.0,Cytosol,False,
cpd00137_e,Citrate_C6H5O7,4,0.0,Extracellular,False,
cpd00203_c,3-Phospho-D-glyceroyl_phosphate_C3H6O10P,4,0.0,Cytosol,False,
cpd00658_c,Isochorismate_C10H8O6,4,0.0,Cytosol,False,
cpd00200_c,4-Methyl-2-oxopentanoate_C6H9O3,4,0.0,Cytosol,False,
cpd00508_c,(S)-3-Methyl-2-oxopentanoic_acid_C6H9O3,4,0.0,Cytosol,False,
cpd15522_c,"1,2-ditetradecanoyl-sn-glycerol_3-phosph",4,0.0,Cytosol,False,
cpd03198_c,Melibiose_C12H22O11,4,0.15082172,Cytosol,False,
cpd15734_c,"Diglucosyl-1,2_diisopentadecanoylglycero",4,0.69256494,Cytosol,False,
cpd15731_c,"Diglucosyl-1,2_diisoheptadecanoylglycero",4,0.66707584,Cytosol,False,
cpd11515_c,12-methyl-tetra-decanoyl-ACP_C26H49N2O8P,4,0.0,Cytosol,False,
cpd00159_c,(S)-Lactate_C3H5O3,4,0.0,Cytosol,False,
cpd00218_c,Nicotinate_C6H4NO2,4,0.00114679,Cytosol,False,
cpd00146_c,Carbamoyl_phosphate_CH3NO5P,4,0.0,Cytosol,False,
cpd00098_c,Choline_C5H14NO,4,0.0,Cytosol,False,
cpd00327_c,Stearoyl-CoA_C39H67N7O17P3S,4,0.0,Cytosol,False,
cpd02535_c,"2,3-Dihydroxy-3-methylpentanoate_C6H11O4",4,0.60966107,Cytosol,False,
cpd15704_c,"1,2-Diisopentadecanoyl-sn-glycerol_C33H6",3,0.00112432,Cytosol,False,
cpd11573_c,Octodecanoyl-ACP_C29H55N2O8PRS,3,0.0,Cytosol,False,
cpd15529_c,phosphatidylethanolamine_ditetradecanoyl,3,7.85110281,Cytosol,False,
cpd03454_c,3'-CMP_C9H13N3O8P,3,0.0,Cytosol,False,
cpd00033_e,Glycine_C2H5NO2,3,0.0,Extracellular,True,natto_up
cpd00609_c,D-Glucarate_C6H8O8,3,0.0,Cytosol,False,
cpd00281_c,4-Aminobutanoate_C4H9NO2,3,0.0,Cytosol,False,
cpd00550_c,D-Serine_C3H7NO3,3,0.0,Cytosol,False,
cpd15685_c,"CDP-1,2-diisotetradecanoylglycerol_C40H7",3,0.01290323,Cytosol,False,
cpd11519_c,14-methyl-hexa-decanoyl-ACP_C28H53N2O8PR,3,0.0,Cytosol,False,
cpd12139_c,Protein_disulfide_C7H9N3O3R2S2,3,0.0,Cytosol,False,
cpd15797_c,Isopentadecanoylcardiolipin_(B. subtilis,3,0.00147012,Cytosol,False,
cpd00588_c,D-Sorbitol_C6H14O6,3,0.0,Cytosol,False,
cpd00055_c,Formaldehyde_CH2O,3,0.0,Cytosol,False,
cpd11553_c,6-methyl-heptanoyl-ACP_C19H35N2O8PRS,3,0.0,Cytosol,False,
cpd00162_c,Ethanolamine_C2H8NO,3,0.0,Cytosol,False,
cpd01974_c,4-Hydroxy-L-glutamate_C5H8NO5,3,0.0,Cytosol,False,
cpd11475_c,trans-Dec-2-enoyl-[acp]_C21H37N2O8PRS,3,0.0,Cytosol,False,
cpd15309_c,"1,2-Diacyl-sn-glycerol_dihexadecanoyl_C3",3,6.14102627,Cytosol,False,
cpd02678_c,5'-Phosphoribosyl-N-formylglycinamide_C8,3,0.04,Cytosol,False,
cpd00498_c,2-Aceto-2-hydroxybutanoate_C6H9O4,3,0.00043535,Cytosol,True,natto_up
cpd15421_c,"CDP-1,2-dioctadecanoylglycerol_C48H87N3O",3,0.0,Cytosol,False,
cpd00260_c,Isocitrate_C6H5O7,3,0.0,Cytosol,False,
cpd00238_c,Sedoheptulose_7-phosphate_C7H14O10P,3,0.0,Cytosol,False,
cpd00154_c,D-Xylose_C5H10O5,3,0.83092407,Cytosol,False,
cpd15706_c,"1,2-Diisohexadecanoyl-sn-glycerol_C35H68",3,0.00903583,Cytosol,False,
cpd02168_c,Prephytoene_diphosphate_C40H66O7P2,3,0.0,Cytosol,False,
cpd11557_c,8-methyl-nonanoyl-ACP_C21H39N2O8PRS,3,0.0,Cytosol,False,
cpd11470_c,Octanoyl-[acp]_C19H35N2O8PRS,3,0.0,Cytosol,False,
cpd15744_c,"Monoglucosyl-1,2_dianteisopentadecanoylg",3,2.21307016,Cytosol,False,
cpd00116_c,Methanol_CH4O,3,0.0,Cytosol,False,
cpd00045_c,"Adenosine_3',5'-bisphosphate_C10H13N5O10",3,0.01880853,Cytosol,False,
cpd00293_c,N-Acetyl-D-glucosamine_6-phosphate_C8H15,3,0.0,Cytosol,False,
cpd00822_c,O-Succinyl-L-homoserine_C8H12NO6,3,0.02464725,Cytosol,False,
cpd11514_c,12-methyl-trans-tetra-dec-2-enoyl-ACP_C2,3,0.0,Cytosol,False,
cpd02851_c,1-(5'-Phosphoribosyl)-5-amino-4-imidazol,3,0.0,Cytosol,False,
cpd15737_c,"Monoglucosyl-1,2_dipalmitoylglycerol_C41",3,0.38882774,Cytosol,False,
cpd02465_c,"2,3,4,5-Tetrahydrodipicolinate_C7H7NO4",3,0.0,Cytosol,False,
cpd00147_c,5'-Methylthioadenosine_C11H15N5O3S,3,0.0,Cytosol,False,
cpd15695_c,Diisoheptadecanoylphosphatidylethanolami,3,7.85110281,Cytosol,False,
cpd00989_c,3'-UMP_C9H12N2O9P,3,0.0,Cytosol,False,
cpd11511_c,10-methyl-dodecanoyl-ACP_C24H45N2O8PRS,3,0.0,Cytosol,False,
cpd00738_c,phosphoserine_C3H7NO6P,3,0.0,Cytosol,False,
cpd11498_c,4-methyl-trans-hex-2-enoyl-ACP_C18H31N2O,3,0.0,Cytosol,False,
cpd00516_c,"meso-2,6-Diaminoheptanedioate_C7H14N2O4",3,0.00070522,Cytosol,False,
cpd00510_c,2-Deoxy-D-ribose_5-phosphate_C5H10O7P,3,0.0,Cytosol,False,
cpd00289_c,Geranylgeranyl_diphosphate_C20H34O7P2,3,0.0,Cytosol,False,
cpd00683_c,Dihydropteroate_C14H13N6O3,3,0.0,Cytosol,False,
cpd00443_c,4-Aminobenzoate_C7H6NO2,3,0.0,Cytosol,False,
cpd11569_c,14-methyl-pentadecanoyl-ACP_C27H51N2O8PR,3,0.06642795,Cytosol,False,
cpd02210_c,Indoleglycerol_phosphate_C11H13NO6P,3,0.0,Cytosol,False,
cpd11531_c,9-methyl-trans-dec-2-enoyl-ACP_C22H39N2O,3,0.0,Cytosol,False,
cpd00085_c,beta-Alanine_C3H7NO2,3,0.0,Cytosol,False,
cpd00501_c,beta-D-Glucose_1-phosphate_C6H12O9P,3,0.0,Cytosol,False,
cpd00193_c,Adenylyl_sulfate_C10H12N5O10PS,3,0.00598802,Cytosol,False,
cpd01882_c,3-Methylbutanoyl-CoA_C26H41N7O17P3S,3,0.0,Cytosol,False,
cpd11549_c,4-methyl-pentanoyl-ACP_C17H31N2O8PRS,3,0.0,Cytosol,False,
cpd00296_c,dGMP_C10H13N5O7P,3,0.0,Cytosol,False,
cpd15701_c,"1,2-Diisoheptadecanoyl-sn-glycerol_C37H7",3,0.00112432,Cytosol,False,
cpd11477_c,trans-Hexadec-2-enoyl-[acp]_C27H49N2O8PR,3,0.0,Cytosol,False,
cpd08615_c,1-Hydroxy-2-methyl-2-butenyl_4-diphospha,3,0.0,Cytosol,False,
cpd11523_c,5-methyl-trans-hex-2-enoyl-ACP_C18H31N2O,3,0.0,Cytosol,False,
cpd00361_c,Acetoin_C4H8O2,3,0.0,Cytosol,False,
cpd11518_c,14-methyl-trans-hexa-dec-2-enoyl-ACP_C28,3,0.03692947,Cytosol,False,
cpd15697_c,Diisotetradecanoylphosphatidylethanolami,3,7.85110281,Cytosol,False,
cpd02882_c,"4-(1-D-Ribitylamino)-5-amino-2,6-dihydro",3,0.0,Cytosol,False,
cpd15745_c,"Monoglucosyl-1,2_diisohexadecanoylglycer",3,0.3895628,Cytosol,False,
cpd11543_c,15-methyl-trans-hexa-dec-2-enoyl-ACP_C28,3,0.0,Cytosol,False,
cpd02394_c,5'-Phosphoribosylglycinamide_C7H15N2O8P,3,0.0,Cytosol,False,
cpd11468_c,Dodecanoyl-[acyl-carrier_protein]_C23H43,3,0.0,Cytosol,False,
cpd00654_c,Deoxycytidine_C9H13N3O4,3,0.0,Cytosol,False,
cpd11535_c,11-methyl-trans-dodec-2-enoyl-ACP_C24H43,3,0.0,Cytosol,False,
cpd11469_c,trans-Dodec-2-enoyl-[acp]_C23H41N2O8PRS,3,0.0,Cytosol,False,
cpd00722_c,O-Acetyl-L-serine_C5H9NO4,3,0.02939782,Cytosol,False,
cpd08625_c,5-Hydroxyisourate_C5H4N4O4,3,0.0,Cytosol,False,
cpd11502_c,6-methyl-trans-oct-2-enoyl-ACP_C20H35N2O,3,0.0,Cytosol,False,
cpd11552_c,6-methyl-trans-hept-2-enoyl-ACP_C19H33N2,3,0.0,Cytosol,False,
cpd00842_c,(S)-3-Hydroxybutanoyl-CoA_C25H39N7O18P3S,3,0.0,Cytosol,False,
cpd00066_c,L-Phenylalanine_C9H11NO2,3,0.0,Cytosol,True,natto_up
cpd03698_c,Salicin_6-phosphate_C13H18O10P,3,0.0,Cytosol,False,
cpd00347_c,"5,10-Methenyltetrahydrofolate_C20H20N7O6",3,0.0,Cytosol,False,
cpd15686_c,"CDP-1,2-diisopentadecanoylglycerol_C42H7",3,0.32219265,Cytosol,False,
cpd03701_c,Guanosine_3'-phosphate_C10H13N5O8P,3,0.57110236,Cytosol,False,
cpd00199_c,Succinate_semialdehyde_C4H5O3,3,0.0,Cytosol,False,
cpd15741_c,"Monoglucosyl-1,2_dianteisoheptadecanoylg",3,2.21380522,Cytosol,False,
cpd00145_c,Hydroxypyruvate_C3H3O4,3,0.0,Cytosol,False,
cpd15687_c,"CDP-1,2-dianteisopentadecanoylglycerol_C",3,0.03148216,Cytosol,False,
cpd00206_c,dCMP_C9H13N3O7P,3,0.0,Cytosol,False,
cpd01017_c,Cys-Gly_C5H10N2O3S,3,0.01434951,Cytosol,False,
cpd15419_c,"CDP-1,2-dihexadecanoylglycerol_C44H79N3O",3,0.0,Cytosol,False,
cpd00504_c,"LL-2,6-Diaminoheptanedioate_C7H14N2O4",3,0.0,Cytosol,False,
cpd00418_c,Nitric_oxide_NO,3,0.0,Cytosol,False,
cpd15792_c,Myristoylcardiolipin_(B. subtilis)_C65H1,3,0.00147012,Cytosol,False,
cpd11536_c,11-methyl-dodecanoyl-ACP_C24H45N2O8PRS,3,0.0,Cytosol,False,
cpd11465_c,But-2-enoyl-[acyl-carrier_protein]_C15H2,3,0.0,Cytosol,False,
cpd11473_c,trans-Hex-2-enoyl-[acp]_C17H29N2O8PRS,3,0.0,Cytosol,False,
cpd15794_c,Isoheptadecanoylcardiolipin_(B. subtilis,3,0.00147012,Cytosol,False,
cpd15798_c,Anteisopentadecanoylcardiolipin_(B. subt,3,0.00147012,Cytosol,False,
cpd15743_c,"Monoglucosyl-1,2_diisopentadecanoylglyce",3,0.38882774,Cytosol,False,
cpd00515_c,5-Dehydro-4-deoxy-D-glucarate_C6H6O7,3,0.0,Cytosol,False,
cpd00186_c,D-Glutamate_C5H8NO4,3,0.0,Cytosol,False,
cpd15740_c,"Monoglucosyl-1,2_diisoheptadecanoylglyce",3,0.38882774,Cytosol,False,
cpd00731_c,D-Alanyl-D-alanine_C6H12N2O3,3,0.18765741,Cytosol,False,
cpd03495_c,Undecaprenyl-diphospho-N-acetylmuramoyl-,3,0.36619642,Cytosol,False,
cpd02229_c,Undecaprenyl_diphosphate_C55H90O7P2,3,0.0,Cytosol,False,
cpd00292_c,(S)-3-Hydroxy-3-methylglutaryl-CoA_C27H4,3,0.02028414,Cytosol,False,
cpd00954_c,"2-Amino-4-hydroxy-6-hydroxymethyl-7,8-di",3,0.0,Cytosol,False,
cpd15793_c,Stearoylcardiolipin_(B. subtilis)_C81H15,3,0.00147012,Cytosol,False,
cpd11255_c,"1,2-Dihydroxy-5-(methylthio)pent-1-en-3-",3,0.0,Cytosol,False,
cpd15696_c,Dianteisoheptadecanoylphosphatidylethano,3,7.85110281,Cytosol,False,
cpd01981_c,5-Methylthio-D-ribose_C6H12O4S,3,0.10821642,Cytosol,False,
cpd00300_c,Urate_C5H4N4O3,3,0.0,Cytosol,False,
cpd00774_c,Uroporphyrinogen_III_C40H36N4O16,3,0.0,Cytosol,False,
cpd00027_e,D-Glucose_C6H12O6,3,0.0,Extracellular,False,
cpd00063_c,Calcium_Ca,3,0.0,Cytosol,False,
cpd00063_e,Calcium_Ca,3,0.0,Extracellular,False,
cpd11572_c,trans-Octodec-2-enoyl-ACP_C29H53N2O8PRS,3,0.0,Cytosol,False,
cpd00069_c,L-Tyrosine_C9H11NO3,3,0.0,Cytosol,False,
cpd11506_c,8-methyl-trans-dec-2-enoyl-ACP_C22H39N2O,3,0.0,Cytosol,False,
cpd00447_c,Betaine_aldehyde_C5H12NO,3,0.0,Cytosol,False,
cpd00668_c,2-Acetolactate_C5H7O4,3,0.01229775,Cytosol,True,natto_up
cpd11524_c,5-methyl-hexanoyl-ACP_C18H33N2O8PRS,3,0.0,Cytosol,False,
cpd15703_c,"1,2-Diisotetradecanoyl-sn-glycerol_C31H6",3,0.44117903,Cytosol,False,
cpd11560_c,10-methyl-trans-undec-2-enoyl-ACP_C23H41,3,0.0,Cytosol,False,
cpd00793_c,Thiamin_monophosphate_C12H17N4O4PS,3,0.0,Cytosol,False,
cpd15699_c,Dianteisopentadecanoylphosphatidylethano,3,7.87494274,Cytosol,False,
cpd10516_c,Fe3+_Fe,3,0.0,Cytosol,False,
cpd10516_e,Fe3+_Fe,3,0.0,Extracellular,False,
cpd11539_c,13-methyl-trans-tetra-dec-2-enoyl-ACP_C2,3,0.0,Cytosol,False,
cpd15688_c,"CDP-1,2-diisohexadecanoylglycerol_C44H79",3,0.0,Cytosol,False,
cpd11532_c,9-methyl-decanoyl-ACP_C22H41N2O8PRS,3,0.0,Cytosol,False,
cpd00122_c,N-Acetyl-D-glucosamine_C8H15NO6,3,0.0,Cytosol,False,
cpd00211_c,Butanoic_acid_C4H7O2,3,0.0,Cytosol,True,soy_up
cpd15705_c,"1,2-Dianteisopentadecanoyl-sn-glycerol_C",3,0.00112432,Cytosol,False,
cpd11527_c,7-methyl-trans-oct-2-enoyl-ACP_C20H35N2O,3,0.0,Cytosol,False,
cpd00421_c,Triphosphate_HO10P3,3,0.08639622,Cytosol,False,
cpd11510_c,10-methyl-trans-dodec-2-enoyl-ACP_C24H43,3,0.0,Cytosol,False,
cpd01217_c,Xanthosine_C10H12N4O6,3,0.0,Cytosol,False,
cpd02211_c,L-2-Amino-3-oxobutanoic_acid_C4H7NO3,3,0.0,Cytosol,False,
cpd15683_c,"CDP-1,2-diisoheptadecanoylglycerol_C46H8",3,0.0,Cytosol,False,
cpd00482_c,2-Phospho-D-glycerate_C3H5O7P,3,0.0,Cytosol,False,
cpd00229_c,Glycolaldehyde_C2H4O2,3,0.09166667,Cytosol,False,
cpd02611_c,N-Acetyl-D-glucosamine_1-phosphate_C8H15,3,0.05592131,Cytosol,False,
cpd00043_c,UDP-D-galactose_C15H22N2O17P2,3,0.20626132,Cytosol,False,
cpd15311_c,"1,2-Diacyl-sn-glycerol_dioctadecanoyl_C3",3,0.00112432,Cytosol,False,
cpd00202_c,Dimethylallyl_diphosphate_C5H10O7P2,3,0.0,Cytosol,False,
cpd00802_c,D-Fructose_1-phosphate_C6H12O9P,3,0.0,Cytosol,False,
cpd11564_c,12-methyl-trans-tridec-2-enoyl-ACP_C25H4,3,0.0,Cytosol,False,
cpd15533_c,phosphatidylethanolamine_dioctadecanoyl_,3,7.85110281,Cytosol,False,
cpd00415_c,p-Benzenediol_C6H6O2,3,0.0,Cytosol,False,
cpd00988_c,3'-AMP_C10H13N5O7P,3,0.0,Cytosol,False,
cpd01844_c,Propanoyl_phosphate_C3H6O5P,3,0.03161427,Cytosol,False,
cpd00644_c,Pantothenate_C9H16NO5,3,0.0,Cytosol,False,
cpd15531_c,phosphatidylethanolamine_dihexadecanoyl_,3,7.85110281,Cytosol,False,
cpd11464_c,Butyryl-[acp]_C15H27N2O8PRS,3,0.0,Cytosol,False,
cpd15791_c,Palmitoylcardiolipin_(B. subtilis)_C73H1,3,0.00147012,Cytosol,False,
cpd03697_c,Arbutin_6-phosphate_C12H16O10P,3,0.0,Cytosol,False,
cpd15423_c,"CDP-1,2-ditetradecanoylglycerol_C40H71N3",3,0.0,Cytosol,False,
cpd11544_c,15-methyl-hexa-decanoyl-ACP_C28H53N2O8PR,3,0.0,Cytosol,False,
cpd15739_c,"Monoglucosyl-1,2_distearoylglycerol_C45H",3,0.38882774,Cytosol,False,
cpd15742_c,"Monoglucosyl-1,2_diisotetradecanoylglyce",3,0.4478536,Cytosol,False,
cpd11499_c,4-methyl-hexanoyl-ACP_C18H33N2O8PRS,3,0.0,Cytosol,False,
cpd00093_c,Anthranilate_C7H6NO2,3,0.02439024,Cytosol,False,
cpd15700_c,Diisohexadecanoylphosphatidylethanolamin,3,7.85110281,Cytosol,False,
cpd11503_c,6-methyl-octanoyl-ACP_C20H37N2O8PRS,3,0.0,Cytosol,False,
cpd15698_c,Diisopentadecanoylphosphatidylethanolami,3,11.61776948,Cytosol,False,
cpd00448_c,D-Glyceraldehyde_C3H6O3,3,0.0,Cytosol,False,
cpd00264_c,Spermidine_C7H22N3,3,0.0,Cytosol,False,
cpd15702_c,"1,2-Dianteisoheptadecanoyl-sn-glycerol_C",3,0.00903583,Cytosol,False,
cpd11556_c,8-methyl-trans-non-2-enoyl-ACP_C21H37N2O,3,0.0,Cytosol,False,
cpd11548_c,4-methyl-trans-pent-2-enoyl-ACP_C17H29N2,3,0.02406,Cytosol,False,
cpd11467_c,trans-Tetradec-2-enoyl-[acp]_C25H45N2O8P,3,0.30952717,Cytosol,False,
cpd15738_c,"Monoglucosyl-1,2_dimyristoylglycerol_C37",3,0.38882774,Cytosol,False,
cpd00477_c,N-Acetyl-L-glutamate_C7H9NO5,3,0.03509119,Cytosol,False,
cpd02498_c,"2,3-Dihydroxy-3-methylbutanoate_C5H9O4",3,0.0,Cytosol,False,
cpd12072_c,Protein_dithiol_C7H11N3O3R2S2,3,0.0,Cytosol,False,
cpd01553_c,Salicyl_alcohol_C7H8O2,3,0.30932084,Cytosol,False,
cpd02227_c,S-Ribosyl-L-homocysteine_C9H17NO6S,3,0.0,Cytosol,False,
cpd00342_c,N-Acetylornithine_C7H14N2O3,3,0.0,Cytosol,False,
cpd03451_c,"2-Succinyl-6-hydroxy-2,4-cyclohexadiene-",3,0.0,Cytosol,False,
cpd15684_c,"CDP-1,2-dianteisoheptadecanoylglycerol_C",3,0.0,Cytosol,False,
cpd00222_c,D-Gluconic_acid_C6H11O7,3,0.0,Cytosol,False,
cpd15307_c,"1,2-Diacyl-sn-glycerol_ditetradecanoyl_C",3,0.00112432,Cytosol,False,
cpd00259_c,D-Xylulose_C5H10O5,3,199.0,Cytosol,True,natto_up
cpd11568_c,14-methyl-trans-pentadec-2-enoyl-ACP_C27,3,0.0,Cytosol,False,
cpd11472_c,Hexanoyl-[acp]_C17H31N2O8PRS,3,0.0,Cytosol,False,
cpd00350_c,"trans,trans-Farnesyl_diphosphate_C15H26O",3,0.0,Cytosol,False,
cpd10515_c,Fe2+_Fe,3,0.05555556,Cytosol,False,
cpd00246_c,Inosine_C10H12N4O5,3,0.0,Cytosol,False,
cpd00076_c,Sucrose_C12H22O11,3,0.0,Cytosol,False,
cpd00170_c,"D-Glucono-1,5-lactone_C6H10O6",3,0.03755245,Cytosol,False,
cpd00294_c,dAMP_C10H13N5O6P,3,0.0,Cytosol,False,
cpd11471_c,trans-Oct-2-enoyl-[acp]_C19H33N2O8PRS,3,0.0,Cytosol,False,
cpd15795_c,Anteisoheptadecanoylcardiolipin_(B. subt,3,0.00147012,Cytosol,False,
cpd15799_c,Isohexadecanoylcardiolipin_(B. subtilis),3,0.00147012,Cytosol,False,
cpd02120_c,"L-2,3-Dihydrodipicolinate_C7H5NO4",3,0.0,Cytosol,False,
cpd11474_c,Decanoyl-[acp]_C21H39N2O8PRS,3,0.0,Cytosol,False,
cpd00157_c,Glycerone_C3H6O3,3,0.0,Cytosol,False,
cpd00837_c,S-Adenosylmethioninamine_C14H24N6O3S,3,0.0,Cytosol,False,
cpd02125_c,2-Methylbut-2-enoyl-CoA_C26H39N7O17P3S,3,0.0,Cytosol,False,
cpd11528_c,7-methyl-octanoyl-ACP_C20H37N2O8PRS,3,0.0,Cytosol,False,
cpd11507_c,8-methyl-decanoyl-ACP_C22H41N2O8PRS,3,0.0,Cytosol,False,
cpd00096_c,CDP_C9H13N3O11P2,3,0.00598802,Cytosol,False,
cpd00348_c,alpha-D-Galactose_1-phosphate_C6H12O9P,3,0.0,Cytosol,False,
cpd11561_c,10-methyl-undecanoyl-ACP_C23H43N2O8PRS,3,0.0,Cytosol,False,
cpd08288_c,2-Phospho-4-(cytidine_5'-diphospho)-2-C-,2,0.0,Cytosol,False,
cpd01716_c,3-Dehydroshikimate_C7H7O5,2,0.0,Cytosol,False,
cpd15672_c,1-anteisoheptadecanoyl-sn-glycerol_3-pho,2,0.0,Cytosol,False,
cpd02968_c,UDP-N-acetylmuramoyl-L-alanyl-D-glutamyl,2,0.0,Cytosol,False,
cpd15388_c,L-alanine-L-glutamate_C8H13N2O5,2,0.0,Cytosol,False,
cpd01260_c,Lauroyl-CoA_C33H55N7O17P3S,2,0.0,Cytosol,False,
cpd00070_c,Malonyl-CoA_C24H34N7O19P3S,2,0.02285714,Cytosol,False,
cpd15694_c,Diisohexadecanoylphosphatidylserine_C38H,2,0.0,Cytosol,False,
cpd15710_c,"Triglucosyl-1,2_diisoheptadecanoylglycer",2,0.19441387,Cytosol,False,
cpd01977_c,4-Phospho-L-aspartate_C4H7NO7P,2,0.0,Cytosol,False,
cpd01476_c,Protoporphyrin_C34H32N4O4,2,0.76230997,Cytosol,False,
cpd15671_c,1-isoheptadecanoyl-sn-glycerol_3-phospha,2,0.0,Cytosol,False,
cpd15759_c,Anteisoheptadecanoyllipoteichoic_acid (n,2,0.03750538,Cytosol,False,
cpd00383_c,Shikimate_C7H9O5,2,0.03454764,Cytosol,False,
cpd14955_c,Lipoyl-AMP_C18H25N5O8PS2,2,0.0,Cytosol,False,
cpd11497_c,4-methyl-3-hydroxy-hexanoyl-ACP_C18H33N2,2,0.0,Cytosol,False,
cpd15712_c,"Triglucosyl-1,2_diisotetradecanoylglycer",2,0.19441387,Cytosol,False,
cpd02068_c,3-Methylglutaconyl-CoA_C27H38N7O19P3S,2,0.0,Cytosol,False,
cpd01919_c,Maltose_6'-phosphate_C12H22O14P,2,0.0,Cytosol,False,
cpd00581_c,Urocanate_C6H5N2O2,2,0.0,Cytosol,False,
cpd00699_c,3-Dehydroquinate_C7H9O6,2,0.00271003,Cytosol,False,
cpd00860_c,S-Succinyldihydrolipoamide_C12H20NO4S2,2,0.0,Cytosol,False,
cpd11562_c,12-methyl-3-oxo-tridecanoyl-ACP_C25H45N2,2,0.0,Cytosol,False,
cpd11482_c,(3R)-3-Hydroxydecanoyl-[acyl-carrier_pro,2,0.0,Cytosol,False,
cpd03124_c,Hexanoyl-CoA_C27H43N7O17P3S,2,0.03773585,Cytosol,False,
cpd11508_c,10-methyl-3-oxo-dodecanoyl-ACP_C24H43N2O,2,0.0,Cytosol,False,
cpd00048_c,Sulfate_O4S,2,0.0,Cytosol,False,
cpd02894_c,2-Methyl-4-amino-5-hydroxymethylpyrimidi,2,0.0,Cytosol,False,
cpd01966_c,3-Methylcrotonyl-CoA_C26H39N7O17P3S,2,0.0,Cytosol,False,
cpd00641_c,L-Histidinol_C6H12N3O,2,0.0,Cytosol,False,
cpd01200_c,Palatinose_C12H22O11,2,0.16049112,Cytosol,False,
cpd15691_c,Diisotetradecanoylphosphatidylserine_C34,2,0.0,Cytosol,False,
cpd00109_c,Ferricytochrome_c_C42H52FeN8O6S2,2,0.0,Cytosol,False,
cpd11567_c,14-methyl-3-hydroxy-pentadecanoyl-ACP_C2,2,0.16191262,Cytosol,False,
cpd00890_c,UDP-N-acetylmuramoyl-L-alanine_C23H33N4O,2,0.0,Cytosol,False,
cpd02021_c,2-Succinylbenzoyl-CoA_C32H40N7O20P3S,2,0.0,Cytosol,False,
cpd11594_c,Dextrin_C36H62O31,2,0.0,Cytosol,False,
cpd11533_c,11-methyl-3-oxo-dodecanoyl-ACP_C24H43N2O,2,0.0,Cytosol,False,
cpd15771_c,Anteisopentadecanoyllipoteichoic_acid (n,2,0.24679638,Cytosol,False,
cpd00396_c,L-Rhamnose_C6H12O5,2,0.0,Cytosol,False,
cpd00457_c,Choline_phosphate_C5H14NO4P,2,0.0,Cytosol,False,
cpd00254_c,Magnesium_Mg,2,0.0,Cytosol,False,
cpd00254_e,Magnesium_Mg,2,0.0,Extracellular,False,
cpd00869_c,4-Methylthio-2-oxobutanoic_acid_C5H7O3S,2,0.0,Cytosol,False,
cpd15543_c,Phosphatidylglycerophosphate_ditetradeca,2,0.00073506,Cytosol,False,
cpd02566_c,"2,3-Dihydro-2,3-dihydroxybenzoate_C7H7O4",2,0.0333194,Cytosol,False,
cpd02552_c,N-Acetyl-L-glutamate_5-phosphate_C7H10NO,2,0.0,Cytosol,False,
cpd15769_c,Isotetradecanoyllipoteichoic_acid (n=24),2,0.24679638,Cytosol,False,
cpd15782_c,Palmitoyllysylphophatidylglycerol_C44H88,2,10.89292889,Cytosol,False,
cpd11505_c,8-methyl-3-hydroxy-decanoyl-ACP_C22H41N2,2,0.0,Cytosol,False,
cpd11484_c,(3R)-3-Hydroxytetradecanoyl-[acyl-carrie,2,0.0,Cytosol,False,
cpd00791_c,Protoporphyrinogen_IX_C34H38N4O4,2,0.0,Cytosol,False,
cpd11541_c,15-methyl-3-oxo-hexa-decanoyl-ACP_C28H51,2,0.0,Cytosol,False,
cpd02760_c,"6-Phospho-beta-D-glucosyl-(1,4)-D-glucos",2,0.0,Cytosol,False,
cpd11550_c,6-methyl-3-oxo-heptanoyl-ACP_C19H33N2O9P,2,0.0,Cytosol,False,
cpd09878_c,Sulfoacetate_C2H2O5S,2,0.00060132,Cytosol,False,
cpd15713_c,"Triglucosyl-1,2_diisopentadecanoylglycer",2,0.19441387,Cytosol,False,
cpd15786_c,Anteisoheptadecanoyllysylphophatidylglyc,2,10.89292889,Cytosol,False,
cpd03114_c,3-Oxopalmitoyl-CoA_C37H61N7O18P3S,2,0.03773585,Cytosol,False,
cpd11554_c,8-methyl-3-oxo-nonanoyl-ACP_C21H37N2O9PR,2,0.0,Cytosol,False,
cpd11546_c,4-methyl-3-oxo-pentanoyl-ACP_C17H29N2O9P,2,0.0,Cytosol,False,
cpd03117_c,3-Oxododecanoyl-CoA_C33H53N7O18P3S,2,0.0,Cytosol,False,
cpd11425_c,2dmmq7_C45H62O2,2,0.0,Cytosol,False,
cpd11570_c,3-Oxooctodecanoyl-ACP_C29H53N2O9PRS,2,0.0,Cytosol,False,
cpd01311_c,Dethiobiotin_C10H17N2O3,2,0.0,Cytosol,False,
cpd02574_c,S-Methyl-5-thio-D-ribose_1-phosphate_C6H,2,0.65257642,Cytosol,False,
cpd15553_c,phosphatidylserine_ditetradecanoyl_C34H6,2,0.0,Cytosol,False,
cpd14702_c,2-Methyl-1-hydroxybutyl-ThPP_C17H27N4O8P,2,0.0,Cytosol,False,
cpd03048_c,2-Hydroxyethanesulfonate_C2H5O4S,2,0.08393466,Cytosol,False,
cpd14699_c,[Dihydrolipoyllysine-residue_(2-methylpr,2,0.0,Cytosol,False,
cpd00130_e,(S)-Malate_C4H4O5,2,0.0,Extracellular,False,
cpd02605_c,(2S)-2-Isopropyl-3-oxosuccinate_C7H8O5,2,0.0,Cytosol,True,soy_up
cpd01335_c,Octanoyl-CoA_C29H47N7O17P3S,2,0.03773585,Cytosol,False,
cpd00906_c,all-trans-Hexaprenyl_diphosphate_C30H50O,2,0.0,Cytosol,False,
cpd15761_c,Isopentadecanoyllipoteichoic_acid (n=24),2,0.03750538,Cytosol,False,
cpd00773_c,UDP-N-acetylmuramate_C20H28N3O19P2,2,0.1638924,Cytosol,False,
cpd00340_c,"2,5-Dioxopentanoate_C5H5O4",2,0.0,Cytosol,False,
cpd03471_c,Nicotinate_D-ribonucleoside_C11H13NO6,2,0.0,Cytosol,False,
cpd02016_c,N-Ribosylnicotinamide_C11H15N2O5,2,0.0,Cytosol,False,
cpd00390_c,CDP-glucose_C15H23N3O16P2,2,0.0,Cytosol,False,
cpd02636_c,5-(2-Hydroxyethyl)-4-methylthiazole_C6H9,2,0.03686624,Cytosol,False,
cpd02345_c,(S)-4-Amino-5-oxopentanoate_C5H9NO3,2,0.0,Cytosol,False,
cpd15720_c,Dianteisopentadecanoylphosphatidylglycer,2,0.06426998,Cytosol,False,
cpd00023_e,L-Glutamate_C5H8NO4,2,0.0,Extracellular,False,
cpd15778_c,Isotetradecanoyllipoteichoic_acid (n=24),2,10.14692631,Cytosol,False,
cpd03189_c,3-Carboxy-1-hydroxypropyl-ThPP_C16H22N4O,2,0.0,Cytosol,False,
cpd02030_c,Shikimate_3-phosphate_C7H9O8P,2,0.0,Cytosol,False,
cpd00349_c,"D-Sedoheptulose_1,7-bisphosphate_C7H14O1",2,0.0,Cytosol,False,
cpd02201_c,D-4'-Phosphopantothenate_C9H16NO8P,2,0.0,Cytosol,False,
cpd03129_c,trans-Dec-2-enoyl-CoA_C31H49N7O17P3S,2,0.0,Cytosol,False,
cpd00764_c,"7,8-Diaminononanoate_C9H21N2O2",2,0.0,Cytosol,False,
cpd04242_c,2-Deoxy-5-keto-D-gluconic_acid_C6H9O6,2,0.0,Cytosol,False,
cpd00525_c,UDP-N-acetylmuramoyl-L-alanyl-D-glutamat,2,0.05882353,Cytosol,False,
cpd01662_c,Butanoylphosphate_C4H8O5P,2,0.0240067,Cytosol,False,
cpd11501_c,6-methyl-3-hydroxy-octanoyl-ACP_C20H37N2,2,0.0,Cytosol,False,
cpd02720_c,5-Amino-6-(5'-phosphoribitylamino)uracil,2,0.0,Cytosol,False,
cpd11542_c,15-methyl-3-hydroxy-hexa-decanoyl-ACP_C2,2,0.01905548,Cytosol,False,
cpd00386_c,(R)-Malate_C4H4O5,2,0.0,Cytosol,False,
cpd15555_c,phosphatidylserine_dihexadecanoyl_C38H72,2,0.0,Cytosol,False,
cpd00810_c,Orotidine_5'-phosphate_C10H11N2O11P,2,0.0,Cytosol,False,
cpd01012_c,Cadmium_Cd,2,0.0,Cytosol,False,
cpd01012_e,Cadmium_Cd,2,0.0,Extracellular,False,
cpd01665_c,D-O-Phosphoserine_C3H7NO6P,2,0.0,Cytosol,False,
cpd00141_c,Propanoate_C3H5O2,2,0.0,Cytosol,False,
cpd01567_c,(R)(-)-Allantoin_C4H6N4O3,2,0.0,Cytosol,False,
cpd11545_c,2-methylpropionyl-ACP_C15H27N2O8PRS,2,0.0,Cytosol,False,
cpd15780_c,Anteisopentadecanoyllipoteichoic_acid (n,2,59.96712795,Cytosol,False,
cpd15708_c,"Triglucosyl-1,2_dimyristoylglycerol_C49H",2,0.19441387,Cytosol,False,
cpd00608_c,D-Altronate_C6H11O7,2,0.0,Cytosol,False,
cpd15663_c,45(Alanyl-phosphoglyceryl)-N-Acetyl-beta,2,0.0,Cytosol,False,
cpd00044_c,3'-Phosphoadenylyl_sulfate_C10H12N5O13P2,2,0.0,Cytosol,False,
cpd00393_c,Folate_C19H17N7O6,2,0.00168919,Cytosol,False,
cpd00650_c,Crotonoyl-CoA_C25H37N7O17P3S,2,0.0,Cytosol,False,
cpd03123_c,3-Oxohexanoyl-CoA_C27H41N7O18P3S,2,0.0,Cytosol,False,
cpd03120_c,(S)-Hydroxyoctanoyl-CoA_C29H47N7O18P3S,2,0.0,Cytosol,False,
cpd08366_c,(2R)-O-Phospho-3-sulfolactate_C3H4O9PS,2,0.02380952,Cytosol,False,
cpd11500_c,6-methyl-3-oxo-octanoyl-ACP_C20H35N2O9PR,2,0.0,Cytosol,False,
cpd01017_e,Cys-Gly_C5H10N2O3S,2,0.0,Extracellular,False,
cpd11295_c,"2,3-Diketo-5-methylthiopentyl-1-phosphat",2,0.22475544,Cytosol,False,
cpd00491_c,D-Mannitol_1-phosphate_C6H14O9P,2,0.0,Cytosol,False,
cpd00809_c,O-Phospho-L-homoserine_C4H9NO6P,2,0.0,Cytosol,False,
cpd01620_c,Precorrin_2_C42H40N4O16,2,0.0,Cytosol,False,
cpd11495_c,2-methylbutanoyl-ACP_C16H29N2O8PRS,2,0.0,Cytosol,False,
cpd02152_c,N-(L-Arginino)succinate_C10H17N4O6,2,0.0,Cytosol,False,
cpd00931_c,5-Amino-6-(5'-phosphoribosylamino)uracil,2,0.0,Cytosol,False,
cpd03128_c,Decanoyl-CoA_C31H51N7O17P3S,2,0.0,Cytosol,False,
cpd02721_c,6-Phospho-5-dehydro-2-deoxy-D-gluconate_,2,0.0,Cytosol,False,
cpd00831_c,L-Rhamnulose_1-phosphate_C6H12O8P,2,0.0,Cytosol,False,
cpd11494_c,Acetyl-[acyl-carrier_protein]_C13H23N2O8,2,0.0,Cytosol,False,
cpd15718_c,Diisotetradecanoylphosphatidylglyceropho,2,0.00073506,Cytosol,False,
cpd08928_c,L-Threonine_O-3-phosphate_C4H9NO6P,2,0.0,Cytosol,False,
cpd15784_c,Stearoyllysylphophatidylglycerol_C48H96N,2,10.89292889,Cytosol,False,
cpd00280_c,D-Galacturonate_C6H9O7,2,0.0,Cytosol,False,
cpd03712_c,"1,2-Dihydronaphthalene-1,2-diol_C10H10O2",2,0.0,Cytosol,False,
cpd03127_c,trans-Tetradec-2-enoyl-CoA_C35H57N7O17P3,2,0.0,Cytosol,False,
cpd02083_c,Coproporphyrinogen_III_C36H40N4O8,2,0.13730997,Cytosol,False,
cpd01710_c,2-Isopropylmaleate_C7H8O4,2,0.0,Cytosol,False,
cpd15707_c,"Triglucosyl-1,2_dipalmitoylglycerol_C53H",2,0.19441387,Cytosol,False,
cpd00030_c,Manganese_Mn,2,0.0,Cytosol,False,
cpd00030_e,Manganese_Mn,2,0.0,Extracellular,False,
cpd11522_c,5-methyl-3-hydroxy-hexanoyl-ACP_C18H33N2,2,0.0,Cytosol,False,
cpd00830_c,4-Hydroxy-2-oxoglutarate_C5H4O6,2,0.0,Cytosol,False,
cpd02791_c,S-Methyl-5-thio-D-ribulose_1-phosphate_C,2,0.0,Cytosol,False,
cpd00388_c,Allantoate_C4H7N4O4,2,0.0,Cytosol,False,
cpd15719_c,Diisopentadecanoylphosphatidylglyceropho,2,0.00073506,Cytosol,False,
cpd00843_c,2-Hydroxy-3-oxopropanoate_C3H3O4,2,0.0,Cytosol,False,
cpd11481_c,(3R)-3-Hydroxypalmitoyl-[acyl-carrier_pr,2,0.0,Cytosol,False,
cpd03091_c,5'-Deoxyadenosine_C10H13N5O3,2,0.13730997,Cytosol,True,natto_up
cpd11525_c,7-methyl-3-oxo-octanoyl-ACP_C20H35N2O9PR,2,0.0,Cytosol,False,
cpd01777_c,Phosphoribosyl-AMP_C15H21N5O14P2,2,0.0,Cytosol,False,
cpd02921_c,1-(5-Phosphoribosyl)-4-(N-succinocarboxa,2,0.05929868,Cytosol,False,
cpd00652_c,D-Galactarate_C6H8O8,2,0.0,Cytosol,False,
cpd15758_c,Isoheptadecanoyllipoteichoic_acid (n=24),2,0.03750538,Cytosol,False,
cpd11547_c,4-methyl-3-hydroxy-pentanoyl-ACP_C17H31N,2,0.0,Cytosol,False,
cpd11225_c,"3,4-Dihydroxy-2-butanone_4-phosphate_C4H",2,0.0,Cytosol,False,
cpd15773_c,"Palmitoyllipoteichoic_acid (n=24), linke",2,10.14692631,Cytosol,False,
cpd02642_c,N-(5-Phospho-D-ribosyl)anthranilate_C12H,2,0.0,Cytosol,False,
cpd02069_c,3-Phosphonooxypyruvate_C3H3O7P,2,0.0,Cytosol,False,
cpd11489_c,3-Oxododecanoyl-[acp]_C23H41N2O9PRS,2,0.0,Cytosol,False,
cpd00164_c,D-Glucuronate_C6H9O7,2,0.0,Cytosol,False,
cpd15302_c,glycogen(n-1)_C24H42O21,2,0.0,Cytosol,False,
cpd01572_c,"2',3'-Cyclic_UMP_C9H10N2O8P",2,0.0,Cytosol,False,
cpd11529_c,9-methyl-3-oxo-decanoyl-ACP_C22H39N2O9PR,2,0.0,Cytosol,False,
cpd02893_c,1-(5-Phospho-D-ribosyl)-5-amino-4-imidaz,2,0.0,Cytosol,False,
cpd15327_c,1-hexadecanoyl-sn-glycerol_3-phosphate_C,2,0.0,Cytosol,False,
cpd11487_c,3-Oxodecanoyl-[acp]_C21H37N2O9PRS,2,0.0,Cytosol,False,
cpd11313_c,Heme_O_C49H56FeN4O5,2,0.0,Cytosol,False,
cpd00224_e,L-Arabinose_C5H10O5,2,0.0,Extracellular,False,
cpd03494_c,Undecaprenyl-diphospho-N-acetylmuramoyl-,2,0.35331175,Cytosol,False,
cpd15690_c,Dianteisoheptadecanoylphosphatidylserine,2,0.0,Cytosol,False,
cpd02124_c,2-Methylacetoacetyl-CoA_C26H39N7O18P3S,2,0.0,Cytosol,False,
cpd00911_c,"D-Glucono-1,5-lactone_6-phosphate_C6H10O",2,0.0,Cytosol,False,
cpd00110_c,Ferrocytochrome_c_C42H52FeN8O6S2,2,0.0,Cytosol,False,
cpd11591_c,Gly-Met_C7H14N2O3S,2,0.0,Cytosol,False,
cpd00285_c,Ethanolamine_phosphate_C2H8NO4P,2,0.05085181,Cytosol,False,
cpd03130_c,trans-Oct-2-enoyl-CoA_C29H45N7O17P3S,2,0.0,Cytosol,False,
cpd00672_c,D-Fructuronate_C6H9O7,2,0.0,Cytosol,False,
cpd11558_c,10-methyl-3-oxo-undecanoyl-ACP_C23H41N2O,2,0.0,Cytosol,False,
cpd00204_c,CO_CHO,2,0.0,Cytosol,False,
cpd02654_c,4-Methyl-5-(2-phosphoethyl)-thiazole_C6H,2,0.00847458,Cytosol,False,
cpd01570_c,"2',3'-Cyclic_AMP_C10H11N5O6P",2,0.0,Cytosol,False,
cpd00338_c,5-Aminolevulinate_C5H9NO3,2,0.04079106,Cytosol,False,
cpd01693_c,Sucrose_6-phosphate_C12H22O14P,2,3.00274723,Cytosol,False,
cpd00854_c,"3,4-Dihydroxyphenylacetate_C8H7O4",2,0.0,Cytosol,False,
cpd14703_c,[Dihydrolipoyllysine-residue_(2-methylpr,2,0.0,Cytosol,False,
cpd02685_c,"N6-Acetyl-LL-2,6-diaminoheptanedioate_C9",2,0.0,Cytosol,False,
cpd15715_c,"Triglucosyl-1,2_diisohexadecanoylglycero",2,0.19441387,Cytosol,False,
cpd01775_c,Phosphoribosyl-ATP_C15H21N5O20P4,2,0.0,Cytosol,False,
cpd00918_c,N-Acetyl-L-glutamate_5-semialdehyde_C7H1,2,0.0015456,Cytosol,False,
cpd02967_c,"N-Acetyl-beta-D-mannosaminyl-1,4-N-acety",2,0.0,Cytosol,False,
cpd00437_c,D-Tagaturonate_C6H9O7,2,0.0,Cytosol,False,
cpd11555_c,8-methyl-3-hydroxy-nonanoyl-ACP_C21H39N2,2,0.0,Cytosol,False,
cpd11563_c,12-methyl-3-hydroxy-tridecanoyl-ACP_C25H,2,0.0,Cytosol,False,
cpd00287_c,2-Methyl-3-oxopropanoate_C4H5O3,2,0.0,Cytosol,False,
cpd00464_c,Phenylacetaldehyde_C8H8O,2,0.0,Cytosol,False,
cpd02663_c,"(4S)-4,6-Dihydroxy-2,5-dioxohexanoate_C6",2,0.0,Cytosol,False,
cpd15776_c,Isoheptadecanoyllipoteichoic_acid (n=24),2,10.14692631,Cytosol,False,
cpd15764_c,"Palmitoyllipoteichoic_acid (n=24), linke",2,0.24679638,Cytosol,False,
cpd15789_c,Anteisopentadecanoyllysylphophatidylglyc,2,10.89292889,Cytosol,False,
cpd15755_c,"Palmitoyllipoteichoic_acid (n=24), linke",2,0.03750538,Cytosol,False,
cpd01772_c,2-Succinylbenzoate_C11H8O5,2,0.0,Cytosol,False,
cpd01324_c,L-Histidinal_C6H10N3O,2,0.0,Cytosol,False,
cpd00283_c,Geranyl_diphosphate_C10H18O7P2,2,0.0,Cytosol,False,
cpd02920_c,"2-Amino-7,8-dihydro-4-hydroxy-6-(diphosp",2,0.0,Cytosol,False,
cpd02666_c,(R)-4'-Phosphopantothenoyl-L-cysteine_C1,2,0.0,Cytosol,False,
cpd03118_c,(S)-Hydroxydecanoyl-CoA_C31H51N7O18P3S,2,0.0,Cytosol,False,
cpd00168_c,"2,3-Dihydroxybenzoate_C7H5O4",2,0.54542543,Cytosol,False,
cpd11534_c,11-methyl-3-hydroxy-dodecanoyl-ACP_C24H4,2,0.0,Cytosol,False,
cpd00397_c,L-Ribulose_C5H10O5,2,0.0,Cytosol,False,
cpd00190_c,beta-D-Glucose_C6H12O6,2,0.0,Cytosol,False,
cpd00782_c,6-Carboxyhexanoyl-CoA_C28H42N7O19P3S,2,0.0,Cytosol,False,
cpd12848_c,Holo-[carboxylase]_C17H27N5O4R2S,2,0.0,Cytosol,False,
cpd15676_c,1-isohexadecanoyl-sn-glycerol_3-phosphat,2,0.0,Cytosol,False,
cpd11596_c,butanesulfonate_C4H9O3S,2,0.08393466,Cytosol,False,
cpd03161_c,Phenethylamine_C8H12N,2,0.0,Cytosol,False,
cpd11509_c,10-methyl-3-hydroxy-dodecanoyl-ACP_C24H4,2,0.0,Cytosol,False,
cpd02711_c,2-Dehydro-3-deoxy-6-phospho-D-gluconate_,2,0.01149425,Cytosol,False,
cpd15760_c,Isotetradecanoyllipoteichoic_acid (n=24),2,0.03750538,Cytosol,False,
cpd00180_c,Oxalate_C2O4,2,0.0,Cytosol,False,
cpd00307_c,Cytosine_C4H5N3O,2,0.0,Cytosol,False,
cpd15662_c,45(Glucosyl-phosphoglyceryl)-N-Acetyl-be,2,0.0,Cytosol,False,
cpd02186_c,2-Hydroxy-3-oxosuccinate_C4H2O6,2,0.0,Cytosol,False,
cpd00957_c,"2,5-Diamino-6-(5'-phosphoribosylamino)-4",2,0.0,Cytosol,False,
cpd01622_c,Trimetaphosphate_O9P3,2,0.0,Cytosol,False,
cpd00012_e,Pyrophosphate_H2O7P2,2,0.0,Extracellular,False,
cpd15765_c,"Myristoyllipoteichoic_acid (n=24), linke",2,0.24679638,Cytosol,False,
cpd15665_c,Peptidoglycan_polymer (n subunits)_C80H1,2,0.0,Cytosol,False,
cpd02375_c,"N6-(1,2-Dicarboxyethyl)-AMP_C14H15N5O11P",2,0.0,Cytosol,False,
cpd02693_c,"(2R,3S)-3-Isopropylmalate_C7H10O5",2,0.0,Cytosol,False,
cpd00105_e,D-Ribose_C5H10O5,2,0.0,Extracellular,False,
cpd00861_c,UDP-N-acetyl-D-mannosamine_C17H25N3O17P2,2,0.0,Cytosol,False,
cpd03289_c,N-Acetyl-L-2-amino-6-oxopimelate_C9H11NO,2,0.0,Cytosol,False,
cpd15777_c,Anteisoheptadecanoyllipoteichoic_acid (n,2,10.14692631,Cytosol,False,
cpd00334_c,(S)-Lactaldehyde_C3H6O2,2,0.0,Cytosol,False,
cpd15329_c,1-octadecanoyl-sn-glycerol_3-phosphate_C,2,0.0,Cytosol,False,
cpd03116_c,(S)-3-Hydroxydodecanoyl-CoA_C33H55N7O18P,2,0.0,Cytosol,False,
cpd00417_c,L-Arabitol_C5H12O5,2,0.0,Cytosol,False,
cpd00465_c,(-)-Ureidoglycolate_C3H5N2O4,2,0.0,Cytosol,False,
cpd00558_c,Spermine_C10H30N4,2,0.0,Cytosol,False,
cpd00834_c,Pantetheine_4'-phosphate_C11H22N2O7PS,2,0.0,Cytosol,False,
cpd10162_c,(R)-3-Hydroxy-3-methyl-2-oxopentanoate_C,2,0.0,Cytosol,False,
cpd02991_c,N-(5'-Phospho-D-1'-ribulosylformimino)-5,2,0.0,Cytosol,False,
cpd11578_c,hexanesulfonate_C6H13O3S,2,0.00060132,Cytosol,False,
cpd08210_c,4-Amino-4-deoxychorismate_C10H10NO5,2,0.0,Cytosol,False,
cpd00712_c,2-Dehydropantoate_C6H9O4,2,0.0,Cytosol,False,
cpd15790_c,Isohexadecanoyllysylphophatidylglycerol_,2,10.89292889,Cytosol,False,
cpd00626_c,dTDP-glucose_C16H24N2O16P2,2,0.05709653,Cytosol,False,
cpd03583_c,D-arabino-3-Hexulose_6-phosphate_C6H12O9,2,0.0,Cytosol,False,
cpd11559_c,10-methyl-3-hydroxy-undecanoyl-ACP_C23H4,2,0.0,Cytosol,False,
cpd02826_c,2-(Formamido)-N1-(5'-phosphoribosyl)acet,2,0.0,Cytosol,False,
cpd15692_c,Diisopentadecanoylphosphatidylserine_C36,2,0.0,Cytosol,False,
cpd04122_c,Aminoacetaldehyde_C2H6NO,2,0.0,Cytosol,False,
cpd15762_c,Anteisopentadecanoyllipoteichoic_acid (n,2,0.03750538,Cytosol,False,
cpd00540_e,Betaine_C5H11NO2,2,0.0,Extracellular,False,
cpd00655_c,Dephospho-CoA_C21H33N7O13P2S,2,0.0,Cytosol,False,
cpd02187_c,2-Methylprop-2-enoyl-CoA_C25H37N7O17P3S,2,0.0,Cytosol,False,
cpd02961_c,"2-Amino-4-hydroxy-6-(D-erythro-1,2,3-tri",2,0.0,Cytosol,False,
cpd00946_c,N-Acetyl-D-glucosaminyldiphosphoundecapr,2,0.0,Cytosol,False,
cpd00034_c,Zinc_Zn,2,0.0,Cytosol,False,
cpd00034_e,Zinc_Zn,2,0.0,Extracellular,False,
cpd15674_c,1-isopentadecanoyl-sn-glycerol_3-phospha,2,0.0,Cytosol,False,
cpd14698_c,3-Methyl-1-hydroxybutyl-ThPP_C17H27N4O8P,2,0.0,Cytosol,False,
cpd00642_c,L-Rhamnulose_C6H12O5,2,0.0,Cytosol,False,
cpd00408_c,(R)-Pantoate_C6H11O4,2,0.0,Cytosol,False,
cpd02979_c,5-(5-Phospho-D-ribosylaminoformimino)-1-,2,0.0,Cytosol,False,
cpd00305_e,Thiamin_C12H17N4OS,2,0.0,Extracellular,False,
cpd02371_c,"D-Tagatose_1,6-bisphosphate_C6H12O12P2",2,0.0,Cytosol,False,
cpd01947_c,"(R,R)-Butane-2,3-diol_C4H10O2",2,0.0,Cytosol,False,
cpd15770_c,Isopentadecanoyllipoteichoic_acid (n=24),2,0.24679638,Cytosol,False,
cpd00179_e,Maltose_C12H22O11,2,0.0,Extracellular,True,soy_up
cpd15709_c,"Triglucosyl-1,2_distearoylglycerol_C57H1",2,0.19441387,Cytosol,False,
cpd11530_c,9-methyl-3-hydroxy-decanoyl-ACP_C22H41N2,2,0.0,Cytosol,False,
cpd15766_c,"Stearoyllipoteichoic_acid (n=24), linked",2,0.24679638,Cytosol,False,
cpd11571_c,3-Hydroxyoctodecanoyl-ACP_C29H55N2O9PRS,2,0.0,Cytosol,False,
cpd15716_c,Diisoheptadecanoylphosphatidylglyceropho,2,0.00073506,Cytosol,False,
cpd02333_c,"Pyridine-2,3-dicarboxylate_C7H3NO4",2,0.00114679,Cytosol,False,
cpd03187_c,Oxalosuccinate_C6H3O7,2,0.0,Cytosol,False,
cpd14700_c,2-Methyl-1-hydroxypropyl-ThPP_C16H25N4O8,2,0.0,Cytosol,False,
cpd11513_c,12-methyl-3-hydroxy-tetra-decanoyl-ACP_C,2,0.0,Cytosol,False,
cpd15721_c,Diisohexadecanoylphosphatidylglycerophos,2,0.00073506,Cytosol,False,
cpd02097_c,L-Glutamyl_5-phosphate_C5H9NO7P,2,0.0,Cytosol,False,
cpd00143_c,Phenylpyruvate_C9H7O3,2,0.0,Cytosol,False,
cpd15585_c,beta-Methylglucoside_C7H14O6,2,0.0,Cytosol,False,
cpd02964_c,UDP-N-acetylmuramoyl-L-alanyl-D-gamma-gl,2,0.0,Cytosol,False,
cpd03115_c,(S)-3-Hydroxytetradecanoyl-CoA_C35H59N7O,2,0.0,Cytosol,False,
cpd08286_c,2-C-Methyl-D-erythritol_4-phosphate_C5H1,2,0.0,Cytosol,False,
cpd15756_c,"Myristoyllipoteichoic_acid (n=24), linke",2,0.03750538,Cytosol,False,
cpd00111_c,Glutathione_disulfide_C20H30N6O12S2,2,0.0,Cytosol,False,
cpd02590_c,all-trans-Heptaprenyl_diphosphate_C35H58,2,0.0,Cytosol,False,
cpd00118_c,Putrescine_C4H14N2,2,0.0,Cytosol,True,natto_up
cpd03535_c,L-Arginine_phosphate_C6H14N4O5P,2,0.0,Cytosol,False,
cpd02691_c,"(2S,3S)-3-Hydroxy-2-methylbutanoyl-CoA_C",2,0.0,Cytosol,False,
cpd00344_c,N-Formimino-L-glutamate_C6H9N2O4,2,0.0,Cytosol,False,
cpd11479_c,(R)-3-Hydroxyhexanoyl-[acp]_C17H31N2O9PR,2,0.0,Cytosol,False,
cpd02295_c,"1,4-Dihydroxy-2-naphthoate_C11H7O4",2,0.0,Cytosol,False,
cpd15788_c,Isopentadecanoyllysylphophatidylglycerol,2,10.89292889,Cytosol,False,
cpd00689_c,Porphobilinogen_C10H13N2O4,2,0.0,Cytosol,True,natto_up
cpd15331_c,1-tetradecanoyl-sn-glycerol_3-phosphate_,2,0.0,Cytosol,False,
cpd11517_c,14-methyl-3-hydroxy-hexa-decanoyl-ACP_C2,2,0.0,Cytosol,False,
cpd00616_c,L-Arogenate_C10H12NO5,2,0.0,Cytosol,False,
cpd12689_c,3-Oxotetradecanoyl-CoA_C35H57N7O18P3S,2,0.03773585,Cytosol,False,
cpd00138_e,D-Mannose_C6H12O6,2,0.0,Extracellular,False,
cpd01646_c,(2S)-2-Isopropylmalate_C7H10O5,2,0.0,Cytosol,False,
cpd00208_c,Lactose_C12H22O11,2,0.0,Cytosol,False,
cpd00331_c,cis-Aconitate_C6H3O6,2,0.0,Cytosol,False,
cpd01048_c,Arsenic_acid_HO4As,2,0.0,Cytosol,False,
cpd02857_c,2-Dehydro-3-deoxy-D-arabino-heptonate_7-,2,0.0,Cytosol,False,
cpd00212_c,L-Sorbose_C6H12O6,2,0.0,Cytosol,False,
cpd11491_c,3-Oxotetradecanoyl-[acp]_C25H45N2O9PRS,2,0.0,Cytosol,False,
cpd01651_c,3-Cyano-L-alanine_C4H6N2O2,2,0.0,Cytosol,False,
cpd11217_c,"1,4-Dihydroxy-2-naphthoyl-CoA_C32H39N7O1",2,0.0,Cytosol,False,
cpd00541_c,Lipoate_C8H13O2S2,2,0.01766479,Cytosol,False,
cpd11597_c,ARSENOBETAINE_C5H11O2As,2,0.0,Cytosol,False,
cpd11597_e,ARSENOBETAINE_C5H11O2As,2,0.0,Extracellular,False,
cpd02311_c,4-Imidazolone-5-propanoate_C6H7N2O3,2,0.0,Cytosol,False,
cpd03426_c,Sirohydrochlorin_C42H38N4O16,2,0.0,Cytosol,False,
cpd15772_c,"Isohexadecanoyllipoteichoic_acid (n=24),",2,0.24679638,Cytosol,False,
cpd08287_c,4-(Cytidine_5'-diphospho)-2-C-methyl-D-e,2,1.07101437,Cytosol,False,
cpd15693_c,Dianteisopentadecanoylphosphatidylserine,2,0.53322183,Cytosol,False,
cpd00808_c,L-Ribulose_5-phosphate_C5H10O8P,2,0.0,Cytosol,False,
cpd15545_c,Phosphatidylglycerophosphate_dihexadecan,2,0.00073506,Cytosol,False,
cpd00755_c,Hydroxymethylbilane_C40H38N4O17,2,0.0,Cytosol,False,
cpd00800_c,8-Amino-7-oxononanoate_C9H17NO3,2,0.0,Cytosol,False,
cpd15767_c,Isoheptadecanoyllipoteichoic_acid (n=24),2,0.24679638,Cytosol,False,
cpd11490_c,3-Oxooctanoyl-[acp]_C19H33N2O9PRS,2,0.0,Cytosol,False,
cpd00403_c,D-Mannonate_C6H11O7,2,0.0,Cytosol,False,
cpd00485_c,D-Mannose_1-phosphate_C6H12O9P,2,0.0,Cytosol,False,
cpd03119_c,3-Oxodecanoyl-CoA_C31H49N7O18P3S,2,0.03773585,Cytosol,False,
cpd11486_c,3-Oxohexanoyl-[acp]_C17H29N2O9PRS,2,0.0,Cytosol,False,
cpd00247_c,Orotate_C5H3N2O4,2,0.0,Cytosol,False,
cpd00805_c,D-Tagatose_6-phosphate_C6H12O9P,2,0.0,Cytosol,False,
cpd00343_c,N-Carbamoyl-L-aspartate_C5H6N2O5,2,0.0,Cytosol,False,
cpd02182_c,(R)-S-Lactoylglutathione_C13H20N3O8S,2,0.0,Cytosol,True,natto_up
cpd00185_c,D-Arabinose_C5H10O5,2,198.0,Cytosol,False,
cpd03125_c,trans-Hex-2-enoyl-CoA_C27H41N7O17P3S,2,0.0,Cytosol,False,
cpd15547_c,Phosphatidylglycerophosphate_dioctadecan,2,0.00073506,Cytosol,False,
cpd03470_c,Iminoaspartate_C4H3NO4,2,0.0,Cytosol,False,
cpd15669_c,"glycerol_teichoic acid (n=45), linked, g",2,0.0,Cytosol,False,
cpd15667_c,"glycerol_teichoic acid (n=45), linked, u",2,0.0,Cytosol,False,
cpd03122_c,(S)-Hydroxyhexanoyl-CoA_C27H43N7O18P3S,2,0.28345131,Cytosol,False,
cpd11520_c,3-methylbutanoyl-ACP_C16H29N2O8PRS,2,0.0,Cytosol,False,
cpd01982_c,5-Phosphoribosylamine_C5H12NO7P,2,0.00114679,Cytosol,False,
cpd00428_c,Methylglyoxal_C3H4O2,2,0.00373347,Cytosol,False,
cpd11526_c,7-methyl-3-hydroxy-octanoyl-ACP_C20H37N2,2,0.0,Cytosol,False,
cpd01262_c,Maltotriose_C18H32O16,2,0.0,Cytosol,False,
cpd00956_c,1-(2-Carboxyphenylamino)-1'-deoxy-D-ribu,2,0.0,Cytosol,False,
cpd00524_c,"2,4,6/3,5-Pentahydroxycyclohexanone_C6H1",2,0.0,Cytosol,False,
cpd15673_c,1-isotetradecanoyl-sn-glycerol_3-phospha,2,0.0,Cytosol,False,
cpd00345_c,5-Methyltetrahydrofolate_C20H23N7O6,2,0.0,Cytosol,False,
cpd00727_c,2-Phosphoglycolate_C2H3O6P,2,0.0,Cytosol,False,
cpd00053_e,L-Glutamine_C5H10N2O3,2,0.0,Extracellular,True,natto_up
cpd02700_c,S-(2-Methylpropanoyl)-dihydrolipoamide_C,2,0.0,Cytosol,False,
cpd02843_c,D-erythro-1-(Imidazol-4-yl)glycerol_3-ph,2,0.03516495,Cytosol,False,
cpd03671_c,alpha-D-Glucosamine_1-phosphate_C6H14NO8,2,0.0,Cytosol,False,
cpd00104_c,Biotin_C10H15N2O3S,2,0.0,Cytosol,False,
cpd01501_c,2-Methylcitrate_C7H7O7,2,0.0,Cytosol,False,
cpd15675_c,1-anteisopentadecanoyl-sn-glycerol_3-pho,2,0.0,Cytosol,False,
cpd11521_c,5-methyl-3-oxo-hexanoyl-ACP_C18H31N2O9PR,2,0.0,Cytosol,False,
cpd15717_c,Dianteisoheptadecanoylphosphatidylglycer,2,0.00814247,Cytosol,False,
cpd11480_c,(R)-3-Hydroxydodecanoyl-[acp]_C23H43N2O9,2,0.0,Cytosol,False,
cpd15779_c,Isopentadecanoyllipoteichoic_acid (n=24),2,10.14692631,Cytosol,False,
cpd08289_c,1-Deoxy-D-xylulose_5-phosphate_C5H10O7P,2,0.04772651,Cytosol,False,
cpd11551_c,6-methyl-3-hydroxy-heptanoyl-ACP_C19H35N,2,0.0,Cytosol,False,
cpd00152_c,Agmatine_C5H16N4,2,0.0,Cytosol,False,
cpd00523_c,"alpha,alpha'-Trehalose_6-phosphate_C12H2",2,0.0,Cytosol,False,
cpd01419_c,Ureidoglycine_C3H7N3O3,2,0.0,Cytosol,False,
cpd00108_e,D-Galactose_C6H12O6,2,0.0,Extracellular,False,
cpd00807_c,L-Histidinol_phosphate_C6H12N3O4P,2,0.0,Cytosol,False,
cpd15763_c,"Isohexadecanoyllipoteichoic_acid (n=24),",2,0.03750538,Cytosol,False,
cpd12543_c,Carboxybiotin-carboxyl-carrier_protein_C,2,0.0,Cytosol,False,
cpd02656_c,"6,7-Dimethyl-8-(1-D-ribityl)lumazine_C13",2,0.0,Cytosol,False,
cpd00210_c,Taurine_C2H7NO3S,2,0.0271188,Cytosol,False,
cpd11485_c,3-Oxohexadecanoyl-[acp]_C27H49N2O9PRS,2,0.0,Cytosol,False,
cpd15711_c,"Triglucosyl-1,2_dianteisoheptadecanoylgl",2,0.19441387,Cytosol,False,
cpd00638_c,Deamino-NAD+_C21H24N6O15P2,2,0.0,Cytosol,False,
cpd11459_c,tcam_C420H692N30O391P30,2,0.0,Cytosol,False,
cpd00075_e,Nitrite_NO2,2,0.0,Extracellular,False,
cpd15783_c,Myristoyllysylphophatidylglycerol_C40H80,2,10.89292889,Cytosol,False,
cpd00191_c,3-Oxopropanoate_C3H3O3,2,0.0,Cytosol,False,
cpd00359_c,Indole_C8H7N,2,0.0,Cytosol,True,natto_up
cpd00282_c,(S)-Dihydroorotate_C5H5N2O4,2,0.0,Cytosol,False,
cpd04098_c,Arsenite_H3O3As,2,0.0,Cytosol,False,
cpd09027_c,"5-Hydroxy-2-oxo-4-ureido-2,5-dihydro-1H-",2,0.0,Cytosol,False,
cpd00868_c,3-(4-Hydroxyphenyl)pyruvate_C9H7O4,2,0.0,Cytosol,False,
cpd00119_e,L-Histidine_C6H9N3O2,2,0.0,Extracellular,True,natto_up
cpd00258_c,D-Ribulose_C5H10O5,2,396.0,Cytosol,False,
cpd11496_c,4-methyl-3-oxo-hexanoyl-ACP_C18H31N2O9PR,2,0.0,Cytosol,False,
cpd15787_c,Isotetradecanoyllysylphophatidylglycerol,2,10.89292889,Cytosol,False,
cpd08301_c,"2-C-Methyl-D-erythritol_2,4-cyclodiphosp",2,0.15220957,Cytosol,False,
cpd00387_c,ADP-glucose_C16H23N5O15P2,2,0.0,Cytosol,False,
cpd02799_c,"(2S,3R)-3-Hydroxybutane-1,2,3-tricarboxy",2,0.0,Cytosol,False,
cpd15557_c,phosphatidylserine_dioctadecanoyl_C42H80,2,0.0,Cytosol,False,
cpd02884_c,1-(5'-Phosphoribosyl)-5-formamido-4-imid,2,0.03516495,Cytosol,False,
cpd02591_c,all-trans-Pentaprenyl_diphosphate_C25H42,2,0.0,Cytosol,False,
cpd02060_c,2-trans-Dodecenoyl-CoA_C33H53N7O17P3S,2,0.0,Cytosol,False,
cpd15668_c,"glycerol_teichoic acid (n=45), linked, D",2,0.0,Cytosol,False,
cpd11538_c,13-methyl-3-hydroxy-tetra-decanoyl-ACP_C,2,0.0,Cytosol,False,
cpd11580_c,Gly-Gln_C7H13N3O4,2,0.0,Cytosol,False,
cpd00836_c,S-Acetyldihydrolipoamide_C10H19NO2S2,2,0.0,Cytosol,False,
cpd11488_c,Acetoacetyl-[acp]_C15H25N2O9PRS,2,0.0,Cytosol,False,
cpd02978_c,"2-Amino-4-hydroxy-6-(erythro-1,2,3-trihy",2,0.0,Cytosol,False,
cpd11579_c,ethanesulfonate_C2H5O3S,2,0.00060132,Cytosol,False,
cpd15714_c,"Triglucosyl-1,2_dianteisopentadecanoylgl",2,0.19441387,Cytosol,False,
cpd00432_c,meso-Tartaric_acid_C4H4O6,2,0.0,Cytosol,False,
cpd08023_c,Methanesulfonic_acid_CH3O3S,2,0.00060132,Cytosol,False,
cpd00666_c,"(R,R)-Tartaric_acid_C4H4O6",2,0.0,Cytosol,False,
cpd00154_e,D-Xylose_C5H10O5,2,0.0,Extracellular,False,
cpd00599_c,Salicylate_C7H5O3,2,0.01923077,Cytosol,False,
cpd15781_c,"Isohexadecanoyllipoteichoic_acid (n=24),",2,10.14692631,Cytosol,False,
cpd15768_c,Anteisoheptadecanoyllipoteichoic_acid (n,2,0.24679638,Cytosol,False,
cpd00363_c,Ethanol_C2H6O,2,0.0,Cytosol,False,
cpd15774_c,"Myristoyllipoteichoic_acid (n=24), linke",2,59.96712795,Cytosol,False,
cpd01571_c,"2',3'-Cyclic_CMP_C9H11N3O7P",2,0.0,Cytosol,False,
cpd00133_c,Nicotinamide_C6H6N2O,2,0.0,Cytosol,True,natto_up
cpd11504_c,8-methyl-3-oxo-decanoyl-ACP_C22H39N2O9PR,2,0.0,Cytosol,False,
cpd11516_c,14-methyl-3-oxo-hexa-decanoyl-ACP_C28H51,2,0.0,Cytosol,False,
cpd01242_c,Deoxyribose_C5H10O4,2,0.0,Cytosol,False,
cpd11537_c,13-methyl-3-oxo-tetra-decanoyl-ACP_C26H4,2,0.0,Cytosol,False,
cpd00932_c,5-O-(1-Carboxyvinyl)-3-phosphoshikimate_,2,0.0,Cytosol,False,
cpd02140_c,Aminoimidazole_ribotide_C8H14N3O7P,2,0.0,Cytosol,False,
cpd11483_c,(3R)-3-Hydroxyoctanoyl-[acyl-carrier_pro,2,0.0,Cytosol,False,
cpd03121_c,3-Oxooctanoyl-CoA_C29H45N7O18P3S,2,0.03773585,Cytosol,False,
cpd02631_c,"3,5/4-Trihydroxycyclohexa-1,2-dione_C6H8",2,0.0,Cytosol,False,
cpd15757_c,"Stearoyllipoteichoic_acid (n=24), linked",2,0.03750538,Cytosol,False,
cpd03113_c,(S)-3-Hydroxyhexadecanoyl-CoA_C37H63N7O1,2,0.0,Cytosol,False,
cpd01011_c,Butanal_C4H8O,2,1.03694614,Cytosol,False,
cpd00355_c,Nicotinamide_D-ribonucleotide_C11H15N2O8,2,0.0341223,Cytosol,False,
cpd15689_c,Diisoheptadecanoylphosphatidylserine_C40,2,0.0,Cytosol,False,
cpd02597_c,"(Z)-But-2-ene-1,2,3-tricarboxylate_C7H5O",2,0.0,Cytosol,False,
cpd03126_c,trans-Hexadec-2-enoyl-CoA_C37H61N7O17P3S,2,0.0,Cytosol,False,
cpd11512_c,12-methyl-3-oxo-tetra-decanoyl-ACP_C26H4,2,0.0,Cytosol,False,
cpd15785_c,Isoheptadecanoyllysylphophatidylglycerol,2,10.89292889,Cytosol,False,
cpd03752_c,Galactitol_1-phosphate_C6H14O9P,2,0.0,Cytosol,False,
cpd11296_c,2-Hydroxy-3-keto-5-methylthiopentenyl-1-,2,0.0,Cytosol,False,
cpd00930_c,3-(Imidazol-4-yl)-2-oxopropyl_phosphate_,2,0.0,Cytosol,False,
cpd11566_c,14-methyl-3-oxo-pentadecanoyl-ACP_C27H49,2,0.0,Cytosol,False,
cpd02820_c,UDP-N-acetyl-3-(1-carboxyvinyl)-D-glucos,2,0.0,Cytosol,False,
cpd15775_c,"Stearoyllipoteichoic_acid (n=24), linked",2,10.14692631,Cytosol,False,
cpd11478_c,(3R)-3-Hydroxybutanoyl-[acyl-carrier_pro,2,0.0,Cytosol,False,
cpd02045_c,1-Hydroxy-2-naphthoate_C11H7O3,1,0.0,Cytosol,False,
cpd00939_c,4-Amino-5-hydroxymethyl-2-methylpyrimidi,1,0.0,Cytosol,False,
cpd01055_e,D-Allose_C6H12O6,1,0.0,Extracellular,False,
cpd01055_c,D-Allose_C6H12O6,1,0.0,Cytosol,False,
cpd00226_e,Hypoxanthine_C5H4N4O,1,0.0,Extracellular,False,
cpd10547_c,"Benzo[a]pyrene-7,8-oxide_C20H12O",1,0.0,Cytosol,False,
cpd15796_c,Isotetradecanoylcardiolipin_(B. subtilis,1,0.0,Cytosol,False,
cpd03662_c,1-Butanol_C4H10O,1,0.0,Cytosol,False,
cpd11585_e,L-alanylglycine_C5H10N2O3,1,0.0,Extracellular,False,
cpd00371_c,Propanal_C3H6O,1,0.0,Cytosol,False,
cpd01663_c,Chenodeoxycholate_C24H39O4,1,0.0,Cytosol,False,
cpd03577_c,(3R)-3-Methyl-2-oxopentanoic_acid_C6H9O3,1,0.0,Cytosol,False,
cpd10515_e,Fe2+_Fe,1,0.0,Extracellular,False,
cpd11436_c,fa3_C15H29O2,1,0.0,Cytosol,False,
cpd01981_e,5-Methylthio-D-ribose_C6H12O4S,1,0.0,Extracellular,False,
cpd00637_c,D-Methionine_C5H11NO2S,1,0.0,Cytosol,False,
cpd00637_e,D-Methionine_C5H11NO2S,1,0.0,Extracellular,False,
cpd03198_e,Melibiose_C12H22O11,1,0.0,Extracellular,False,
cpd11440_c,fa6_C16H31O2,1,0.0,Cytosol,False,
cpd09818_c,Naphthyl-2-methyl-succinic_acid_C15H12O4,1,0.0,Cytosol,False,
cpd05158_c,Gentiobiose_C12H22O11,1,0.0,Cytosol,False,
cpd05158_e,Gentiobiose_C12H22O11,1,0.0,Extracellular,False,
cpd00309_e,Xanthine_C5H4N4O2,1,0.0,Extracellular,False,
cpd00024_e,2-Oxoglutarate_C5H4O5,1,0.0,Extracellular,False,
cpd12884_c,Penicilloic_acid_C9H11N2O5RS,1,0.0,Cytosol,False,
cpd00738_e,phosphoserine_C3H7NO6P,1,0.0,Extracellular,False,
cpd00432_e,meso-Tartaric_acid_C4H4O6,1,0.0,Extracellular,False,
cpd08023_e,Methanesulfonic_acid_CH3O3S,1,0.0,Extracellular,False,
cpd02701_c,S-Adenosyl-4-methylthio-2-oxobutanoate_C,1,0.0,Cytosol,False,
cpd00129_e,L-Proline_C5H8NO2,1,0.0,Extracellular,False,
cpd14957_c,Apoprotein_H3NR,1,0.0,Cytosol,False,
cpd11579_e,ethanesulfonate_C2H5O3S,1,0.0,Extracellular,False,
cpd00092_e,Uracil_C4H4N2O2,1,0.0,Extracellular,True,soy_up
cpd03727_c,Ectoine_C6H10N2O2,1,0.0,Cytosol,False,
cpd03727_e,Ectoine_C6H10N2O2,1,0.0,Extracellular,False,
cpd00363_e,Ethanol_C2H6O,1,0.0,Extracellular,False,
cpd00313_c,Quercetin_C15H9O7,1,0.0,Cytosol,True,natto_up
cpd12370_c,Apo-[acyl-carrier-protein]_HOR,1,0.0,Cytosol,False,
cpd01571_e,"2',3'-Cyclic_CMP_C9H11N3O7P",1,0.0,Extracellular,False,
cpd00989_e,3'-UMP_C9H12N2O9P,1,0.0,Extracellular,False,
cpd03205_c,Phytoene_C40H64,1,0.0,Cytosol,False,
cpd00314_e,Mannitol_C6H14O6,1,0.0,Extracellular,False,
cpd03488_c,Undecaprenyl-diphospho-N-acetylmuramoyl-,1,0.0,Cytosol,True,natto_up
cpd03540_c,Leukotriene_D4_C25H39N2O6S,1,0.0,Cytosol,True,soy_up
cpd10484_c,"(1S,2R)-Naphthalene_1,2-oxide_C10H8O",1,0.0,Cytosol,False,
cpd02733_c,"3alpha,12alpha-Dihydroxy-5beta-cholanate",1,0.0,Cytosol,False,
cpd01101_c,Carbamate_CH2NO2,1,0.0,Cytosol,False,
cpd01171_e,Galactitol_C6H14O6,1,0.0,Extracellular,False,
cpd00182_e,Adenosine_C10H13N5O4,1,0.0,Extracellular,False,
cpd02775_c,4-Amino-2-methyl-5-phosphomethylpyrimidi,1,0.0,Cytosol,False,
cpd00832_c,N-Acetyl-D-galactosamine_C8H15NO6,1,0.0,Cytosol,False,
cpd11584_c,Ala-His_C9H14N4O3,1,0.0,Cytosol,False,
cpd11584_e,Ala-His_C9H14N4O3,1,0.0,Extracellular,False,
cpd00107_e,L-Leucine_C6H13NO2,1,0.0,Extracellular,True,natto_up
cpd11580_e,Gly-Gln_C7H13N3O4,1,0.0,Extracellular,False,
cpd00128_e,Adenine_C5H5N5,1,0.0,Extracellular,True,natto_up
cpd00244_c,Nickel_Ni,1,0.0,Cytosol,False,
cpd00244_e,Nickel_Ni,1,0.0,Extracellular,False,
cpd00885_c,myo-Inositol_hexakisphosphate_C6H12O24P6,1,0.0,Cytosol,False,
cpd00039_e,L-Lysine_C6H15N2O2,1,0.0,Extracellular,True,natto_up
cpd00013_e,NH3_H4N,1,0.0,Extracellular,False,
cpd01132_c,Puromycin_C22H30N7O5,1,0.0,Cytosol,False,
cpd03485_c,N-Acetyl-D-muramoate_C11H18NO8,1,0.0,Cytosol,False,
cpd03454_e,3'-CMP_C9H13N3O8P,1,0.0,Extracellular,False,
cpd00609_e,D-Glucarate_C6H8O8,1,0.0,Extracellular,False,
cpd00281_e,4-Aminobutanoate_C4H9NO2,1,0.0,Extracellular,False,
cpd04098_e,Arsenite_H3O3As,1,0.0,Extracellular,False,
cpd02625_c,L-1-Pyrroline-3-hydroxy-5-carboxylate_C5,1,0.0,Cytosol,False,
cpd00162_e,Ethanolamine_C2H8NO,1,0.0,Extracellular,False,
cpd11430_c,fa1_C14H27O2,1,0.0,Cytosol,False,
cpd11621_c,Oxidized_ferredoxin_Fe2R4S6,1,0.0,Cytosol,False,
cpd00381_c,L-Cystine_C6H12N2O4S2,1,0.0,Cytosol,False,
cpd00381_e,L-Cystine_C6H12N2O4S2,1,0.0,Extracellular,False,
cpd11592_c,gly-glu-L_C7H11N2O5,1,0.0,Cytosol,False,
cpd11592_e,gly-glu-L_C7H11N2O5,1,0.0,Extracellular,False,
cpd00029_e,Acetate_C2H3O2,1,0.0,Extracellular,True,natto_up
cpd00020_e,Pyruvate_C3H3O3,1,0.0,Extracellular,False,
cpd01995_c,Deacetylcephalosporin_C_C14H18N3O7S,1,0.0,Cytosol,False,
cpd02439_c,2-Dehydro-3-deoxy-D-glucarate_C6H6O7,1,0.0,Cytosol,False,
cpd08636_c,"(S)-4,5-dihydroxypentan-2,3-dione_C5H8O4",1,0.0,Cytosol,False,
cpd00041_e,L-Aspartate_C4H6NO4,1,0.0,Extracellular,False,
cpd02754_c,2-Protocatechoylphloroglucinolcarboxylat,1,0.0,Cytosol,False,
cpd00762_c,4-Guanidinobutanoate_C5H11N3O2,1,0.0,Cytosol,False,
cpd00210_e,Taurine_C2H7NO3S,1,0.0,Extracellular,True,natto_up
cpd16335_c,2-Succinyl-5-enolpyruvyl-6-hydroxy-3-cyc,1,0.0,Cytosol,False,
cpd01973_c,4-Guanidinobutanamide_C5H13N4O,1,0.0,Cytosol,False,
cpd00727_e,2-Phosphoglycolate_C2H3O6P,1,0.0,Extracellular,False,
cpd00867_c,Inositol_1-phosphate_C6H12O9P,1,0.0,Cytosol,False,
cpd02230_c,myo-Inositol_4-phosphate_C6H12O9P,1,0.0,Cytosol,False,
cpd03320_c,3-Hydroxyphenylacetate_C8H7O3,1,0.0,Cytosol,False,
cpd11462_c,mRNA_,1,0.0,Cytosol,False,
cpd00184_e,Thymidine_C10H14N2O5,1,0.0,Extracellular,True,natto_up
cpd03247_c,Glycochenodeoxycholate_C26H42NO5,1,0.0,Cytosol,False,
cpd01914_c,L-Methionine_S-oxide_C5H11NO3S,1,0.0,Cytosol,False,
cpd00104_e,Biotin_C10H15N2O3S,1,0.0,Extracellular,False,
cpd02135_c,4-Nitrophenyl_phosphate_C6H5NO6P,1,0.0,Cytosol,False,
cpd00770_c,N-Formyl-L-glutamate_C6H7NO5,1,0.0,Cytosol,False,
cpd01132_e,Puromycin_C22H30N7O5,1,0.0,Extracellular,False,
cpd00485_e,D-Mannose_1-phosphate_C6H12O9P,1,0.0,Extracellular,False,
cpd00091_e,UMP_C9H12N2O9P,1,0.0,Extracellular,False,
cpd00209_e,Nitrate_NO3,1,0.0,Extracellular,False,
cpd02197_c,5-Formyltetrahydrofolate_C20H21N7O7,1,0.0,Cytosol,False,
cpd11589_c,gly-asp-L_C6H9N2O5,1,0.0,Cytosol,False,
cpd11589_e,gly-asp-L_C6H9N2O5,1,0.0,Extracellular,False,
cpd00266_c,L-Carnitine_C7H15NO3,1,0.0,Cytosol,False,
cpd00266_e,L-Carnitine_C7H15NO3,1,0.0,Extracellular,False,
cpd00074_c,Sulfur_S,1,0.0,Cytosol,True,natto_up
cpd00085_e,beta-Alanine_C3H7NO2,1,0.0,Extracellular,False,
cpd02484_c,1D-myo-Inositol_3-phosphate_C6H12O9P,1,0.0,Cytosol,True,natto_up
cpd03847_c,Tetradecanoic_acid_C14H27O2,1,0.0,Cytosol,False,
cpd00185_e,D-Arabinose_C5H10O5,1,0.0,Extracellular,False,
cpd01133_c,Stachyose_C24H42O21,1,0.0,Cytosol,True,soy_up
cpd10549_c,"Benzo[a]pyrene-7,8-diol_C20H14O2",1,0.0,Cytosol,False,
cpd03424_c,Vitamin_B12_C61H86CoN13O14PR,1,0.0,Cytosol,False,
cpd03424_e,Vitamin_B12_C61H86CoN13O14PR,1,0.0,Extracellular,False,
cpd01262_e,Maltotriose_C18H32O16,1,0.0,Extracellular,False,
cpd02414_c,L-2-Amino-6-oxoheptanedioate_C7H10NO5,1,0.0,Cytosol,False,
cpd00521_c,dTDP-4-dehydro-6-deoxy-alpha-D-glucose_C,1,0.0,Cytosol,True,soy_up
cpd12115_c,alpha-L-Arabinan_C15H26O13,1,0.0,Cytosol,False,
cpd02279_c,"NG,NG-Dimethyl-L-arginine_C8H19N4O2",1,0.0,Cytosol,False,
cpd00261_c,L-Xylulose_C5H10O5,1,0.0,Cytosol,False,
cpd04761_c,Ferroxamine_C25H46FeN6O8,1,0.0,Cytosol,False,
cpd04761_e,Ferroxamine_C25H46FeN6O8,1,0.0,Extracellular,False,
cpd00126_e,GMP_C10H13N5O8P,1,0.0,Extracellular,False,
cpd10498_c,"1-Nitro-5,6-dihydroxy-dihydronaphthalene",1,0.0,Cytosol,False,
cpd00040_e,Glyoxylate_C2HO3,1,0.0,Extracellular,False,
cpd00976_c,dIDP_C10H12N4O10P2,1,0.0,Cytosol,False,
cpd00519_c,(S)-2-Methyl-3-oxopropanoyl-CoA_C25H36N7,1,0.0,Cytosol,False,
cpd03487_c,Undecaprenyl-diphospho-N-acetylmuramoyl-,1,0.0,Cytosol,False,
cpd01553_e,Salicyl_alcohol_C7H8O2,1,0.0,Extracellular,False,
cpd10497_c,"1-Nitronaphthalene-5,6-oxide_C10H7NO3",1,0.0,Cytosol,False,
cpd00082_e,D-Fructose_C6H12O6,1,0.0,Extracellular,False,
cpd04652_c,2-Oxo-5-methyl-cis-muconate_C7H6O5,1,0.0,Cytosol,False,
cpd00897_c,CDP-4-dehydro-6-deoxy-D-glucose_C15H21N3,1,0.0,Cytosol,False,
cpd00138_c,D-Mannose_C6H12O6,1,0.0,Cytosol,False,
cpd02090_c,Glycerophosphoglycerol_C6H14O8P,1,0.0,Cytosol,False,
cpd00208_e,Lactose_C12H22O11,1,0.0,Extracellular,True,natto_up
cpd01048_e,Arsenic_acid_HO4As,1,0.0,Extracellular,False,
cpd00212_e,L-Sorbose_C6H12O6,1,0.0,Extracellular,False,
cpd15611_c,hexanal_C6H12O,1,0.0,Cytosol,False,
cpd09812_c,4-Hydroxymethylsalicylate_C8H7O4,1,0.0,Cytosol,False,
cpd00288_e,D-Glucosamine_6-phosphate_C6H14NO8P,1,0.0,Extracellular,False,
cpd00239_e,Hydrogen_sulfide_H2S,1,0.0,Extracellular,False,
cpd00526_c,"3alpha,7alpha,12alpha-Trihydroxy-5beta-c",1,0.0,Cytosol,False,
cpd00541_e,Lipoate_C8H13O2S2,1,0.0,Extracellular,False,
cpd00739_c,Reduced_riboflavin_C17H22N4O6,1,0.0,Cytosol,False,
cpd00169_e,3-Phospho-D-glycerate_C3H5O7P,1,0.0,Extracellular,False,
cpd00058_c,Copper2_Cu,1,0.0,Cytosol,False,
cpd00058_e,Copper2_Cu,1,0.0,Extracellular,False,
cpd00284_e,6-Phospho-D-gluconate_C6H11O10P,1,0.0,Extracellular,False,
cpd11587_e,Ala-Gln_C8H15N3O4,1,0.0,Extracellular,False,
cpd14553_c,Heme_C_C40H44FeN6O8S2,1,0.0,Cytosol,False,
cpd07061_c,Stachydrine_C7H13NO2,1,0.0,Cytosol,False,
cpd03535_e,L-Arginine_phosphate_C6H14N4O5P,1,0.0,Extracellular,True,natto_up
cpd00122_e,N-Acetyl-D-glucosamine_C8H15NO6,1,0.0,Extracellular,False,
cpd11593_c,ala-L-asp-L_C7H11N2O5,1,0.0,Cytosol,False,
cpd11593_e,ala-L-asp-L_C7H11N2O5,1,0.0,Extracellular,False,
cpd00155_e,Glycogen_C30H52O26,1,0.0,Extracellular,False,
cpd00482_e,2-Phospho-D-glycerate_C3H5O7P,1,0.0,Extracellular,False,
cpd15274_c,Octadecenoyl-CoA_C39H65N7O17P3S,1,0.0,Cytosol,False,
cpd00161_e,L-Threonine_C4H9NO3,1,0.0,Extracellular,True,natto_up
cpd00251_c,ADP-ribose_C15H21N5O14P2,1,0.0,Cytosol,False,
cpd00153_c,Benzoate_C7H5O2,1,0.0,Cytosol,True,soy_up
cpd00382_e,Raffinose_C18H32O16,1,0.0,Extracellular,True,soy_up
cpd00769_c,N-Formyl-L-aspartate_C5H5NO5,1,0.0,Cytosol,False,
cpd00742_c,Urea-1-carboxylate_C2H3N2O3,1,0.0,Cytosol,False,
cpd11577_c,Lanthionine_C6H10N2O4S,1,0.0,Cytosol,False,
cpd11577_e,Lanthionine_C6H10N2O4S,1,0.0,Extracellular,False,
cpd11668_c,Penicillin_C9H10N2O4RS,1,0.0,Cytosol,False,
cpd11620_c,Reduced_ferredoxin_Fe2R4S6,1,0.0,Cytosol,False,
cpd11312_c,Heme_A_C49H54FeN4O6,1,0.0,Cytosol,False,
cpd11586_c,ala-L-glu-L_C8H13N2O5,1,0.0,Cytosol,False,
cpd15585_e,beta-Methylglucoside_C7H14O6,1,0.0,Extracellular,False,
cpd01647_c,2-Phenylacetamide_C8H9NO,1,0.0,Cytosol,False,
cpd06707_c,Benzamide_C7H7NO,1,0.0,Cytosol,False,
cpd11599_c,3-aminobutanoic_acid_C4H9NO2,1,0.0,Cytosol,False,
cpd11599_e,3-aminobutanoic_acid_C4H9NO2,1,0.0,Extracellular,False,
cpd00233_c,Tetrahydrobiopterin_C9H15N5O3,1,0.0,Cytosol,False,
cpd02274_c,Methyl_beta-D-galactoside_C7H14O6,1,0.0,Cytosol,False,
cpd02274_e,Methyl_beta-D-galactoside_C7H14O6,1,0.0,Extracellular,True,natto_up
cpd03646_c,gamma-Glutamyl-beta-aminopropiononitrile,1,0.0,Cytosol,False,
cpd11587_c,Ala-Gln_C8H15N3O4,1,0.0,Cytosol,False,
cpd15385_c,L-alanine-D-glutamate_C8H13N2O5,1,0.0,Cytosol,False,
cpd00908_c,sn-glycero-3-Phosphoethanolamine_C5H14NO,1,0.0,Cytosol,False,
cpd02740_c,Guanosine_3'-diphosphate 5'-triphosphate,1,0.0,Cytosol,True,natto_up
cpd15607_c,Heme_D_C34H28FeN4O10,1,0.0,Cytosol,False,
cpd00298_e,dTMP_C10H14N2O8P,1,0.0,Extracellular,False,
cpd01947_e,"(R,R)-Butane-2,3-diol_C4H10O2",1,0.0,Extracellular,False,
cpd00430_c,Phenyl_acetate_C8H8O2,1,0.0,Cytosol,True,natto_up
cpd01747_c,Indole-3-acetamide_C10H10N2O,1,0.0,Cytosol,False,
cpd11438_c,fa4_C15H29O2,1,0.0,Cytosol,False,
cpd02522_c,L-2-Aminoadipate_6-semialdehyde_C6H11NO3,1,0.0,Cytosol,False,
cpd00588_e,D-Sorbitol_C6H14O6,1,0.0,Extracellular,False,
cpd00073_e,Urea_CH4N2O,1,0.0,Extracellular,False,
cpd03407_c,gamma-Glutamyl-beta-cyanoalanine_C9H12N3,1,0.0,Cytosol,False,
cpd15596_c,Dipicolinate_C7H3NO4,1,0.0,Cytosol,False,
cpd00947_c,"beta-D-Galactosyl-1,4-beta-D-glucosylcer",1,0.0,Cytosol,False,
cpd03360_c,Dihydropteridine_C6H6N4,1,0.0,Cytosol,False,
cpd01831_c,Imidazole-4-acetate_C5H5N2O2,1,0.0,Cytosol,False,
cpd01155_c,Cadaverine_C5H16N2,1,0.0,Cytosol,False,
cpd03200_c,D-Gal_alpha 1-6D-Gal alpha 1->6D-Glucose,1,0.0,Cytosol,False,
cpd09801_c,2-Methylnaphthalene_C11H10,1,0.0,Cytosol,False,
cpd00007_e,Oxygen_O2,1,0.0,Extracellular,False,
cpd01991_c,Cytidine_2'-phosphate_C9H13N3O8P,1,0.0,Cytosol,False,
cpd01991_e,Cytidine_2'-phosphate_C9H13N3O8P,1,0.0,Extracellular,True,natto_up
cpd07061_e,Stachydrine_C7H13NO2,1,0.0,Extracellular,False,
cpd00139_e,Glycolate_C2H3O3,1,0.0,Extracellular,False,
cpd01293_c,5-Oxoproline_C5H6NO3,1,0.0,Cytosol,False,
cpd01293_e,5-Oxoproline_C5H6NO3,1,0.0,Extracellular,True,natto_up
cpd03361_c,Tetrahydropteridine_C6H8N4,1,0.0,Cytosol,False,
cpd12227_c,L-Glutamyl-tRNA(Glu)_C15H19N6O6R,1,0.0,Cytosol,False,
cpd00001_e,H2O_H2O,1,0.0,Extracellular,False,
cpd15584_c,alpha-Methyl-D-glucoside_C7H14O6,1,0.0,Cytosol,False,
cpd11586_e,ala-L-glu-L_C8H13N2O5,1,0.0,Extracellular,False,
cpd03452_c,(L-Seryl)adenylate_C13H19N6O9P,1,0.0,Cytosol,False,
cpd04539_c,2-Amino-3-oxo-4-phosphonooxybutyrate_C4H,1,0.0,Cytosol,False,
cpd00100_e,Glycerol_C3H8O3,1,0.0,Extracellular,False,
cpd11463_c,Protein_C4H5N2O3R2,1,0.0,Cytosol,False,
cpd00352_c,"2,3,4,5-Tetrahydropyridine-2-carboxylate",1,0.0,Cytosol,False,
cpd00550_e,D-Serine_C3H7NO3,1,0.0,Extracellular,True,natto_up
cpd00276_e,D-Glucosamine_C6H14NO5,1,0.0,Extracellular,False,
cpd00977_c,dITP_C10H12N4O13P3,1,0.0,Cytosol,False,
cpd08449_c,3-Amino-2-oxopropyl_phosphate_C3H8NO5P,1,0.0,Cytosol,False,
cpd05191_c,3-(Methylthio)propionic_acid_C4H7O2S,1,0.0,Cytosol,False,
cpd00417_e,L-Arabitol_C5H12O5,1,0.0,Extracellular,False,
cpd00360_c,Purine_C5H4N4,1,0.0,Cytosol,False,
cpd00216_e,Chorismate_C10H8O6,1,0.0,Extracellular,False,
cpd11578_e,hexanesulfonate_C6H13O3S,1,0.0,Extracellular,False,
cpd03701_e,Guanosine_3'-phosphate_C10H13N5O8P,1,0.0,Extracellular,False,
cpd11598_e,Antimonite_Sb,1,0.0,Extracellular,False,
cpd03191_c,D-Glucuronate_1-phosphate_C6H9O10P,1,0.0,Cytosol,False,
cpd00300_e,Urate_C5H4N4O3,1,0.0,Extracellular,False,
cpd08305_e,Crotono-betaine_C8H16NO,1,0.0,Extracellular,False,
cpd00221_c,(R)-Lactate_C3H5O3,1,0.0,Cytosol,False,
cpd11596_e,butanesulfonate_C4H9O3S,1,0.0,Extracellular,False,
cpd03161_e,Phenethylamine_C8H12N,1,0.0,Extracellular,True,natto_up
cpd00054_e,L-Serine_C3H7NO3,1,0.0,Extracellular,True,natto_up
cpd00797_c,(R)-3-Hydroxybutanoate_C4H7O3,1,0.0,Cytosol,False,
cpd00307_e,Cytosine_C4H5N3O,1,0.0,Extracellular,False,
cpd11433_c,fa12_C17H33O2,1,0.0,Cytosol,False,
cpd00217_c,Isomaltose_C12H22O11,1,0.0,Cytosol,False,
cpd00703_c,Indole-3-acetate_C10H8NO2,1,0.0,Cytosol,False,
cpd03724_c,Ferrichrome_C27H45FeN9O12,1,0.0,Cytosol,False,
cpd03724_e,Ferrichrome_C27H45FeN9O12,1,0.0,Extracellular,False,
cpd01892_c,4-Hydroxybenzoyl-CoA_C28H37N7O18P3S,1,0.0,Cytosol,False,
cpd15634_c,"teichuronic_acid (GlcA + GalNac, 45 repe",1,0.0,Cytosol,False,
cpd01465_c,Leukotriene_C4_C30H45N3O9S,1,0.0,Cytosol,False,
cpd00072_e,D-Fructose_6-phosphate_C6H12O9P,1,0.0,Extracellular,False,
cpd00061_e,Phosphoenolpyruvate_C3H3O6P,1,0.0,Extracellular,False,
cpd03607_c,O-Phospho-4-hydroxy-L-threonine_C4H9NO7P,1,0.0,Cytosol,False,
cpd00446_c,"3',5'-Cyclic_AMP_C10H11N5O6P",1,0.0,Cytosol,False,
cpd00531_c,Hg2+_Hg,1,0.0,Cytosol,False,
cpd00531_e,Hg2+_Hg,1,0.0,Extracellular,False,
cpd00121_e,myo-Inositol_C6H12O6,1,0.0,Extracellular,False,
cpd00464_e,Phenylacetaldehyde_C8H8O,1,0.0,Extracellular,False,
cpd08305_c,Crotono-betaine_C8H16NO,1,0.0,Cytosol,False,
cpd01622_e,Trimetaphosphate_O9P3,1,0.0,Extracellular,False,
cpd00794_c,"alpha,alpha-Trehalose_C12H22O11",1,0.0,Cytosol,False,
cpd00794_e,"alpha,alpha-Trehalose_C12H22O11",1,0.0,Extracellular,False,
cpd02074_c,6-Amino-2-oxohexanoate_C6H11NO3,1,0.0,Cytosol,False,
cpd11598_c,Antimonite_Sb,1,0.0,Cytosol,False,
cpd01939_c,Uridine_2'-phosphate_C9H12N2O9P,1,0.0,Cytosol,False,
cpd01939_e,Uridine_2'-phosphate_C9H12N2O9P,1,0.0,Extracellular,False,
cpd00268_c,Thiosulfate_O3S2,1,0.0,Cytosol,False,
cpd00507_c,sn-glycero-3-Phosphocholine_C8H20NO6P,1,0.0,Cytosol,False,
cpd00492_e,N-Acetyl-D-mannosamine_C8H15NO6,1,0.0,Extracellular,False,
cpd01092_e,(S)(+)-Allantoin_C4H6N4O3,1,0.0,Extracellular,False,
cpd01570_e,"2',3'-Cyclic_AMP_C10H11N5O6P",1,0.0,Extracellular,False,
cpd01030_e,Salicin_C13H18O7,1,0.0,Extracellular,False,
cpd00679_c,Cephalosporin_C_C16H20N3O8S,1,0.0,Cytosol,False,
cpd03496_c,Undecaprenyl-diphospho-N-acetylmuramoyl-,1,0.0,Cytosol,False,
cpd03444_c,2-Octaprenylphenol_C46H70O,1,0.0,Cytosol,False,
cpd00046_e,CMP_C9H13N3O8P,1,0.0,Extracellular,False,
cpd00069_e,L-Tyrosine_C9H11NO3,1,0.0,Extracellular,False,
cpd11735_c,Amylose_C30H52O26,1,0.0,Cytosol,False,
cpd00322_e,L-Isoleucine_C6H13NO2,1,0.0,Extracellular,True,natto_up
cpd02508_c,5-Dehydro-4-deoxy-D-glucuronate_C6H7O6,1,0.0,Cytosol,False,
cpd03279_c,Deoxyinosine_C10H12N4O4,1,0.0,Cytosol,False,
cpd00793_e,Thiamin_monophosphate_C12H17N4O4PS,1,0.0,Extracellular,False,
cpd00220_e,Riboflavin_C17H20N4O6,1,0.0,Extracellular,False,
cpd09806_c,4-Methylsalicylate_C8H7O3,1,0.0,Cytosol,False,
cpd01572_e,"2',3'-Cyclic_UMP_C9H10N2O8P",1,0.0,Extracellular,False,
cpd00840_c,"(3S)-3,6-Diaminohexanoate_C6H15N2O2",1,0.0,Cytosol,False,
cpd00231_c,Dihydrobiopterin_C9H13N5O3,1,0.0,Cytosol,False,
cpd00151_c,Thymine_C5H6N2O2,1,0.0,Cytosol,False,
cpd11591_e,Gly-Met_C7H14N2O3S,1,0.0,Extracellular,False,
cpd00285_e,Ethanolamine_phosphate_C2H8NO4P,1,0.0,Extracellular,False,
cpd03524_c,10-Formyltetrahydrofolyl_L-glutamate_C25,1,0.0,Cytosol,False,
cpd00065_e,L-Tryptophan_C11H12N2O2,1,0.0,Extracellular,True,natto_up
cpd09791_c,3-Methylsalicylate_C8H7O3,1,0.0,Cytosol,False,
cpd00423_c,Cob(II)alamin_C62H89CoN13O14P,1,0.0,Cytosol,False,
cpd00423_e,Cob(II)alamin_C62H89CoN13O14P,1,0.0,Extracellular,False,
cpd01197_c,Nebularine_C10H12N4O4,1,0.0,Cytosol,False,
cpd15670_c,Lipoteichoic_acid content_,1,0.0,Cytosol,False,
cpd00158_c,Cellobiose_C12H22O11,1,0.0,Cytosol,False,
cpd00158_e,Cellobiose_C12H22O11,1,0.0,Extracellular,False,
cpd00652_e,D-Galactarate_C6H8O8,1,0.0,Extracellular,False,
cpd00922_c,"1,2-Didehydropiperidine-2-carboxylate_C6",1,0.0,Cytosol,False,
cpd14954_c,Protein_N6-(lipoyl)lysine_C8H14NORS2,1,0.0,Cytosol,False,
cpd00232_e,N-Acetylneuraminate_C11H18NO9,1,0.0,Extracellular,False,
cpd00136_c,4-Hydroxybenzoate_C7H5O3,1,0.0,Cytosol,False,
cpd00036_e,Succinate_C4H4O4,1,0.0,Extracellular,False,
cpd04651_c,"2-Hydroxy-5-methyl-cis,cis-muconate_C7H6",1,0.0,Cytosol,False,
cpd00164_e,D-Glucuronate_C6H9O7,1,0.0,Extracellular,False,
cpd00235_e,D-Mannose_6-phosphate_C6H12O9P,1,0.0,Extracellular,False,
cpd09813_c,4-Hydroxymethylcatechol_C7H8O3,1,0.0,Cytosol,False,
cpd15390_c,N-Acetyl-D-galactosamine_1-phosphate_C8H,1,0.0,Cytosol,False,
cpd00425_c,Dimethylamine_C2H8N,1,0.0,Cytosol,False,
cpd00311_e,Guanosine_C10H13N5O5,1,0.0,Extracellular,False,
cpd16277_c,Fructoselysine_6-phosphate_C12H25N2O10P,1,0.0,Cytosol,False,
cpd00532_c,O2.-_HO2,1,0.0,Cytosol,False,
cpd01871_c,"2,3-Dihydroxytoluene_C7H8O2",1,0.0,Cytosol,False,
cpd00176_e,2-Dehydro-3-deoxy-D-gluconate_C6H9O6,1,0.0,Extracellular,False,
cpd00142_e,Acetoacetate_C4H5O3,1,0.0,Extracellular,False,
cpd00117_e,D-Alanine_C3H7NO2,1,0.0,Extracellular,False,
cpd03702_c,"2',3'-Cyclic_GMP_C10H11N5O7P",1,0.0,Cytosol,False,
cpd01932_c,"Naphthalene-1,2-diol_C10H8O2",1,0.0,Cytosol,False,
cpd00438_e,Deoxyadenosine_C10H13N5O3,1,0.0,Extracellular,True,natto_up
cpd00149_c,Cobalt_Co,1,0.0,Cytosol,False,
cpd00149_e,Cobalt_Co,1,0.0,Extracellular,False,
cpd10483_c,"(1R,2S)-Naphthalene_1,2-oxide_C10H8O",1,0.0,Cytosol,False,
cpd00395_c,L-Cysteate_C3H6NO5S,1,0.0,Cytosol,False,
cpd00395_e,L-Cysteate_C3H6NO5S,1,0.0,Extracellular,False,
cpd11461_c,DNA_C15H23O13P2R3,1,0.0,Cytosol,False,
cpd00018_e,AMP_C10H13N5O7P,1,0.0,Extracellular,False,
cpd03606_c,2-Oxo-3-hydroxy-4-phosphobutanoate_C4H5O,1,0.0,Cytosol,False,
cpd00644_e,Pantothenate_C9H16NO5,1,0.0,Extracellular,False,
cpd08928_e,L-Threonine_O-3-phosphate_C4H9NO6P,1,0.0,Extracellular,False,
cpd03734_c,Acetamide_C2H5NO,1,0.0,Cytosol,False,
cpd00280_e,D-Galacturonate_C6H9O7,1,0.0,Extracellular,False,
cpd01727_c,6-Carboxyhexanoate_C7H10O4,1,0.0,Cytosol,False,
cpd00378_c,Formamide_CH3NO,1,0.0,Cytosol,False,
cpd00876_c,3-Hydroxy-2-methylpropanoate_C4H7O3,1,0.0,Cytosol,False,
cpd00400_c,Propenoate_C3H3O2,1,0.0,Cytosol,False,
cpd08306_c,Butyro-betaine_C8H18NO,1,0.0,Cytosol,False,
cpd08306_e,Butyro-betaine_C8H18NO,1,0.0,Extracellular,False,
cpd00489_c,4-Hydroxyphenylacetate_C8H7O3,1,0.0,Cytosol,False,
cpd01157_c,Chitobiose_C16H28N2O11,1,0.0,Cytosol,False,
cpd00870_c,4-Trimethylammoniobutanoate_C7H15NO2,1,0.0,Cytosol,False,
cpd00870_e,4-Trimethylammoniobutanoate_C7H15NO2,1,0.0,Extracellular,False,
cpd15238_c,Hexadecenoyl-CoA_C37H61N7O17P3S,1,0.0,Cytosol,False,
cpd11590_c,met-L-ala-L_C8H15N2O3S,1,0.0,Cytosol,False,
cpd11590_e,met-L-ala-L_C8H15N2O3S,1,0.0,Extracellular,False,
cpd08376_c,2-(beta-D-Glucosyl)-sn-glycerol_C9H18O8,1,0.0,Cytosol,False,
cpd08376_e,2-(beta-D-Glucosyl)-sn-glycerol_C9H18O8,1,0.0,Extracellular,False,
cpd00700_c,Adenosine_2'-phosphate_C10H13N5O7P,1,0.0,Cytosol,False,
cpd00700_e,Adenosine_2'-phosphate_C10H13N5O7P,1,0.0,Extracellular,True,soy_up
cpd00393_e,Folate_C19H17N7O6,1,0.0,Extracellular,False,
cpd03861_c,L-Xylulose_1-phosphate_C5H10O8P,1,0.0,Cytosol,False,
cpd00028_e,Heme_C34H30FeN4O4,1,0.0,Extracellular,False,
cpd00035_e,L-Alanine_C3H7NO2,1,0.0,Extracellular,True,natto_up
cpd15800_c,Lipid_composition of B. subtilis_,1,0.0,Cytosol,False,
cpd00367_e,Cytidine_C9H13N3O5,1,0.0,Extracellular,False,
cpd02528_c,UDP-4-dehydro-6-deoxy-D-glucose_C15H20N2,1,0.0,Cytosol,False,
cpd00415_e,p-Benzenediol_C6H6O2,1,0.0,Extracellular,False,
cpd00988_e,3'-AMP_C10H13N5O7P,1,0.0,Extracellular,False,
cpd11574_c,Molybdate_H2MoO4,1,0.0,Cytosol,False,
cpd11574_e,Molybdate_H2MoO4,1,0.0,Extracellular,False,
cpd11595_c,chromate_H2O4Cr,1,0.0,Cytosol,False,
cpd11595_e,chromate_H2O4Cr,1,0.0,Extracellular,False,
cpd01665_e,D-O-Phosphoserine_C3H7NO6P,1,0.0,Extracellular,False,
cpd00141_e,Propanoate_C3H5O2,1,0.0,Extracellular,False,
cpd03805_c,2-Deoxy-D-glucose_6-phosphate_C6H12O8P,1,0.0,Cytosol,False,
cpd11575_c,MOPS_C7H14NO4S,1,0.0,Cytosol,False,
cpd11575_e,MOPS_C7H14NO4S,1,0.0,Extracellular,False,
cpd00079_e,D-Glucose_6-phosphate_C6H12O9P,1,0.0,Extracellular,False,
cpd00751_c,6-Deoxy-L-galactose_C6H12O5,1,0.0,Cytosol,False,
cpd00751_e,6-Deoxy-L-galactose_C6H12O5,1,0.0,Extracellular,False,
cpd05240_c,Amygdalin_C20H27NO11,1,0.0,Cytosol,False,
cpd05240_e,Amygdalin_C20H27NO11,1,0.0,Extracellular,False,
cpd00972_c,XDP_C10H12N4O12P2,1,0.0,Cytosol,False,
cpd01507_c,3-Oxoadipyl-CoA_C27H38N7O20P3S,1,0.0,Cytosol,False,
cpd01187_c,L-Glucitol_C6H14O6,1,0.0,Cytosol,False,
cpd01187_e,L-Glucitol_C6H14O6,1,0.0,Extracellular,False,
cpd00077_c,Catechol_C6H6O2,1,0.0,Cytosol,False,
cpd02494_c,"(2,3-Dihydroxybenzoyl)adenylate_C17H17N5",1,0.0,Cytosol,False,
cpd00207_e,Guanine_C5H5N5O,1,0.0,Extracellular,True,natto_up
cpd00530_c,XTP_C10H12N4O15P3,1,0.0,Cytosol,False,
cpd03884_c,D-Psicose_C6H12O6,1,0.0,Cytosol,False,
cpd03884_e,D-Psicose_C6H12O6,1,0.0,Extracellular,False,
cpd03696_e,Arbutin_C12H16O7,1,0.0,Extracellular,False,
cpd03805_e,2-Deoxy-D-glucose_6-phosphate_C6H12O8P,1,0.0,Extracellular,False,
cpd00396_e,L-Rhamnose_C6H12O5,1,0.0,Extracellular,False,
cpd11581_c,gly-asn-L_C6H11N3O4,1,0.0,Cytosol,False,
cpd11581_e,gly-asn-L_C6H11N3O4,1,0.0,Extracellular,False,
cpd09844_c,(3S)-3-Hydroxyadipyl-CoA_C27H40N7O20P3S,1,0.0,Cytosol,False,
cpd00386_e,(R)-Malate_C4H4O5,1,0.0,Extracellular,False,
cpd00681_e,Choline_sulfate_C5H13NO4S,1,0.0,Extracellular,False,
cpd00222_e,D-Gluconic_acid_C6H11O7,1,0.0,Extracellular,False,
cpd03572_c,(S)-3-Hydroxyisobutyryl-CoA_C25H39N7O18P,1,0.0,Cytosol,False,
cpd03492_c,Undecaprenyl-diphospho-N-acetylmuramoyl-,1,0.0,Cytosol,False,
cpd00080_e,sn-Glycerol_3-phosphate_C3H8O6P,1,0.0,Extracellular,False,
cpd15664_c,Cell_wall of B. subtilis_,1,0.0,Cytosol,False,
cpd03048_e,2-Hydroxyethanesulfonate_C2H5O4S,1,0.0,Extracellular,True,soy_up
cpd06227_c,Tetrahydrofolyl-[Glu](2)_C24H27N8O9,1,0.0,Cytosol,False,
cpd00368_c,D-Lyxose_C5H10O5,1,0.0,Cytosol,False,
cpd00421_e,Triphosphate_HO10P3,1,0.0,Extracellular,False,
cpd08367_c,(2R)-3-Sulfolactate_C3H4O6S,1,0.0,Cytosol,False,
cpd15471_c,gamma-butyrobetaine_C7H15NO2,1,0.0,Cytosol,False,
cpd15471_e,gamma-butyrobetaine_C7H15NO2,1,0.0,Extracellular,False,
cpd00064_e,L-Ornithine_C5H13N2O2,1,0.0,Extracellular,True,natto_up
cpd03052_c,Imidazole-4-acetaldehyde_C5H6N2O,1,0.0,Cytosol,False,
cpd01217_e,Xanthosine_C10H12N4O6,1,0.0,Extracellular,False,
cpd11583_e,Ala-Leu_C9H18N2O3,1,0.0,Extracellular,False,
cpd01080_c,Octadecanoic_acid_C18H35O2,1,0.0,Cytosol,False,
cpd00098_e,Choline_C5H14NO,1,0.0,Extracellular,True,soy_up
cpd00051_e,L-Arginine_C6H15N4O2,1,0.0,Extracellular,False,
cpd03211_c,15-cis-Phytoene_C40H64,1,0.0,Cytosol,False,
cpd08211_c,"trans,trans,cis-Geranylgeranyl_diphospha",1,0.0,Cytosol,False,
cpd00084_e,L-Cysteine_C3H7NO2S,1,0.0,Extracellular,False,
cpd00274_e,L-Citrulline_C6H13N3O3,1,0.0,Extracellular,True,natto_up
cpd00089_e,D-Glucose_1-phosphate_C6H12O9P,1,0.0,Extracellular,False,
cpd00557_c,Siroheme_C42H36FeN4O16,1,0.0,Cytosol,False,
cpd00132_e,L-Asparagine_C4H8N2O3,1,0.0,Extracellular,True,natto_up
cpd01923_c,N-Acetylmuramoyl-Ala_C14H23N2O9,1,0.0,Cytosol,False,
cpd01441_c,Acetyl-maltose_C14H24O12,1,0.0,Cytosol,False,
cpd00765_c,"L-Gulono-1,4-lactone_C6H10O6",1,0.0,Cytosol,False,
cpd00765_e,"L-Gulono-1,4-lactone_C6H10O6",1,0.0,Extracellular,False,
cpd00681_c,Choline_sulfate_C5H13NO4S,1,0.0,Cytosol,False,
cpd00249_e,Uridine_C9H12N2O6,1,0.0,Extracellular,True,soy_up
cpd00157_e,Glycerone_C3H6O3,1,0.0,Extracellular,False,
cpd00457_e,Choline_phosphate_C5H14NO4P,1,0.0,Extracellular,False,
cpd04135_c,Chloroacetic_acid_C2H2O2Cl,1,0.0,Cytosol,False,
cpd00112_c,CMP-N-acetylneuraminate_C20H29N4O16P,1,0.0,Cytosol,False,
cpd05190_c,L-Djenkolic_acid_C7H14N2O4S2,1,0.0,Cytosol,False,
cpd05190_e,L-Djenkolic_acid_C7H14N2O4S2,1,0.0,Extracellular,False,
cpd03530_c,L-4-Hydroxyglutamate_semialdehyde_C5H9NO,1,0.0,Cytosol,False,
cpd01318_c,Glycocholate_C26H42NO6,1,0.0,Cytosol,False,
cpd02780_c,"D-myo-Inositol_1,2,4,5,6-pentakisphospha",1,0.0,Cytosol,False,
cpd11576_c,L-methionine_R-oxide_C5H11NO3S,1,0.0,Cytosol,False,
cpd09878_e,Sulfoacetate_C2H2O5S,1,0.0,Extracellular,False,
cpd00011_e,CO2_CO2,1,0.0,Extracellular,False,
cpd00214_c,Hexadecanoic_acid_C16H31O2,1,0.0,Cytosol,False,
cpd00146_e,Carbamoyl_phosphate_CH3NO5P,1,0.0,Extracellular,False,
cpd11583_c,Ala-Leu_C9H18N2O3,1,0.0,Cytosol,False,
cpd03245_c,Glycodeoxycholate_C26H42NO5,1,0.0,Cytosol,False,
cpd00186_e,D-Glutamate_C5H8NO4,1,0.0,Extracellular,False,
cpd02012_c,N-Formyl-L-methionine_C6H10NO3S,1,0.0,Cytosol,False,
cpd01415_c,Thioglycolate_C2H3O2S,1,0.0,Cytosol,False,
cpd01415_e,Thioglycolate_C2H3O2S,1,0.0,Extracellular,False,
cpd01556_c,UDP-L-iduronate_C15H19N2O18P2,1,0.0,Cytosol,False,
cpd00047_e,Formate_CHO2,1,0.0,Extracellular,False,
cpd03491_c,Undecaprenyl-diphospho-N-acetylmuramoyl-,1,0.0,Cytosol,False,
cpd00218_e,Nicotinate_C6H4NO2,1,0.0,Extracellular,False,
cpd00099_c,Chloride_Cl,1,0.0,Cytosol,True,natto_up
cpd01200_e,Palatinose_C12H22O11,1,0.0,Extracellular,False,
cpd03443_c,3-Octaprenyl-4-hydroxybenzoate_C47H69O3,1,0.0,Cytosol,False,
cpd01753_c,N-Acetoxyarylamine_C8H9NO2,1,0.0,Cytosol,False,
cpd02158_c,"N1,N12-Diacetylspermine_C14H32N4O2",1,0.0,Cytosol,False,
cpd11594_e,Dextrin_C36H62O31,1,0.0,Extracellular,False,
cpd01298_c,Aminoacetone_C3H8NO,1,0.0,Cytosol,False,
cpd11585_c,L-alanylglycine_C5H10N2O3,1,0.0,Cytosol,False,
cpd00076_e,Sucrose_C12H22O11,1,0.0,Extracellular,False,
cpd00434_c,4-Aminobutanal_C4H10NO,1,0.0,Cytosol,False,
cpd02241_c,D-Mannosamine_C6H14NO5,1,0.0,Cytosol,False,
cpd02241_e,D-Mannosamine_C6H14NO5,1,0.0,Extracellular,False,
cpd00156_e,L-Valine_C5H11NO2,1,0.0,Extracellular,True,natto_up
cpd04117_c,4-Methylcatechol_C7H8O2,1,0.0,Cytosol,False,
cpd16488_c,Generic_lipid content_C20H28O,1,0.0,Cytosol,False,
cpd00159_e,(S)-Lactate_C3H5O3,1,0.0,Extracellular,False,
cpd00048_e,Sulfate_O4S,1,0.0,Extracellular,False,
cpd00060_e,L-Methionine_C5H11NO2S,1,0.0,Extracellular,False,
cpd00106_e,Fumarate_C4H2O4,1,0.0,Extracellular,False,
cpd01150_c,Acrylamide_C3H5NO,1,0.0,Cytosol,False,
cpd11431_c,fa11_C17H33O2,1,0.0,Cytosol,False,
cpd00654_e,Deoxycytidine_C9H13N3O4,1,0.0,Extracellular,False,
cpd00246_e,Inosine_C10H12N4O5,1,0.0,Extracellular,False,
cpd15237_c,hexadecenoate_C16H29O2,1,0.0,Cytosol,False,
cpd01242_e,Deoxyribose_C5H10O4,1,0.0,Extracellular,False,
cpd11588_c,gly-pro-L_C7H12N2O3,1,0.0,Cytosol,False,
cpd11588_e,gly-pro-L_C7H12N2O3,1,0.0,Extracellular,False,
cpd15269_c,octadecenoate_C18H33O2,1,0.0,Cytosol,False,
cpd03656_c,GA2_C39H69N2O18R,1,0.0,Cytosol,False,
cpd02698_c,"N-Succinyl-LL-2,6-diaminoheptanedioate_C",1,0.0,Cytosol,False,
cpd02569_c,3-Hydroxy-3-methyl-2-oxobutanoic_acid_C5,1,0.0,Cytosol,False,
cpd01763_c,N-Hydroxyarylamine_C6H7NO,1,0.0,Cytosol,False,
cpd04097_c,Lead_Pb,1,0.0,Cytosol,False,
cpd04097_e,Lead_Pb,1,0.0,Extracellular,False,
cpd00470_c,N1-Acetylspermidine_C9H23N3O,1,0.0,Cytosol,False,
cpd11912_c,tRNA(Glu)_C10H12N5O3R,1,0.0,Cytosol,False,
cpd11582_c,ala-L-Thr-L_C7H14N2O4,1,0.0,Cytosol,False,
cpd11582_e,ala-L-Thr-L_C7H14N2O4,1,0.0,Extracellular,False,
cpd00646_c,4-Nitrophenol_C6H5NO3,1,0.0,Cytosol,False,
cpd03696_c,Arbutin_C12H16O7,0,0.0,Cytosol,False,
cpd01030_c,Salicin_C13H18O7,0,0.0,Cytosol,False,
cpd00276_c,D-Glucosamine_C6H14NO5,0,0.0,Cytosol,False,
cpd11416_c,Biomass_,0,0.0,Cytosol,False,
cpd01171_c,Galactitol_C6H14O6,0,0.0,Cytosol,False,
cpd00314_c,Mannitol_C6H14O6,0,0.0,Cytosol,False,
